{"initial_reset_timestamp": 1619976337.4706783, "timestamps": [1619976339.371916, 1619976341.7918017, 1619976342.5844798, 1619976343.5281854, 1619976344.0200202, 1619976344.6352317, 1619976345.2552192, 1619976345.9048846, 1619976347.6604187, 1619976348.276461, 1619976349.090019, 1619976350.0234785, 1619976351.5337052, 1619976352.2184749, 1619976353.177486, 1619976353.8014688, 1619976354.4312394, 1619976355.0709512, 1619976355.5853786, 1619976356.2543006, 1619976357.0526345, 1619976357.6256168, 1619976358.2402697, 1619976359.3384326, 1619976359.9762642, 1619976360.6105237, 1619976361.2631772, 1619976363.208228, 1619976364.0065787, 1619976364.7133725, 1619976365.690445, 1619976366.8891463, 1619976367.4865594, 1619976368.522455, 1619976369.5597038, 1619976370.1647408, 1619976370.8277245, 1619976371.4643009, 1619976372.1264048, 1619976373.3781214, 1619976374.2973785, 1619976375.0126226, 1619976375.6116347, 1619976376.4274435, 1619976377.0210981, 1619976377.6458173, 1619976378.5134778, 1619976379.6120298, 1619976380.4360907, 1619976380.9385598], "episode_lengths": [506, 908, 633, 770, 398, 500, 503, 532, 397, 488, 666, 771, 1288, 563, 789, 507, 512, 526, 418, 544, 655, 465, 506, 907, 520, 515, 524, 520, 627, 567, 792, 962, 474, 836, 831, 478, 526, 503, 521, 1020, 735, 572, 477, 650, 468, 495, 702, 900, 657, 398], "episode_rewards": [185.0, 260.0, 240.0, 260.0, 135.0, 190.0, 175.0, 215.0, 135.0, 125.0, 375.0, 215.0, 775.0, 480.0, 275.0, 190.0, 135.0, 150.0, 145.0, 190.0, 130.0, 100.0, 130.0, 255.0, 120.0, 200.0, 145.0, 160.0, 230.0, 185.0, 245.0, 515.0, 165.0, 265.0, 405.0, 155.0, 205.0, 145.0, 175.0, 480.0, 245.0, 195.0, 170.0, 145.0, 145.0, 180.0, 255.0, 430.0, 155.0, 150.0], "episode_types": ["t", "t", "t", "t", "t", "t", "t", "t", "t", "t", "t", "t", "t", "t", "t", "t", "t", "t", "t", "t", "t", "t", "t", "t", "t", "t", "t", "t", "t", "t", "t", "t", "t", "t", "t", "t", "t", "t", "t", "t", "t", "t", "t", "t", "t", "t", "t", "t", "t", "t", "t"]}