{"initial_reset_timestamp": 1619975856.8388312, "timestamps": [1619975859.0371249, 1619975861.2131217, 1619975862.1608288, 1619975863.6214597, 1619975864.2492507, 1619975864.9514806, 1619975866.4795146, 1619975867.4356153, 1619975870.8890495, 1619975871.643359, 1619975872.5249677, 1619975873.2564542, 1619975874.3182814, 1619975875.8311884, 1619975876.8593628, 1619975877.4091773, 1619975878.4667609, 1619975879.0699093, 1619975879.5516758, 1619975880.587594, 1619975881.4934256, 1619975882.376358, 1619975883.2408168, 1619975883.861858, 1619975884.651171, 1619975886.4809868, 1619975887.111522, 1619975889.303407, 1619975889.9604263, 1619975890.7245278, 1619975891.9594686, 1619975892.7085724, 1619975893.3526638, 1619975893.9192753, 1619975894.559162, 1619975895.3943224, 1619975896.2485473, 1619975896.8998592, 1619975897.7410972, 1619975898.851272, 1619975899.7300563, 1619975901.2271624, 1619975901.8762488, 1619975902.5687075, 1619975903.1432216, 1619975904.4436064, 1619975905.3451316, 1619975905.8604765, 1619975906.74462, 1619975908.0104635], "episode_lengths": [574, 547, 552, 877, 374, 419, 928, 575, 1325, 438, 530, 437, 641, 924, 628, 329, 638, 360, 288, 636, 553, 543, 529, 379, 485, 1151, 380, 589, 381, 462, 757, 460, 393, 344, 389, 509, 523, 399, 516, 682, 535, 925, 395, 422, 348, 797, 550, 309, 539, 779], "episode_rewards": [160.0, 155.0, 180.0, 315.0, 70.0, 80.0, 340.0, 185.0, 565.0, 80.0, 210.0, 110.0, 210.0, 315.0, 225.0, 65.0, 210.0, 50.0, 120.0, 210.0, 155.0, 135.0, 180.0, 140.0, 100.0, 695.0, 55.0, 225.0, 95.0, 140.0, 155.0, 155.0, 155.0, 90.0, 185.0, 155.0, 210.0, 90.0, 210.0, 275.0, 160.0, 565.0, 80.0, 125.0, 80.0, 380.0, 155.0, 105.0, 125.0, 380.0], "episode_types": ["t", "t", "t", "t", "t", "t", "t", "t", "t", "t", "t", "t", "t", "t", "t", "t", "t", "t", "t", "t", "t", "t", "t", "t", "t", "t", "t", "t", "t", "t", "t", "t", "t", "t", "t", "t", "t", "t", "t", "t", "t", "t", "t", "t", "t", "t", "t", "t", "t", "t", "t"]}