{"initial_reset_timestamp": 1619989058.7341104, "timestamps": [1619989061.4062357, 1619989064.4891818, 1619989065.9859753, 1619989067.2927961, 1619989068.6079977, 1619989070.1071877, 1619989071.4354537, 1619989072.6792054, 1619989075.4086268, 1619989076.903149, 1619989078.1823885, 1619989079.5676057, 1619989081.2307153, 1619989082.49425, 1619989084.1710384, 1619989085.376128, 1619989086.297948, 1619989088.6887314, 1619989089.8212097, 1619989091.3965468, 1619989092.8236957, 1619989094.1291254, 1619989095.4610186, 1619989096.871922, 1619989098.0674508, 1619989099.0995328, 1619989100.233136, 1619989103.2287498, 1619989104.7526891, 1619989106.229174, 1619989107.572021, 1619989110.2374146, 1619989111.4413443, 1619989113.4841323, 1619989115.5334182, 1619989116.7949889, 1619989118.1788282, 1619989119.6260746, 1619989120.5095072, 1619989121.791422, 1619989123.2194355, 1619989124.6765625, 1619989125.9823883, 1619989127.4310653, 1619989128.8881505, 1619989130.2370663, 1619989131.6797268, 1619989133.2390106, 1619989135.0380487, 1619989136.3859582], "episode_lengths": [814, 1048, 915, 809, 820, 934, 830, 771, 822, 908, 790, 868, 1028, 793, 1048, 752, 558, 1490, 686, 989, 894, 804, 828, 885, 739, 628, 697, 982, 938, 909, 831, 1655, 745, 988, 954, 834, 925, 959, 569, 851, 944, 937, 856, 916, 930, 855, 935, 1011, 1154, 849], "episode_rewards": [495.0, 600.0, 600.0, 550.0, 570.0, 605.0, 515.0, 720.0, 505.0, 525.0, 675.0, 775.0, 935.0, 570.0, 725.0, 540.0, 375.0, 1130.0, 325.0, 1005.0, 490.0, 550.0, 515.0, 600.0, 485.0, 345.0, 370.0, 575.0, 495.0, 775.0, 725.0, 1220.0, 725.0, 525.0, 945.0, 470.0, 545.0, 545.0, 575.0, 520.0, 570.0, 745.0, 605.0, 570.0, 1000.0, 575.0, 745.0, 800.0, 570.0, 495.0], "episode_types": ["t", "t", "t", "t", "t", "t", "t", "t", "t", "t", "t", "t", "t", "t", "t", "t", "t", "t", "t", "t", "t", "t", "t", "t", "t", "t", "t", "t", "t", "t", "t", "t", "t", "t", "t", "t", "t", "t", "t", "t", "t", "t", "t", "t", "t", "t", "t", "t", "t", "t", "t"]}