{"initial_reset_timestamp": 1619980094.4648943, "timestamps": [1619980096.2908678, 1619980098.5445955, 1619980099.70454, 1619980100.3146772, 1619980100.8164487, 1619980101.6967492, 1619980102.3774664, 1619980103.239906, 1619980105.1392477, 1619980105.977712, 1619980106.4487941, 1619980107.3063133, 1619980108.1650445, 1619980108.766338, 1619980109.3933187, 1619980109.7637904, 1619980110.6620698, 1619980111.0303981, 1619980111.6266768, 1619980112.1099968, 1619980112.9762964, 1619980113.6130538, 1619980114.464259, 1619980114.9289453, 1619980115.912727, 1619980116.7651923, 1619980117.14203, 1619980118.9410102, 1619980119.5601263, 1619980120.185142, 1619980120.6660182, 1619980121.279597, 1619980122.1300638, 1619980122.972901, 1619980123.580876, 1619980124.2035575, 1619980124.8506284, 1619980125.4565804, 1619980126.2108853, 1619980126.674015, 1619980127.1659873, 1619980128.0531313, 1619980128.6517506, 1619980129.250326, 1619980129.7165754, 1619980130.1129956, 1619980130.7618487, 1619980131.3674595, 1619980132.5184283, 1619980133.4686189], "episode_lengths": [406, 714, 902, 482, 394, 700, 540, 689, 470, 644, 370, 685, 688, 483, 503, 294, 724, 294, 480, 385, 699, 509, 687, 373, 797, 684, 301, 416, 474, 501, 381, 488, 682, 678, 485, 498, 517, 486, 541, 367, 393, 714, 480, 482, 373, 316, 518, 487, 944, 768], "episode_rewards": [30.0, 180.0, 225.0, 50.0, 35.0, 195.0, 70.0, 80.0, 60.0, 55.0, 35.0, 280.0, 70.0, 90.0, 85.0, 30.0, 155.0, 20.0, 85.0, 20.0, 50.0, 80.0, 90.0, 45.0, 130.0, 110.0, 50.0, 70.0, 25.0, 65.0, 20.0, 105.0, 320.0, 95.0, 90.0, 110.0, 130.0, 60.0, 50.0, 35.0, 65.0, 160.0, 80.0, 110.0, 35.0, 50.0, 35.0, 55.0, 355.0, 120.0], "episode_types": ["t", "t", "t", "t", "t", "t", "t", "t", "t", "t", "t", "t", "t", "t", "t", "t", "t", "t", "t", "t", "t", "t", "t", "t", "t", "t", "t", "t", "t", "t", "t", "t", "t", "t", "t", "t", "t", "t", "t", "t", "t", "t", "t", "t", "t", "t", "t", "t", "t", "t", "t"]}