{"initial_reset_timestamp": 1619968311.5957985, "timestamps": [1619968313.000798, 1619968314.259344, 1619968314.8804076, 1619968315.3706982, 1619968316.1097498, 1619968316.5418684, 1619968317.444752, 1619968318.0691957, 1619968319.4643729, 1619968319.9744484, 1619968320.868715, 1619968321.612437, 1619968322.331261, 1619968322.9735694, 1619968323.8249695, 1619968324.2444012, 1619968324.926938, 1619968325.4032671, 1619968325.9712377, 1619968326.4471052, 1619968327.0939393, 1619968327.5557067, 1619968328.1999972, 1619968329.1278248, 1619968329.816777, 1619968330.9172988, 1619968331.5606825, 1619968333.2516856, 1619968334.1480865, 1619968334.7396243, 1619968335.2490146, 1619968336.0918498, 1619968336.7637756, 1619968337.6749396, 1619968338.256379, 1619968339.1258585, 1619968339.7352643, 1619968340.3172572, 1619968341.0344243, 1619968341.6244802, 1619968342.4252427, 1619968343.0837207, 1619968343.5740442, 1619968344.3015735, 1619968344.8769784, 1619968345.4811282, 1619968346.136201, 1619968346.730801, 1619968347.4699194, 1619968348.06223], "episode_lengths": [511, 377, 475, 390, 606, 346, 732, 496, 497, 384, 611, 601, 581, 521, 698, 336, 557, 373, 457, 382, 527, 371, 526, 754, 563, 903, 521, 749, 718, 482, 410, 686, 553, 744, 469, 710, 490, 468, 579, 472, 647, 533, 397, 590, 467, 485, 534, 478, 595, 478], "episode_rewards": [170.0, 115.0, 120.0, 110.0, 210.0, 75.0, 195.0, 195.0, 170.0, 110.0, 135.0, 240.0, 140.0, 160.0, 465.0, 50.0, 260.0, 70.0, 175.0, 80.0, 190.0, 85.0, 120.0, 175.0, 270.0, 380.0, 165.0, 355.0, 435.0, 170.0, 80.0, 170.0, 215.0, 275.0, 115.0, 425.0, 205.0, 95.0, 270.0, 140.0, 165.0, 170.0, 65.0, 190.0, 95.0, 75.0, 185.0, 140.0, 130.0, 70.0], "episode_types": ["t", "t", "t", "t", "t", "t", "t", "t", "t", "t", "t", "t", "t", "t", "t", "t", "t", "t", "t", "t", "t", "t", "t", "t", "t", "t", "t", "t", "t", "t", "t", "t", "t", "t", "t", "t", "t", "t", "t", "t", "t", "t", "t", "t", "t", "t", "t", "t", "t", "t", "t"]}