{"initial_reset_timestamp": 1620020986.6668618, "timestamps": [1620020988.114419, 1620020989.5760918, 1620020990.2262216, 1620020990.846539, 1620020991.775937, 1620020992.4224076, 1620020993.266381, 1620020994.0608394, 1620020995.863564, 1620020996.8586893, 1620020998.0230281, 1620020999.0928795, 1620020999.7791069, 1620021000.1336436, 1620021000.7455888, 1620021001.564322, 1620021002.4773605, 1620021003.46964, 1620021004.427654, 1620021004.892273, 1620021005.4924154, 1620021005.803486, 1620021006.3681881, 1620021006.9997904, 1620021007.583408, 1620021008.5789967, 1620021009.211984, 1620021011.096712, 1620021011.4640388, 1620021012.1129856, 1620021012.840563, 1620021013.5971203, 1620021014.7407522, 1620021016.2016797, 1620021016.7876537, 1620021017.4466786, 1620021018.3613083, 1620021019.0570788, 1620021019.9515874, 1620021020.550237, 1620021020.921914, 1620021021.5301325, 1620021022.162346, 1620021023.0189946, 1620021023.6433694, 1620021024.32735, 1620021025.226452, 1620021025.9767623, 1620021026.726818, 1620021027.43738], "episode_lengths": [542, 542, 522, 523, 777, 515, 670, 650, 811, 811, 1014, 899, 538, 295, 528, 684, 749, 828, 767, 393, 506, 261, 478, 533, 492, 867, 531, 973, 287, 539, 608, 606, 933, 1263, 465, 514, 734, 506, 680, 478, 295, 486, 520, 699, 508, 542, 730, 601, 538, 517], "episode_rewards": [120.0, 90.0, 60.0, 85.0, 395.0, 120.0, 455.0, 105.0, 395.0, 360.0, 610.0, 465.0, 65.0, 30.0, 135.0, 180.0, 380.0, 320.0, 255.0, 45.0, 90.0, 45.0, 90.0, 65.0, 70.0, 320.0, 95.0, 400.0, 50.0, 95.0, 165.0, 95.0, 175.0, 755.0, 120.0, 115.0, 200.0, 90.0, 315.0, 50.0, 30.0, 45.0, 145.0, 130.0, 75.0, 295.0, 345.0, 145.0, 65.0, 65.0], "episode_types": ["t", "t", "t", "t", "t", "t", "t", "t", "t", "t", "t", "t", "t", "t", "t", "t", "t", "t", "t", "t", "t", "t", "t", "t", "t", "t", "t", "t", "t", "t", "t", "t", "t", "t", "t", "t", "t", "t", "t", "t", "t", "t", "t", "t", "t", "t", "t", "t", "t", "t", "t"]}