{"initial_reset_timestamp": 1620021637.897818, "timestamps": [1620021640.462958, 1620021642.5499895, 1620021643.96097, 1620021645.2255762, 1620021646.4671068, 1620021647.3577747, 1620021648.7906044, 1620021650.009623, 1620021651.714751, 1620021652.9055884, 1620021654.0390546, 1620021655.198687, 1620021656.3745744, 1620021657.5246825, 1620021659.0347896, 1620021660.2794878, 1620021661.4130352, 1620021662.7075405, 1620021663.8513618, 1620021664.8213863, 1620021666.1493187, 1620021668.0074122, 1620021669.1181145, 1620021670.2896614, 1620021671.4206922, 1620021672.6213474, 1620021673.954156, 1620021675.8061576, 1620021677.0063515, 1620021678.1297371, 1620021679.2701776, 1620021680.4267175, 1620021681.1773355, 1620021682.9920208, 1620021684.8156896, 1620021685.9901783, 1620021687.9533093, 1620021689.1329792, 1620021690.2804933, 1620021692.0361362, 1620021693.3226354, 1620021694.7520258, 1620021695.8796196, 1620021697.0394022, 1620021698.237335, 1620021699.4054413, 1620021700.5379233, 1620021702.3513048, 1620021703.5211208, 1620021704.659138], "episode_lengths": [972, 733, 748, 676, 629, 467, 747, 658, 505, 620, 607, 612, 607, 607, 797, 651, 593, 676, 601, 506, 654, 999, 602, 638, 608, 647, 688, 594, 626, 602, 607, 600, 394, 990, 1007, 634, 1075, 606, 606, 943, 692, 770, 606, 604, 645, 630, 610, 957, 626, 615], "episode_rewards": [770.0, 325.0, 320.0, 290.0, 230.0, 180.0, 380.0, 310.0, 210.0, 295.0, 240.0, 445.0, 240.0, 240.0, 340.0, 275.0, 255.0, 310.0, 265.0, 180.0, 490.0, 370.0, 285.0, 240.0, 215.0, 210.0, 270.0, 260.0, 240.0, 210.0, 260.0, 410.0, 210.0, 420.0, 430.0, 275.0, 665.0, 415.0, 290.0, 210.0, 485.0, 365.0, 240.0, 240.0, 325.0, 440.0, 235.0, 360.0, 240.0, 225.0], "episode_types": ["t", "t", "t", "t", "t", "t", "t", "t", "t", "t", "t", "t", "t", "t", "t", "t", "t", "t", "t", "t", "t", "t", "t", "t", "t", "t", "t", "t", "t", "t", "t", "t", "t", "t", "t", "t", "t", "t", "t", "t", "t", "t", "t", "t", "t", "t", "t", "t", "t", "t", "t"]}