{"initial_reset_timestamp": 1620002510.5417502, "timestamps": [1620002514.358607, 1620002516.9519577, 1620002518.1541924, 1620002519.2564964, 1620002521.2520094, 1620002522.30509, 1620002523.3976884, 1620002525.5652657, 1620002528.1499138, 1620002529.5313354, 1620002531.46035, 1620002533.6853132, 1620002535.6460629, 1620002536.7073295, 1620002537.6810212, 1620002541.3250363, 1620002542.284696, 1620002543.3446891, 1620002545.8308592, 1620002547.7721272, 1620002548.8704937, 1620002549.8976352, 1620002551.082076, 1620002553.2816725, 1620002556.4015071, 1620002557.5523868, 1620002559.6456482, 1620002563.772722, 1620002565.799109, 1620002568.0378764, 1620002569.3813827, 1620002570.3547668, 1620002572.5955815, 1620002573.742414, 1620002575.5711684, 1620002576.5186877, 1620002577.5131714, 1620002578.5337503, 1620002580.8667827, 1620002581.8793406, 1620002582.9131436, 1620002583.888281, 1620002585.9064748, 1620002586.9515314, 1620002589.3681438, 1620002591.78076, 1620002593.9989276, 1620002596.8603287, 1620002598.0806346, 1620002600.4834337], "episode_lengths": [1726, 875, 833, 784, 1421, 752, 766, 1551, 882, 943, 1363, 1603, 1397, 747, 684, 2604, 679, 752, 1777, 1382, 781, 727, 845, 1580, 2233, 822, 1499, 1951, 1422, 1615, 956, 686, 1605, 809, 1307, 667, 698, 722, 1657, 716, 735, 690, 1451, 737, 1713, 1728, 1583, 2042, 870, 1720], "episode_rewards": [1235.0, 575.0, 575.0, 600.0, 1745.0, 600.0, 540.0, 1230.0, 600.0, 1000.0, 1205.0, 1230.0, 1200.0, 575.0, 575.0, 2620.0, 570.0, 600.0, 1200.0, 1205.0, 575.0, 540.0, 600.0, 1170.0, 1760.0, 570.0, 1205.0, 1430.0, 1575.0, 1230.0, 600.0, 740.0, 1115.0, 545.0, 1230.0, 545.0, 495.0, 540.0, 1300.0, 800.0, 540.0, 770.0, 1230.0, 600.0, 1100.0, 1230.0, 1155.0, 2375.0, 545.0, 1185.0], "episode_types": ["t", "t", "t", "t", "t", "t", "t", "t", "t", "t", "t", "t", "t", "t", "t", "t", "t", "t", "t", "t", "t", "t", "t", "t", "t", "t", "t", "t", "t", "t", "t", "t", "t", "t", "t", "t", "t", "t", "t", "t", "t", "t", "t", "t", "t", "t", "t", "t", "t", "t", "t"]}