{"initial_reset_timestamp": 1619981049.8032465, "timestamps": [1619981052.2009637, 1619981054.161595, 1619981055.1934817, 1619981056.1647363, 1619981056.656288, 1619981057.6704001, 1619981058.5602486, 1619981059.4361546, 1619981061.6986341, 1619981062.5351012, 1619981063.1927483, 1619981064.2835498, 1619981064.9222045, 1619981066.1174397, 1619981067.2092834, 1619981067.7838173, 1619981068.3977175, 1619981069.1123352, 1619981070.434479, 1619981071.55908, 1619981072.4157321, 1619981073.5877972, 1619981074.519936, 1619981075.4849951, 1619981076.1915321, 1619981077.0211313, 1619981078.07538, 1619981080.3022482, 1619981080.829395, 1619981081.8957522, 1619981083.1215615, 1619981084.309628, 1619981085.1981838, 1619981086.0324605, 1619981086.6681442, 1619981087.797926, 1619981088.5622935, 1619981089.3750277, 1619981090.242955, 1619981090.7405732, 1619981091.3538651, 1619981092.6821148, 1619981093.886955, 1619981095.2457519, 1619981095.8325233, 1619981096.2466612, 1619981097.5592568, 1619981098.7276208, 1619981099.4714117, 1619981100.1300359], "episode_lengths": [853, 518, 801, 776, 385, 810, 708, 701, 757, 648, 518, 863, 507, 978, 879, 454, 485, 570, 1087, 903, 687, 969, 754, 795, 566, 668, 858, 745, 400, 869, 1006, 989, 717, 678, 510, 927, 615, 656, 708, 398, 497, 906, 684, 841, 483, 341, 1112, 995, 605, 540], "episode_rewards": [465.0, 220.0, 225.0, 255.0, 45.0, 400.0, 175.0, 215.0, 200.0, 270.0, 160.0, 250.0, 220.0, 450.0, 385.0, 175.0, 125.0, 215.0, 655.0, 250.0, 175.0, 340.0, 275.0, 355.0, 200.0, 295.0, 260.0, 560.0, 110.0, 365.0, 325.0, 470.0, 230.0, 255.0, 240.0, 495.0, 230.0, 225.0, 265.0, 110.0, 215.0, 330.0, 255.0, 245.0, 155.0, 145.0, 390.0, 775.0, 225.0, 165.0], "episode_types": ["t", "t", "t", "t", "t", "t", "t", "t", "t", "t", "t", "t", "t", "t", "t", "t", "t", "t", "t", "t", "t", "t", "t", "t", "t", "t", "t", "t", "t", "t", "t", "t", "t", "t", "t", "t", "t", "t", "t", "t", "t", "t", "t", "t", "t", "t", "t", "t", "t", "t", "t"]}