{"initial_reset_timestamp": 1619973104.1273952, "timestamps": [1619973105.1108894, 1619973106.5238771, 1619973107.4784567, 1619973107.8436441, 1619973108.941564, 1619973110.0045464, 1619973110.9537823, 1619973111.5653465, 1619973112.147112, 1619973113.2459564, 1619973114.1671627, 1619973114.8193674, 1619973115.466388, 1619973116.1683753, 1619973116.7546656, 1619973117.5230732, 1619973118.6905482, 1619973119.2159889, 1619973120.0780056, 1619973121.1716733, 1619973121.948103, 1619973122.2961378, 1619973122.6588912, 1619973123.5217862, 1619973124.4343848, 1619973125.0966165, 1619973125.7157636, 1619973126.6653712, 1619973127.7495365, 1619973128.8039005, 1619973129.672639, 1619973130.7474437, 1619973131.4965076, 1619973132.0919442, 1619973132.5403712, 1619973133.1061084, 1619973133.4964669, 1619973133.8725927, 1619973134.2365973, 1619973135.4338741, 1619973136.4435728, 1619973137.2342236, 1619973138.4085436, 1619973138.9571474, 1619973139.5850966, 1619973140.076633, 1619973140.9792619, 1619973141.7180917, 1619973142.3570142, 1619973143.0156615], "episode_lengths": [568, 894, 755, 287, 888, 857, 770, 483, 265, 874, 744, 518, 520, 565, 465, 616, 956, 419, 696, 894, 619, 274, 287, 691, 736, 526, 497, 556, 861, 852, 705, 867, 603, 473, 357, 452, 307, 297, 287, 962, 809, 635, 974, 435, 495, 387, 732, 590, 510, 525], "episode_rewards": [190.0, 585.0, 290.0, 125.0, 260.0, 245.0, 235.0, 105.0, 50.0, 255.0, 260.0, 210.0, 195.0, 320.0, 100.0, 270.0, 375.0, 110.0, 255.0, 335.0, 165.0, 100.0, 80.0, 255.0, 290.0, 135.0, 200.0, 130.0, 285.0, 565.0, 290.0, 170.0, 270.0, 90.0, 145.0, 210.0, 60.0, 95.0, 80.0, 265.0, 435.0, 215.0, 410.0, 55.0, 210.0, 180.0, 300.0, 125.0, 160.0, 125.0], "episode_types": ["t", "t", "t", "t", "t", "t", "t", "t", "t", "t", "t", "t", "t", "t", "t", "t", "t", "t", "t", "t", "t", "t", "t", "t", "t", "t", "t", "t", "t", "t", "t", "t", "t", "t", "t", "t", "t", "t", "t", "t", "t", "t", "t", "t", "t", "t", "t", "t", "t", "t", "t"]}