{"initial_reset_timestamp": 1619970113.5513089, "timestamps": [1619970115.1927824, 1619970117.2790275, 1619970118.219213, 1619970119.0130804, 1619970120.040539, 1619970120.7982607, 1619970121.932805, 1619970122.2788892, 1619970124.1891549, 1619970124.9756284, 1619970125.6765513, 1619970126.4908624, 1619970126.8771613, 1619970127.4845788, 1619970128.3155615, 1619970128.9296694, 1619970129.9981244, 1619970130.7116103, 1619970131.47609, 1619970132.290174, 1619970133.415996, 1619970134.0773294, 1619970134.8628833, 1619970135.6303034, 1619970136.247404, 1619970137.35322, 1619970137.9506817, 1619970140.380007, 1619970141.2194664, 1619970142.0588624, 1619970142.80013, 1619970143.4396448, 1619970144.3446803, 1619970145.0915022, 1619970146.235161, 1619970147.0980418, 1619970147.6976757, 1619970148.1664264, 1619970148.9535577, 1619970150.13007, 1619970151.2375453, 1619970151.856367, 1619970152.5821085, 1619970153.4377725, 1619970154.057098, 1619970154.7879121, 1619970155.6073468, 1619970156.5820262, 1619970157.8155794, 1619970158.4449627], "episode_lengths": [273, 603, 727, 619, 810, 601, 900, 273, 505, 621, 573, 661, 310, 490, 661, 483, 875, 578, 604, 643, 889, 522, 624, 602, 487, 888, 473, 844, 636, 679, 597, 512, 723, 593, 924, 698, 478, 376, 640, 971, 915, 506, 595, 677, 500, 597, 677, 798, 1032, 513], "episode_rewards": [35.0, 185.0, 260.0, 80.0, 170.0, 185.0, 340.0, 40.0, 170.0, 235.0, 125.0, 265.0, 25.0, 180.0, 195.0, 140.0, 105.0, 160.0, 185.0, 180.0, 175.0, 90.0, 135.0, 175.0, 140.0, 315.0, 65.0, 145.0, 190.0, 325.0, 240.0, 120.0, 130.0, 185.0, 605.0, 260.0, 100.0, 60.0, 195.0, 340.0, 340.0, 165.0, 120.0, 175.0, 120.0, 135.0, 370.0, 230.0, 295.0, 110.0], "episode_types": ["t", "t", "t", "t", "t", "t", "t", "t", "t", "t", "t", "t", "t", "t", "t", "t", "t", "t", "t", "t", "t", "t", "t", "t", "t", "t", "t", "t", "t", "t", "t", "t", "t", "t", "t", "t", "t", "t", "t", "t", "t", "t", "t", "t", "t", "t", "t", "t", "t", "t", "t"]}