{"initial_reset_timestamp": 1619972435.0134375, "timestamps": [1619972436.6222954, 1619972438.264003, 1619972438.9332345, 1619972439.5460331, 1619972440.136106, 1619972440.7718585, 1619972441.5336237, 1619972442.805015, 1619972444.8321059, 1619972445.499097, 1619972446.1221044, 1619972447.0208738, 1619972447.6657193, 1619972448.074815, 1619972449.6597555, 1619972450.1200662, 1619972451.82675, 1619972452.5927098, 1619972453.345274, 1619972453.997796, 1619972454.619528, 1619972455.0843914, 1619972455.4938643, 1619972456.263379, 1619972456.621321, 1619972457.0624094, 1619972458.3325214, 1619972459.9430232, 1619972460.8786762, 1619972461.4805849, 1619972462.339729, 1619972462.9831028, 1619972463.7228086, 1619972464.3524585, 1619972465.0875397, 1619972465.8581038, 1619972466.6407268, 1619972467.086114, 1619972467.6892705, 1619972468.5447588, 1619972469.323243, 1619972470.8203664, 1619972471.4422219, 1619972472.2771993, 1619972472.8813136, 1619972473.477211, 1619972474.7616801, 1619972475.3926413, 1619972476.018834, 1619972476.7949433], "episode_lengths": [286, 280, 526, 497, 480, 518, 621, 1053, 605, 522, 512, 738, 528, 331, 1330, 374, 1434, 630, 614, 537, 509, 378, 333, 632, 293, 357, 1054, 286, 742, 488, 692, 523, 604, 512, 598, 630, 641, 360, 489, 696, 637, 1253, 506, 680, 490, 486, 1047, 515, 510, 636], "episode_rewards": [30.0, 20.0, 75.0, 75.0, 95.0, 135.0, 110.0, 415.0, 135.0, 80.0, 100.0, 145.0, 90.0, 45.0, 290.0, 90.0, 440.0, 215.0, 155.0, 85.0, 90.0, 65.0, 35.0, 135.0, 30.0, 75.0, 210.0, 30.0, 215.0, 95.0, 135.0, 60.0, 180.0, 120.0, 110.0, 155.0, 155.0, 60.0, 135.0, 155.0, 185.0, 315.0, 95.0, 310.0, 120.0, 150.0, 210.0, 135.0, 120.0, 155.0], "episode_types": ["t", "t", "t", "t", "t", "t", "t", "t", "t", "t", "t", "t", "t", "t", "t", "t", "t", "t", "t", "t", "t", "t", "t", "t", "t", "t", "t", "t", "t", "t", "t", "t", "t", "t", "t", "t", "t", "t", "t", "t", "t", "t", "t", "t", "t", "t", "t", "t", "t", "t", "t"]}