{"initial_reset_timestamp": 1619993557.258625, "timestamps": [1619993559.814311, 1619993565.5372736, 1619993567.6318421, 1619993570.226112, 1619993572.837426, 1619993573.7276647, 1619993574.9113603, 1619993577.2295864, 1619993579.7146342, 1619993580.7401493, 1619993582.9002259, 1619993583.9949944, 1619993585.4004886, 1619993586.3975997, 1619993587.5510056, 1619993590.147676, 1619993591.1834586, 1619993592.3724408, 1619993593.4318998, 1619993595.8928607, 1619993597.067727, 1619993598.3607233, 1619993599.4585812, 1619993600.4735794, 1619993601.6474228, 1619993604.0710804, 1619993606.6867576, 1619993609.1394627, 1619993610.2693443, 1619993611.342002, 1619993612.196327, 1619993613.1082528, 1619993614.3459487, 1619993617.104625, 1619993618.3428445, 1619993620.936227, 1619993621.955527, 1619993623.0201151, 1619993624.165467, 1619993625.3199146, 1619993627.2183068, 1619993629.1414685, 1619993630.2702765, 1619993632.6736038, 1619993635.0557716, 1619993636.312197, 1619993637.4427767, 1619993638.4612281, 1619993639.4722757, 1619993640.658893], "episode_lengths": [829, 3013, 1458, 1819, 1834, 620, 834, 1620, 800, 695, 1521, 770, 989, 699, 807, 1832, 722, 837, 742, 1739, 814, 912, 768, 706, 824, 1696, 1826, 762, 772, 755, 594, 633, 861, 1935, 879, 1822, 711, 746, 801, 807, 1328, 1356, 786, 1690, 1672, 893, 795, 719, 700, 830], "episode_rewards": [570.0, 2375.0, 1570.0, 1295.0, 1775.0, 600.0, 745.0, 1015.0, 605.0, 600.0, 1145.0, 575.0, 600.0, 575.0, 600.0, 1385.0, 600.0, 600.0, 575.0, 1375.0, 545.0, 600.0, 555.0, 770.0, 570.0, 1220.0, 1315.0, 605.0, 605.0, 605.0, 575.0, 550.0, 605.0, 1130.0, 600.0, 1375.0, 545.0, 600.0, 800.0, 545.0, 905.0, 1170.0, 575.0, 1295.0, 1210.0, 800.0, 600.0, 600.0, 605.0, 605.0], "episode_types": ["t", "t", "t", "t", "t", "t", "t", "t", "t", "t", "t", "t", "t", "t", "t", "t", "t", "t", "t", "t", "t", "t", "t", "t", "t", "t", "t", "t", "t", "t", "t", "t", "t", "t", "t", "t", "t", "t", "t", "t", "t", "t", "t", "t", "t", "t", "t", "t", "t", "t", "t"]}