{"initial_reset_timestamp": 1619973028.6176326, "timestamps": [1619973030.7385778, 1619973032.6854763, 1619973033.3336747, 1619973034.0164468, 1619973034.95858, 1619973036.3958113, 1619973037.6780157, 1619973038.2939212, 1619973039.8713043, 1619973040.8916345, 1619973041.6391606, 1619973042.4903917, 1619973042.8988085, 1619973043.5558534, 1619973044.3867428, 1619973044.7049408, 1619973045.5495152, 1619973046.173189, 1619973046.7850566, 1619973047.3363607, 1619973048.3496034, 1619973049.4212446, 1619973050.6320164, 1619973051.2220142, 1619973052.362969, 1619973053.7982612, 1619973054.5579848, 1619973057.0695918, 1619973057.7097325, 1619973058.8556738, 1619973059.7358923, 1619973060.625156, 1619973061.5398436, 1619973062.8142424, 1619973063.3973024, 1619973063.7375524, 1619973064.9886014, 1619973065.713138, 1619973066.0393007, 1619973066.821164, 1619973067.4265542, 1619973068.4416149, 1619973069.403556, 1619973070.5532284, 1619973071.1172805, 1619973071.9723387, 1619973072.9363558, 1619973073.5004992, 1619973073.8777044, 1619973074.4988658], "episode_lengths": [675, 544, 504, 557, 761, 1213, 1072, 502, 264, 832, 606, 699, 331, 534, 685, 255, 695, 508, 495, 447, 842, 886, 1011, 477, 950, 1209, 619, 1027, 497, 941, 724, 731, 749, 1053, 472, 274, 1054, 594, 264, 636, 490, 833, 795, 957, 461, 686, 787, 460, 307, 503], "episode_rewards": [145.0, 210.0, 140.0, 200.0, 355.0, 450.0, 295.0, 100.0, 50.0, 350.0, 135.0, 595.0, 45.0, 115.0, 340.0, 70.0, 270.0, 170.0, 115.0, 205.0, 310.0, 330.0, 640.0, 100.0, 335.0, 335.0, 310.0, 340.0, 180.0, 245.0, 335.0, 380.0, 225.0, 440.0, 115.0, 45.0, 905.0, 280.0, 50.0, 235.0, 205.0, 235.0, 220.0, 380.0, 200.0, 220.0, 200.0, 150.0, 70.0, 145.0], "episode_types": ["t", "t", "t", "t", "t", "t", "t", "t", "t", "t", "t", "t", "t", "t", "t", "t", "t", "t", "t", "t", "t", "t", "t", "t", "t", "t", "t", "t", "t", "t", "t", "t", "t", "t", "t", "t", "t", "t", "t", "t", "t", "t", "t", "t", "t", "t", "t", "t", "t", "t", "t"]}