{"initial_reset_timestamp": 1619983796.422764, "timestamps": [1619983798.2388506, 1619983800.1010501, 1619983801.0596106, 1619983801.9037488, 1619983802.8308833, 1619983803.6405654, 1619983804.4261167, 1619983805.2312658, 1619983807.0687125, 1619983808.0233538, 1619983808.8630736, 1619983810.3391001, 1619983811.1142411, 1619983811.904456, 1619983812.8131194, 1619983813.6006033, 1619983814.359286, 1619983815.2544796, 1619983815.9851463, 1619983816.7213964, 1619983817.5435863, 1619983818.4761016, 1619983819.2974932, 1619983820.094124, 1619983820.9010248, 1619983821.7218833, 1619983822.477151, 1619983824.2530224, 1619983825.0829322, 1619983825.8823414, 1619983826.651253, 1619983827.4484434, 1619983828.2063546, 1619983829.1488483, 1619983830.0531924, 1619983830.8558354, 1619983831.802194, 1619983832.5570097, 1619983833.336292, 1619983834.2410598, 1619983835.2381423, 1619983836.0144866, 1619983836.9272728, 1619983837.7238698, 1619983838.634139, 1619983839.246969, 1619983840.0780325, 1619983840.888796, 1619983841.6951587, 1619983842.4520886], "episode_lengths": [613, 667, 742, 667, 735, 637, 628, 636, 662, 740, 667, 1194, 609, 632, 735, 632, 602, 724, 582, 589, 667, 763, 667, 638, 639, 658, 612, 615, 637, 637, 613, 634, 596, 751, 720, 642, 752, 608, 623, 724, 804, 621, 729, 632, 731, 489, 659, 653, 639, 602], "episode_rewards": [180.0, 180.0, 260.0, 180.0, 240.0, 180.0, 210.0, 210.0, 160.0, 260.0, 180.0, 585.0, 180.0, 410.0, 240.0, 210.0, 155.0, 240.0, 135.0, 135.0, 180.0, 225.0, 180.0, 210.0, 155.0, 155.0, 180.0, 180.0, 155.0, 210.0, 180.0, 210.0, 135.0, 425.0, 240.0, 210.0, 460.0, 380.0, 210.0, 285.0, 305.0, 210.0, 225.0, 210.0, 425.0, 105.0, 155.0, 180.0, 210.0, 210.0], "episode_types": ["t", "t", "t", "t", "t", "t", "t", "t", "t", "t", "t", "t", "t", "t", "t", "t", "t", "t", "t", "t", "t", "t", "t", "t", "t", "t", "t", "t", "t", "t", "t", "t", "t", "t", "t", "t", "t", "t", "t", "t", "t", "t", "t", "t", "t", "t", "t", "t", "t", "t", "t"]}