{"initial_reset_timestamp": 1620019892.2254763, "timestamps": [1620019893.170341, 1620019893.7686374, 1620019894.4699323, 1620019895.0647664, 1620019895.6525514, 1620019896.2514625, 1620019896.5717144, 1620019897.0639145, 1620019897.578051, 1620019898.1245937, 1620019898.6930447, 1620019899.29578, 1620019900.0732393, 1620019900.6802459, 1620019901.609685, 1620019902.2158077, 1620019903.022378, 1620019903.8549104, 1620019904.5516508, 1620019905.0865483, 1620019905.6810632, 1620019906.173297, 1620019906.9817805, 1620019907.5496125, 1620019908.6452239, 1620019909.158271, 1620019909.8578281, 1620019910.4036734, 1620019911.2570243, 1620019911.7899988, 1620019912.6602166, 1620019913.2200909, 1620019913.7906165, 1620019914.511652, 1620019915.1045048, 1620019915.7365677, 1620019916.828464, 1620019917.775238, 1620019918.4800377, 1620019919.5316467, 1620019920.129299, 1620019920.4703696, 1620019920.8411903, 1620019921.5003781, 1620019922.4450061, 1620019923.0544934, 1620019923.6658154, 1620019924.3708944, 1620019925.0412312, 1620019926.015814], "episode_lengths": [599, 281, 578, 504, 497, 517, 265, 411, 255, 453, 482, 509, 669, 516, 803, 513, 687, 709, 594, 450, 501, 414, 687, 483, 953, 434, 594, 268, 723, 462, 753, 478, 483, 626, 515, 548, 971, 831, 610, 923, 510, 282, 291, 520, 809, 526, 481, 529, 580, 842], "episode_rewards": [410.0, 105.0, 290.0, 185.0, 150.0, 185.0, 50.0, 65.0, 35.0, 110.0, 60.0, 160.0, 140.0, 125.0, 260.0, 180.0, 255.0, 225.0, 255.0, 115.0, 160.0, 65.0, 240.0, 160.0, 365.0, 225.0, 210.0, 50.0, 200.0, 85.0, 270.0, 185.0, 115.0, 215.0, 210.0, 215.0, 395.0, 550.0, 180.0, 420.0, 140.0, 120.0, 65.0, 210.0, 520.0, 185.0, 185.0, 110.0, 200.0, 390.0], "episode_types": ["t", "t", "t", "t", "t", "t", "t", "t", "t", "t", "t", "t", "t", "t", "t", "t", "t", "t", "t", "t", "t", "t", "t", "t", "t", "t", "t", "t", "t", "t", "t", "t", "t", "t", "t", "t", "t", "t", "t", "t", "t", "t", "t", "t", "t", "t", "t", "t", "t", "t", "t"]}