{"initial_reset_timestamp": 1619967202.2838824, "timestamps": [1619967203.2874243, 1619967203.9140198, 1619967204.614774, 1619967205.2158093, 1619967205.8195224, 1619967206.4293048, 1619967206.7625089, 1619967207.2648222, 1619967207.8198726, 1619967208.383303, 1619967208.9557521, 1619967209.5573232, 1619967210.3489037, 1619967210.9659836, 1619967211.9412324, 1619967212.5731905, 1619967213.3851314, 1619967214.2375367, 1619967214.9491377, 1619967215.5041485, 1619967216.1218932, 1619967216.6208756, 1619967217.4441662, 1619967218.0287724, 1619967219.1491559, 1619967219.6835525, 1619967220.4112914, 1619967220.9535053, 1619967221.8107839, 1619967222.3625433, 1619967223.235987, 1619967223.8021595, 1619967224.3753448, 1619967225.1140769, 1619967225.7186222, 1619967226.3727708, 1619967227.515809, 1619967228.495523, 1619967229.2186193, 1619967230.3018801, 1619967230.9132304, 1619967231.2612069, 1619967231.6098802, 1619967232.2392526, 1619967233.1922827, 1619967233.8235638, 1619967234.4040468, 1619967235.0321164, 1619967235.7308762, 1619967236.6969237], "episode_lengths": [599, 281, 578, 504, 497, 517, 265, 411, 255, 453, 482, 509, 669, 516, 803, 513, 687, 709, 594, 450, 501, 414, 687, 483, 953, 434, 594, 268, 723, 462, 753, 478, 483, 626, 515, 548, 971, 831, 610, 923, 510, 282, 291, 520, 809, 526, 481, 529, 580, 842], "episode_rewards": [410.0, 105.0, 290.0, 185.0, 150.0, 185.0, 50.0, 65.0, 35.0, 110.0, 60.0, 160.0, 140.0, 125.0, 260.0, 180.0, 255.0, 225.0, 255.0, 115.0, 160.0, 65.0, 240.0, 160.0, 365.0, 225.0, 210.0, 50.0, 200.0, 85.0, 270.0, 185.0, 115.0, 215.0, 210.0, 215.0, 395.0, 550.0, 180.0, 420.0, 140.0, 120.0, 65.0, 210.0, 520.0, 185.0, 185.0, 110.0, 200.0, 390.0], "episode_types": ["t", "t", "t", "t", "t", "t", "t", "t", "t", "t", "t", "t", "t", "t", "t", "t", "t", "t", "t", "t", "t", "t", "t", "t", "t", "t", "t", "t", "t", "t", "t", "t", "t", "t", "t", "t", "t", "t", "t", "t", "t", "t", "t", "t", "t", "t", "t", "t", "t", "t", "t"]}