{"initial_reset_timestamp": 1619980730.0799127, "timestamps": [1619980732.2724528, 1619980734.2277544, 1619980735.2064712, 1619980736.0104613, 1619980736.8925884, 1619980737.7260106, 1619980738.5431767, 1619980739.372932, 1619980741.4937654, 1619980742.6249998, 1619980743.3843932, 1619980744.1612628, 1619980745.0007746, 1619980746.154351, 1619980746.9340105, 1619980747.7311487, 1619980748.7348237, 1619980749.642783, 1619980750.4035425, 1619980751.169224, 1619980751.9420793, 1619980753.0687149, 1619980753.9619632, 1619980754.685184, 1619980755.4938824, 1619980756.2768872, 1619980757.033294, 1619980759.165225, 1619980759.9615111, 1619980760.7300174, 1619980761.52595, 1619980762.5159826, 1619980763.1529756, 1619980763.8313785, 1619980764.6734822, 1619980765.5380023, 1619980766.326005, 1619980767.0800862, 1619980768.0847917, 1619980768.9861853, 1619980769.7813146, 1619980771.0797336, 1619980771.8774788, 1619980772.8403702, 1619980774.3363967, 1619980775.47428, 1619980776.779533, 1619980777.542285, 1619980778.533425, 1619980779.926337], "episode_lengths": [637, 487, 773, 638, 705, 661, 654, 664, 648, 896, 604, 623, 675, 928, 620, 638, 806, 731, 606, 614, 617, 914, 716, 580, 641, 627, 607, 624, 611, 608, 636, 797, 508, 539, 678, 696, 634, 603, 809, 720, 638, 1063, 638, 770, 1236, 932, 1065, 608, 798, 1130], "episode_rewards": [240.0, 130.0, 230.0, 155.0, 215.0, 145.0, 245.0, 280.0, 170.0, 300.0, 130.0, 410.0, 210.0, 225.0, 180.0, 155.0, 260.0, 200.0, 105.0, 170.0, 205.0, 345.0, 195.0, 120.0, 155.0, 210.0, 145.0, 175.0, 245.0, 165.0, 145.0, 190.0, 170.0, 110.0, 275.0, 230.0, 225.0, 175.0, 215.0, 180.0, 155.0, 550.0, 155.0, 245.0, 425.0, 410.0, 345.0, 165.0, 435.0, 215.0], "episode_types": ["t", "t", "t", "t", "t", "t", "t", "t", "t", "t", "t", "t", "t", "t", "t", "t", "t", "t", "t", "t", "t", "t", "t", "t", "t", "t", "t", "t", "t", "t", "t", "t", "t", "t", "t", "t", "t", "t", "t", "t", "t", "t", "t", "t", "t", "t", "t", "t", "t", "t", "t"]}