{"initial_reset_timestamp": 1619970693.7070944, "timestamps": [1619970695.4545288, 1619970697.1847441, 1619970697.8282657, 1619970698.6254766, 1619970699.4314606, 1619970700.055289, 1619970700.5330694, 1619970700.9290836, 1619970702.7968752, 1619970703.454598, 1619970704.1460238, 1619970704.4601693, 1619970705.14669, 1619970706.0358593, 1619970706.9440768, 1619970707.8167763, 1619970708.3286698, 1619970708.8915136, 1619970709.229113, 1619970709.5715938, 1619970710.3034256, 1619970711.1885111, 1619970711.9477627, 1619970712.3280547, 1619970712.80724, 1619970713.125555, 1619970713.8935401, 1619970715.9609108, 1619970716.3280787, 1619970716.8418722, 1619970717.1691072, 1619970717.6407297, 1619970718.289218, 1619970718.6916614, 1619970719.2069824, 1619970719.9793208, 1619970720.323266, 1619970720.9200819, 1619970721.517522, 1619970721.8888445, 1619970722.649717, 1619970723.378628, 1619970724.455258, 1619970724.9334395, 1619970725.7361743, 1619970726.085945, 1619970727.1175928, 1619970727.6393628, 1619970728.0181458, 1619970728.9036121], "episode_lengths": [403, 382, 500, 661, 661, 512, 386, 316, 502, 515, 564, 251, 554, 727, 748, 713, 418, 455, 275, 279, 600, 723, 627, 306, 390, 256, 623, 658, 278, 411, 260, 378, 522, 318, 420, 635, 275, 485, 489, 300, 617, 596, 897, 386, 664, 283, 864, 422, 306, 728], "episode_rewards": [105.0, 115.0, 185.0, 435.0, 245.0, 125.0, 65.0, 70.0, 150.0, 140.0, 135.0, 40.0, 150.0, 240.0, 500.0, 215.0, 125.0, 85.0, 75.0, 75.0, 185.0, 215.0, 225.0, 90.0, 150.0, 55.0, 260.0, 240.0, 75.0, 150.0, 30.0, 110.0, 105.0, 55.0, 75.0, 210.0, 75.0, 150.0, 215.0, 80.0, 210.0, 215.0, 550.0, 125.0, 505.0, 75.0, 405.0, 65.0, 90.0, 245.0], "episode_types": ["t", "t", "t", "t", "t", "t", "t", "t", "t", "t", "t", "t", "t", "t", "t", "t", "t", "t", "t", "t", "t", "t", "t", "t", "t", "t", "t", "t", "t", "t", "t", "t", "t", "t", "t", "t", "t", "t", "t", "t", "t", "t", "t", "t", "t", "t", "t", "t", "t", "t", "t"]}