{"initial_reset_timestamp": 1619985336.496362, "timestamps": [1619985338.299002, 1619985339.9283323, 1619985340.6957176, 1619985341.5711775, 1619985342.4637823, 1619985342.818371, 1619985343.582072, 1619985344.2112908, 1619985345.6911728, 1619985346.154276, 1619985346.6387622, 1619985347.2020278, 1619985347.7933283, 1619985348.1097796, 1619985349.2313275, 1619985350.2345676, 1619985350.7569816, 1619985351.4145958, 1619985351.764714, 1619985352.6616542, 1619985353.5184457, 1619985354.1716766, 1619985354.8131914, 1619985355.7112956, 1619985356.3629704, 1619985357.1440604, 1619985357.6551378, 1619985359.250655, 1619985360.1616125, 1619985361.0631673, 1619985361.527152, 1619985362.018579, 1619985362.6819296, 1619985363.0377598, 1619985363.3991442, 1619985364.1829607, 1619985364.6977158, 1619985365.3281946, 1619985365.9807806, 1619985366.8846838, 1619985367.2562716, 1619985367.9019084, 1619985368.262403, 1619985369.133254, 1619985370.0501475, 1619985370.6824648, 1619985371.429904, 1619985371.919985, 1619985372.5651863, 1619985373.3426151], "episode_lengths": [645, 515, 609, 697, 719, 283, 612, 510, 391, 342, 385, 444, 468, 256, 898, 808, 408, 522, 287, 721, 691, 523, 514, 727, 517, 629, 405, 474, 704, 720, 368, 387, 526, 281, 283, 627, 414, 502, 520, 723, 300, 519, 282, 712, 743, 503, 601, 386, 525, 626], "episode_rewards": [285.0, 110.0, 100.0, 180.0, 240.0, 25.0, 70.0, 155.0, 60.0, 60.0, 50.0, 55.0, 65.0, 10.0, 180.0, 215.0, 25.0, 145.0, 15.0, 110.0, 210.0, 145.0, 100.0, 220.0, 125.0, 180.0, 50.0, 70.0, 160.0, 170.0, 80.0, 50.0, 105.0, 35.0, 15.0, 100.0, 75.0, 165.0, 110.0, 190.0, 15.0, 125.0, 15.0, 90.0, 235.0, 110.0, 80.0, 35.0, 115.0, 140.0], "episode_types": ["t", "t", "t", "t", "t", "t", "t", "t", "t", "t", "t", "t", "t", "t", "t", "t", "t", "t", "t", "t", "t", "t", "t", "t", "t", "t", "t", "t", "t", "t", "t", "t", "t", "t", "t", "t", "t", "t", "t", "t", "t", "t", "t", "t", "t", "t", "t", "t", "t", "t", "t"]}