{"initial_reset_timestamp": 1619971273.7977843, "timestamps": [1619971275.882367, 1619971277.67185, 1619971278.3409657, 1619971278.9564884, 1619971279.972347, 1619971280.4315827, 1619971281.235565, 1619971281.848532, 1619971283.8404362, 1619971284.551934, 1619971285.0569465, 1619971285.5503242, 1619971286.1476, 1619971286.7287245, 1619971287.457837, 1619971287.8198018, 1619971288.4634135, 1619971288.9176912, 1619971289.5505116, 1619971290.048213, 1619971290.4052424, 1619971291.1137636, 1619971292.125185, 1619971292.696047, 1619971293.2272286, 1619971293.5957296, 1619971294.1967473, 1619971296.2451134, 1619971296.8560584, 1619971297.8000448, 1619971298.2645802, 1619971298.8753161, 1619971299.502837, 1619971300.6288042, 1619971301.2701344, 1619971301.8815253, 1619971302.4893603, 1619971303.4119189, 1619971303.7755702, 1619971304.4121277, 1619971304.8693151, 1619971305.33464, 1619971305.8508277, 1619971306.7600756, 1619971307.48925, 1619971307.9372826, 1619971308.4369504, 1619971308.93011, 1619971309.5168912, 1619971309.8806124], "episode_lengths": [637, 412, 522, 495, 827, 364, 653, 494, 592, 563, 404, 398, 481, 465, 592, 290, 524, 368, 507, 403, 287, 571, 832, 458, 432, 298, 488, 618, 470, 772, 370, 489, 509, 938, 521, 486, 494, 758, 290, 514, 368, 376, 413, 749, 591, 364, 402, 395, 476, 290], "episode_rewards": [260.0, 105.0, 155.0, 135.0, 335.0, 40.0, 235.0, 140.0, 195.0, 225.0, 85.0, 65.0, 155.0, 110.0, 140.0, 50.0, 160.0, 65.0, 140.0, 110.0, 65.0, 265.0, 470.0, 105.0, 120.0, 65.0, 155.0, 255.0, 115.0, 565.0, 55.0, 175.0, 145.0, 400.0, 180.0, 135.0, 120.0, 240.0, 50.0, 175.0, 65.0, 65.0, 85.0, 375.0, 155.0, 65.0, 110.0, 135.0, 210.0, 80.0], "episode_types": ["t", "t", "t", "t", "t", "t", "t", "t", "t", "t", "t", "t", "t", "t", "t", "t", "t", "t", "t", "t", "t", "t", "t", "t", "t", "t", "t", "t", "t", "t", "t", "t", "t", "t", "t", "t", "t", "t", "t", "t", "t", "t", "t", "t", "t", "t", "t", "t", "t", "t", "t"]}