{"initial_reset_timestamp": 1619976591.2873619, "timestamps": [1619976592.365884, 1619976593.3870735, 1619976593.9446611, 1619976594.5017848, 1619976595.5011783, 1619976596.336726, 1619976597.3155718, 1619976597.893903, 1619976599.314705, 1619976599.9043689, 1619976600.4981563, 1619976601.3617253, 1619976601.980909, 1619976602.9305701, 1619976603.2946084, 1619976604.1299262, 1619976604.688223, 1619976605.2278743, 1619976605.7973745, 1619976606.255594, 1619976606.7331014, 1619976607.0899484, 1619976607.7129948, 1619976608.2617633, 1619976608.8384807, 1619976609.296735, 1619976609.864876, 1619976611.1120253, 1619976611.5969374, 1619976611.9518878, 1619976612.5367548, 1619976613.1183703, 1619976613.8519561, 1619976614.3346345, 1619976614.8024957, 1619976615.1593106, 1619976615.7667756, 1619976616.233483, 1619976617.0341384, 1619976617.637454, 1619976618.4694574, 1619976619.306358, 1619976620.740863, 1619976621.230952, 1619976622.469571, 1619976622.932422, 1619976623.7571592, 1619976624.4385817, 1619976624.7925007, 1619976625.6362925], "episode_lengths": [419, 376, 447, 462, 846, 699, 821, 485, 715, 470, 491, 724, 514, 803, 303, 701, 464, 451, 476, 381, 398, 297, 516, 458, 481, 384, 478, 569, 378, 292, 477, 481, 608, 397, 383, 295, 500, 385, 666, 503, 697, 699, 1225, 409, 1049, 382, 688, 572, 288, 702], "episode_rewards": [25.0, 0.0, 25.0, 80.0, 210.0, 160.0, 165.0, 95.0, 125.0, 30.0, 95.0, 315.0, 80.0, 260.0, 15.0, 355.0, 110.0, 40.0, 90.0, 15.0, 40.0, 15.0, 85.0, 50.0, 100.0, 15.0, 55.0, 160.0, 35.0, 5.0, 60.0, 115.0, 245.0, 15.0, 15.0, 5.0, 95.0, 15.0, 385.0, 70.0, 190.0, 260.0, 390.0, 5.0, 260.0, 15.0, 90.0, 135.0, 5.0, 130.0], "episode_types": ["t", "t", "t", "t", "t", "t", "t", "t", "t", "t", "t", "t", "t", "t", "t", "t", "t", "t", "t", "t", "t", "t", "t", "t", "t", "t", "t", "t", "t", "t", "t", "t", "t", "t", "t", "t", "t", "t", "t", "t", "t", "t", "t", "t", "t", "t", "t", "t", "t", "t", "t"]}