{"initial_reset_timestamp": 1619969003.5528145, "timestamps": [1619969004.8159673, 1619969005.7652051, 1619969006.4095006, 1619969007.036604, 1619969007.8609955, 1619969008.630175, 1619969009.077181, 1619969009.6591694, 1619969010.2484498, 1619969010.8903167, 1619969011.5130613, 1619969012.5810702, 1619969013.32, 1619969013.8830426, 1619969014.8183126, 1619969015.9320703, 1619969016.2612872, 1619969016.958325, 1619969017.8536856, 1619969018.5601182, 1619969019.5355, 1619969019.9655714, 1619969020.7876112, 1619969021.457487, 1619969022.1750715, 1619969022.83768, 1619969023.4887555, 1619969024.502991, 1619969025.1829414, 1619969026.0347884, 1619969026.6424263, 1619969027.2727208, 1619969027.616488, 1619969028.333842, 1619969029.1095738, 1619969030.441776, 1619969031.5507848, 1619969032.2553842, 1619969032.988525, 1619969033.8440106, 1619969034.4431598, 1619969034.9628966, 1619969035.5586753, 1619969036.170481, 1619969036.5459213, 1619969037.6026514, 1619969037.9852204, 1619969038.5946612, 1619969038.938838, 1619969039.285065], "episode_lengths": [764, 511, 467, 503, 645, 617, 352, 461, 266, 494, 499, 837, 551, 441, 735, 872, 255, 527, 704, 556, 753, 341, 627, 505, 575, 509, 519, 555, 478, 668, 462, 481, 266, 572, 597, 1062, 896, 563, 594, 694, 482, 418, 478, 491, 300, 865, 305, 492, 273, 273], "episode_rewards": [315.0, 135.0, 70.0, 160.0, 215.0, 105.0, 125.0, 90.0, 50.0, 215.0, 275.0, 255.0, 225.0, 100.0, 365.0, 515.0, 35.0, 150.0, 290.0, 225.0, 290.0, 70.0, 215.0, 150.0, 210.0, 180.0, 160.0, 180.0, 160.0, 235.0, 95.0, 185.0, 105.0, 110.0, 385.0, 625.0, 195.0, 95.0, 195.0, 215.0, 150.0, 80.0, 160.0, 135.0, 95.0, 530.0, 125.0, 260.0, 100.0, 65.0], "episode_types": ["t", "t", "t", "t", "t", "t", "t", "t", "t", "t", "t", "t", "t", "t", "t", "t", "t", "t", "t", "t", "t", "t", "t", "t", "t", "t", "t", "t", "t", "t", "t", "t", "t", "t", "t", "t", "t", "t", "t", "t", "t", "t", "t", "t", "t", "t", "t", "t", "t", "t", "t"]}