{"initial_reset_timestamp": 1619979978.8139136, "timestamps": [1619979980.8773983, 1619979982.9174848, 1619979983.7660708, 1619979984.6307933, 1619979985.6162152, 1619979986.4444242, 1619979987.4181356, 1619979988.227741, 1619979990.280669, 1619979991.0799265, 1619979991.950255, 1619979992.8089366, 1619979993.6312385, 1619979994.4211059, 1619979995.267805, 1619979996.09856, 1619979996.9040585, 1619979997.8833013, 1619979998.7526648, 1619979999.6053872, 1619980000.4104693, 1619980001.2336473, 1619980002.054084, 1619980002.8719404, 1619980003.7005112, 1619980004.6687753, 1619980005.5117795, 1619980007.6207223, 1619980008.5010316, 1619980009.3519068, 1619980010.1747456, 1619980010.997139, 1619980011.8355494, 1619980012.6327753, 1619980013.6949675, 1619980014.5448692, 1619980015.3978415, 1619980016.250796, 1619980017.0861378, 1619980018.0812926, 1619980018.960612, 1619980019.9446454, 1619980020.7800317, 1619980021.6199248, 1619980022.606736, 1619980023.4335978, 1619980024.2556758, 1619980025.0521295, 1619980025.8735173, 1619980026.6938722], "episode_lengths": [497, 484, 500, 525, 602, 503, 597, 496, 496, 479, 525, 521, 503, 485, 510, 510, 496, 602, 533, 525, 496, 508, 503, 503, 510, 597, 518, 515, 529, 518, 503, 503, 512, 487, 651, 517, 524, 521, 510, 608, 537, 600, 513, 513, 605, 508, 503, 485, 500, 503], "episode_rewards": [105.0, 20.0, 50.0, 80.0, 145.0, 30.0, 135.0, 30.0, 30.0, 30.0, 80.0, 75.0, 15.0, 60.0, 30.0, 30.0, 30.0, 120.0, 50.0, 80.0, 30.0, 30.0, 50.0, 50.0, 30.0, 120.0, 50.0, 50.0, 75.0, 75.0, 40.0, 15.0, 50.0, 15.0, 105.0, 75.0, 50.0, 15.0, 30.0, 135.0, 75.0, 165.0, 50.0, 30.0, 120.0, 50.0, 15.0, 80.0, 50.0, 15.0], "episode_types": ["t", "t", "t", "t", "t", "t", "t", "t", "t", "t", "t", "t", "t", "t", "t", "t", "t", "t", "t", "t", "t", "t", "t", "t", "t", "t", "t", "t", "t", "t", "t", "t", "t", "t", "t", "t", "t", "t", "t", "t", "t", "t", "t", "t", "t", "t", "t", "t", "t", "t", "t"]}