{"initial_reset_timestamp": 1619970494.3998222, "timestamps": [1619970495.271016, 1619970495.8767602, 1619970496.8283815, 1619970497.7083979, 1619970498.3583913, 1619970499.1410127, 1619970499.741479, 1619970500.6113553, 1619970501.3931475, 1619970502.6746957, 1619970503.3015559, 1619970504.0595036, 1619970504.7302535, 1619970505.3763819, 1619970506.0221553, 1619970506.6564422, 1619970507.9801018, 1619970508.3117268, 1619970508.63622, 1619970509.2599714, 1619970509.9331033, 1619970511.285124, 1619970512.36438, 1619970513.0058246, 1619970513.8354712, 1619970514.9041698, 1619970515.6558251, 1619970516.5379336, 1619970517.2133412, 1619970517.9998794, 1619970518.3725286, 1619970518.6936116, 1619970519.3723044, 1619970519.964378, 1619970520.9566503, 1619970521.9716408, 1619970522.6056092, 1619970523.1821682, 1619970524.5683892, 1619970525.3376853, 1619970526.340645, 1619970527.411757, 1619970528.078696, 1619970528.6875787, 1619970529.3253648, 1619970529.6677523, 1619970530.2566452, 1619970530.6338813, 1619970531.5031326, 1619970532.4521596], "episode_lengths": [496, 268, 753, 713, 526, 631, 482, 707, 413, 1024, 500, 607, 543, 522, 522, 510, 1086, 262, 256, 502, 541, 1107, 888, 514, 671, 880, 605, 497, 523, 637, 296, 254, 546, 474, 804, 829, 510, 464, 1145, 625, 821, 874, 533, 486, 510, 273, 471, 301, 706, 776], "episode_rewards": [180.0, 50.0, 290.0, 270.0, 130.0, 145.0, 130.0, 320.0, 35.0, 665.0, 125.0, 185.0, 125.0, 185.0, 215.0, 180.0, 210.0, 65.0, 85.0, 210.0, 180.0, 275.0, 435.0, 180.0, 240.0, 315.0, 195.0, 130.0, 140.0, 290.0, 20.0, 35.0, 185.0, 130.0, 305.0, 280.0, 185.0, 170.0, 810.0, 275.0, 330.0, 345.0, 135.0, 110.0, 160.0, 100.0, 110.0, 95.0, 205.0, 255.0], "episode_types": ["t", "t", "t", "t", "t", "t", "t", "t", "t", "t", "t", "t", "t", "t", "t", "t", "t", "t", "t", "t", "t", "t", "t", "t", "t", "t", "t", "t", "t", "t", "t", "t", "t", "t", "t", "t", "t", "t", "t", "t", "t", "t", "t", "t", "t", "t", "t", "t", "t", "t", "t"]}