{"initial_reset_timestamp": 1619974523.0546966, "timestamps": [1619974525.2315032, 1619974527.3665078, 1619974528.718066, 1619974529.1050942, 1619974530.126487, 1619974531.1407573, 1619974532.7896173, 1619974534.242054, 1619974536.2391787, 1619974537.4057941, 1619974539.0478442, 1619974540.4298704, 1619974541.4097338, 1619974542.4315395, 1619974544.0441105, 1619974545.0021348, 1619974545.8923688, 1619974548.0764463, 1619974548.7881076, 1619974549.9335847, 1619974550.8695004, 1619974552.066801, 1619974552.8513694, 1619974553.9938326, 1619974555.0620859, 1619974556.0818274, 1619974557.3554263, 1619974559.5384572, 1619974561.1227198, 1619974562.0632935, 1619974563.3610458, 1619974564.6278183, 1619974565.7596583, 1619974566.9361558, 1619974568.282295, 1619974569.3123515, 1619974570.3565145, 1619974571.3013535, 1619974572.5614839, 1619974574.0258644, 1619974575.147746, 1619974576.0608666, 1619974577.6211936, 1619974578.7784948, 1619974580.079971, 1619974581.1124535, 1619974582.316886, 1619974583.605888, 1619974584.7134335, 1619974585.9792113], "episode_lengths": [593, 573, 886, 253, 672, 671, 1106, 976, 524, 757, 1109, 930, 648, 679, 1088, 630, 584, 1508, 470, 765, 620, 803, 520, 762, 714, 677, 855, 635, 1011, 604, 840, 822, 732, 761, 871, 668, 676, 612, 819, 952, 728, 591, 1021, 752, 847, 670, 789, 841, 708, 807], "episode_rewards": [140.0, 110.0, 495.0, 60.0, 220.0, 215.0, 415.0, 315.0, 155.0, 270.0, 750.0, 470.0, 240.0, 185.0, 415.0, 230.0, 170.0, 915.0, 90.0, 260.0, 200.0, 325.0, 155.0, 225.0, 315.0, 435.0, 370.0, 125.0, 380.0, 185.0, 350.0, 250.0, 250.0, 245.0, 335.0, 190.0, 370.0, 225.0, 300.0, 500.0, 270.0, 155.0, 445.0, 480.0, 330.0, 180.0, 395.0, 475.0, 185.0, 270.0], "episode_types": ["t", "t", "t", "t", "t", "t", "t", "t", "t", "t", "t", "t", "t", "t", "t", "t", "t", "t", "t", "t", "t", "t", "t", "t", "t", "t", "t", "t", "t", "t", "t", "t", "t", "t", "t", "t", "t", "t", "t", "t", "t", "t", "t", "t", "t", "t", "t", "t", "t", "t", "t"]}