{"initial_reset_timestamp": 1619991585.6255774, "timestamps": [1619991588.1351132, 1619991590.6611977, 1619991591.7947912, 1619991593.1546307, 1619991594.2695823, 1619991595.4147902, 1619991596.1767635, 1619991597.281993, 1619991599.7175982, 1619991600.8801064, 1619991602.0393684, 1619991603.1231759, 1619991604.3190908, 1619991605.5060654, 1619991606.632152, 1619991607.8321648, 1619991609.12305, 1619991610.2981796, 1619991611.3063111, 1619991612.4711647, 1619991613.5095205, 1619991614.5016942, 1619991615.741578, 1619991617.0740023, 1619991618.2138534, 1619991619.3688583, 1619991620.3914585, 1619991622.8817286, 1619991624.0835745, 1619991625.302612, 1619991626.4239252, 1619991627.563349, 1619991628.3196533, 1619991629.4893363, 1619991630.5611768, 1619991631.662333, 1619991632.9569383, 1619991633.9966304, 1619991635.3052735, 1619991636.4688976, 1619991637.6653712, 1619991638.6610253, 1619991640.0034592, 1619991641.3268728, 1619991642.1990297, 1619991643.5737734, 1619991644.7583592, 1619991645.913926, 1619991647.1109514, 1619991648.2934198], "episode_lengths": [816, 809, 774, 962, 780, 798, 521, 775, 761, 801, 816, 755, 839, 841, 793, 838, 921, 827, 704, 818, 727, 697, 876, 934, 807, 811, 711, 805, 831, 857, 797, 806, 516, 820, 750, 768, 907, 727, 928, 813, 842, 693, 951, 934, 596, 974, 833, 814, 851, 836], "episode_rewards": [600.0, 575.0, 495.0, 605.0, 605.0, 550.0, 385.0, 515.0, 570.0, 600.0, 575.0, 545.0, 975.0, 575.0, 570.0, 575.0, 570.0, 570.0, 570.0, 570.0, 745.0, 745.0, 575.0, 600.0, 600.0, 600.0, 545.0, 600.0, 600.0, 600.0, 570.0, 600.0, 420.0, 545.0, 570.0, 575.0, 540.0, 545.0, 605.0, 545.0, 600.0, 580.0, 600.0, 575.0, 415.0, 575.0, 600.0, 570.0, 600.0, 550.0], "episode_types": ["t", "t", "t", "t", "t", "t", "t", "t", "t", "t", "t", "t", "t", "t", "t", "t", "t", "t", "t", "t", "t", "t", "t", "t", "t", "t", "t", "t", "t", "t", "t", "t", "t", "t", "t", "t", "t", "t", "t", "t", "t", "t", "t", "t", "t", "t", "t", "t", "t", "t", "t"]}