{"initial_reset_timestamp": 1619981373.2360768, "timestamps": [1619981374.8288555, 1619981376.996141, 1619981377.924217, 1619981378.7787664, 1619981379.6428797, 1619981380.111907, 1619981380.7096782, 1619981381.2903545, 1619981383.303349, 1619981383.6815798, 1619981384.4162974, 1619981384.9964912, 1619981385.318296, 1619981385.8814425, 1619981386.6648798, 1619981387.1003742, 1619981388.3595989, 1619981388.7559412, 1619981389.4400759, 1619981390.0401285, 1619981390.3620698, 1619981391.170929, 1619981391.8012314, 1619981392.7448902, 1619981393.3597972, 1619981393.733797, 1619981394.2937493, 1619981396.6283529, 1619981397.8781726, 1619981398.5825284, 1619981399.460468, 1619981400.0355623, 1619981400.6060343, 1619981401.185, 1619981401.6129942, 1619981402.2898474, 1619981402.9774134, 1619981403.778537, 1619981404.188212, 1619981404.7378845, 1619981405.308144, 1619981406.010358, 1619981406.35579, 1619981407.7280576, 1619981408.643528, 1619981409.5260046, 1619981410.109188, 1619981410.8386316, 1619981411.47033, 1619981411.8187485], "episode_lengths": [274, 711, 742, 694, 700, 377, 485, 472, 595, 289, 604, 473, 261, 462, 655, 356, 1083, 325, 566, 495, 261, 667, 518, 789, 506, 305, 469, 367, 631, 476, 744, 477, 476, 482, 355, 571, 579, 682, 340, 460, 471, 593, 287, 1177, 761, 728, 472, 601, 520, 281], "episode_rewards": [65.0, 205.0, 190.0, 225.0, 190.0, 130.0, 170.0, 125.0, 120.0, 40.0, 260.0, 165.0, 80.0, 180.0, 300.0, 135.0, 545.0, 40.0, 225.0, 205.0, 60.0, 235.0, 175.0, 260.0, 155.0, 85.0, 125.0, 115.0, 260.0, 200.0, 325.0, 160.0, 125.0, 155.0, 100.0, 305.0, 220.0, 175.0, 90.0, 190.0, 200.0, 330.0, 80.0, 415.0, 190.0, 185.0, 165.0, 275.0, 170.0, 80.0], "episode_types": ["t", "t", "t", "t", "t", "t", "t", "t", "t", "t", "t", "t", "t", "t", "t", "t", "t", "t", "t", "t", "t", "t", "t", "t", "t", "t", "t", "t", "t", "t", "t", "t", "t", "t", "t", "t", "t", "t", "t", "t", "t", "t", "t", "t", "t", "t", "t", "t", "t", "t", "t"]}