{"initial_reset_timestamp": 1619969321.5250635, "timestamps": [1619969322.988518, 1619969324.7198918, 1619969325.3888981, 1619969326.0491238, 1619969327.2164588, 1619969327.8171344, 1619969329.311118, 1619969329.9379601, 1619969331.6872034, 1619969332.6040568, 1619969333.2840092, 1619969333.9010265, 1619969334.5113235, 1619969335.1199322, 1619969335.7515056, 1619969336.3207684, 1619969336.9068573, 1619969337.5337877, 1619969338.6620514, 1619969339.2450118, 1619969339.8806493, 1619969340.952853, 1619969341.577645, 1619969342.5330403, 1619969343.1799288, 1619969343.8095427, 1619969344.5481267, 1619969345.995219, 1619969346.8782263, 1619969347.846293, 1619969348.4208837, 1619969349.237396, 1619969349.9498246, 1619969350.5908465, 1619969351.2356627, 1619969351.810783, 1619969352.4963624, 1619969353.080432, 1619969353.6468427, 1619969354.2713192, 1619969355.1154249, 1619969355.679496, 1619969356.7385666, 1619969357.3171864, 1619969357.8812928, 1619969358.8138237, 1619969359.398324, 1619969360.18736, 1619969360.7547708, 1619969361.5309143], "episode_lengths": [368, 502, 380, 379, 704, 368, 962, 398, 508, 530, 396, 369, 369, 379, 369, 369, 379, 398, 707, 379, 379, 663, 378, 579, 376, 379, 469, 369, 549, 599, 369, 528, 397, 379, 420, 369, 446, 379, 369, 403, 548, 367, 689, 378, 367, 609, 379, 513, 369, 507], "episode_rewards": [15.0, 40.0, 15.0, 15.0, 205.0, 15.0, 165.0, 30.0, 30.0, 85.0, 50.0, 15.0, 15.0, 35.0, 15.0, 15.0, 15.0, 55.0, 185.0, 15.0, 15.0, 65.0, 30.0, 160.0, 20.0, 15.0, 75.0, 15.0, 115.0, 95.0, 15.0, 95.0, 75.0, 15.0, 15.0, 15.0, 15.0, 15.0, 15.0, 50.0, 95.0, 15.0, 340.0, 15.0, 15.0, 90.0, 15.0, 40.0, 15.0, 55.0], "episode_types": ["t", "t", "t", "t", "t", "t", "t", "t", "t", "t", "t", "t", "t", "t", "t", "t", "t", "t", "t", "t", "t", "t", "t", "t", "t", "t", "t", "t", "t", "t", "t", "t", "t", "t", "t", "t", "t", "t", "t", "t", "t", "t", "t", "t", "t", "t", "t", "t", "t", "t", "t"]}