{"initial_reset_timestamp": 1620021831.2520182, "timestamps": [1620021833.2427258, 1620021835.203321, 1620021836.805452, 1620021838.0730762, 1620021838.880324, 1620021839.9711282, 1620021841.0917914, 1620021842.07179, 1620021843.9468572, 1620021845.1423407, 1620021846.1587842, 1620021847.353369, 1620021848.6399004, 1620021849.7564886, 1620021851.3658223, 1620021852.4667964, 1620021853.7267873, 1620021855.0052128, 1620021856.1039681, 1620021856.8741922, 1620021858.1157188, 1620021859.3561385, 1620021860.3270755, 1620021861.333557, 1620021862.4055254, 1620021863.6458752, 1620021864.4986722, 1620021866.2111127, 1620021867.3264327, 1620021868.3236258, 1620021869.3152454, 1620021870.405025, 1620021871.4856648, 1620021873.055383, 1620021873.9865282, 1620021875.0604491, 1620021876.261629, 1620021877.858717, 1620021878.959524, 1620021880.0587275, 1620021880.9101334, 1620021882.0887468, 1620021883.2357264, 1620021884.4931324, 1620021885.768179, 1620021886.8647616, 1620021887.9637547, 1620021889.1308944, 1620021890.228394, 1620021890.8270247], "episode_lengths": [690, 668, 1002, 797, 505, 685, 705, 614, 625, 708, 618, 728, 789, 679, 995, 669, 772, 782, 664, 466, 768, 784, 613, 635, 676, 786, 534, 523, 698, 622, 612, 683, 677, 998, 576, 674, 758, 1017, 689, 693, 535, 746, 719, 789, 801, 692, 686, 737, 685, 370], "episode_rewards": [290.0, 285.0, 590.0, 290.0, 210.0, 460.0, 265.0, 240.0, 260.0, 530.0, 255.0, 285.0, 410.0, 260.0, 390.0, 485.0, 340.0, 300.0, 515.0, 105.0, 345.0, 500.0, 460.0, 260.0, 260.0, 330.0, 210.0, 210.0, 330.0, 235.0, 240.0, 290.0, 315.0, 360.0, 210.0, 285.0, 325.0, 590.0, 315.0, 295.0, 210.0, 345.0, 280.0, 380.0, 345.0, 300.0, 260.0, 345.0, 315.0, 120.0], "episode_types": ["t", "t", "t", "t", "t", "t", "t", "t", "t", "t", "t", "t", "t", "t", "t", "t", "t", "t", "t", "t", "t", "t", "t", "t", "t", "t", "t", "t", "t", "t", "t", "t", "t", "t", "t", "t", "t", "t", "t", "t", "t", "t", "t", "t", "t", "t", "t", "t", "t", "t", "t"]}