{"initial_reset_timestamp": 1619979584.6591952, "timestamps": [1619979586.6916673, 1619979588.051748, 1619979589.0559142, 1619979590.1039221, 1619979590.892945, 1619979591.7419488, 1619979592.9981768, 1619979593.8415914, 1619979595.624243, 1619979596.2041345, 1619979597.427297, 1619979597.9874067, 1619979598.6128185, 1619979599.2215447, 1619979599.7851584, 1619979600.2387276, 1619979600.7073298, 1619979601.3639402, 1619979602.199301, 1619979603.0999472, 1619979603.5908165, 1619979604.0078826, 1619979604.4449694, 1619979605.1565576, 1619979605.7516844, 1619979606.3862777, 1619979607.0791428, 1619979608.8420098, 1619979609.746646, 1619979610.3282602, 1619979610.7731943, 1619979611.619068, 1619979612.1780496, 1619979612.7317655, 1619979613.1528406, 1619979613.666826, 1619979614.2765589, 1619979614.7443495, 1619979615.4779634, 1619979616.345044, 1619979616.8395789, 1619979617.5331502, 1619979618.387999, 1619979619.2651336, 1619979620.1443832, 1619979620.756931, 1619979621.232524, 1619979621.6442504, 1619979622.5035603, 1619979622.976616], "episode_lengths": [854, 306, 825, 871, 660, 717, 1098, 707, 653, 460, 1036, 462, 522, 504, 468, 379, 390, 553, 708, 764, 411, 344, 365, 599, 498, 530, 580, 647, 734, 483, 366, 706, 461, 457, 344, 428, 508, 385, 612, 726, 412, 582, 724, 739, 743, 514, 393, 344, 723, 391], "episode_rewards": [315.0, 95.0, 320.0, 255.0, 365.0, 325.0, 530.0, 215.0, 340.0, 160.0, 410.0, 200.0, 230.0, 220.0, 145.0, 110.0, 130.0, 330.0, 540.0, 300.0, 170.0, 130.0, 110.0, 295.0, 165.0, 130.0, 240.0, 360.0, 300.0, 145.0, 110.0, 240.0, 150.0, 140.0, 130.0, 190.0, 240.0, 190.0, 255.0, 430.0, 135.0, 290.0, 245.0, 245.0, 260.0, 185.0, 75.0, 130.0, 290.0, 185.0], "episode_types": ["t", "t", "t", "t", "t", "t", "t", "t", "t", "t", "t", "t", "t", "t", "t", "t", "t", "t", "t", "t", "t", "t", "t", "t", "t", "t", "t", "t", "t", "t", "t", "t", "t", "t", "t", "t", "t", "t", "t", "t", "t", "t", "t", "t", "t", "t", "t", "t", "t", "t", "t"]}