{"initial_reset_timestamp": 1619973650.4237304, "timestamps": [1619973652.4455242, 1619973654.5135503, 1619973655.3411, 1619973655.9388144, 1619973657.311027, 1619973657.9949467, 1619973658.8647525, 1619973659.4727693, 1619973661.2757564, 1619973662.3749843, 1619973663.2362123, 1619973664.4018486, 1619973665.4396267, 1619973666.0498645, 1619973666.713069, 1619973667.5241275, 1619973668.2162642, 1619973668.9042099, 1619973670.175727, 1619973670.8229876, 1619973671.649096, 1619973672.3271859, 1619973672.8583817, 1619973673.557024, 1619973674.5963705, 1619973675.2753808, 1619973676.1563358, 1619973678.2711518, 1619973678.8864422, 1619973679.5339355, 1619973680.5944567, 1619973681.430399, 1619973682.2772357, 1619973683.1044915, 1619973684.1895013, 1619973685.4527366, 1619973686.13735, 1619973686.8274372, 1619973687.7249973, 1619973688.5553946, 1619973689.1326828, 1619973689.7940235, 1619973690.6367784, 1619973691.3527381, 1619973692.2031567, 1619973692.7632103, 1619973693.4013891, 1619973694.0573878, 1619973694.6906068, 1619973695.757352], "episode_lengths": [536, 545, 524, 386, 907, 446, 568, 396, 401, 699, 560, 761, 681, 396, 431, 528, 449, 446, 837, 421, 536, 442, 345, 450, 665, 432, 562, 557, 374, 413, 682, 539, 545, 532, 704, 819, 444, 448, 574, 536, 374, 429, 548, 464, 552, 364, 413, 426, 410, 697], "episode_rewards": [125.0, 155.0, 110.0, 105.0, 365.0, 45.0, 210.0, 45.0, 105.0, 265.0, 180.0, 210.0, 260.0, 15.0, 105.0, 155.0, 105.0, 105.0, 285.0, 105.0, 185.0, 105.0, 30.0, 80.0, 240.0, 105.0, 135.0, 210.0, 105.0, 105.0, 240.0, 180.0, 155.0, 165.0, 355.0, 210.0, 30.0, 50.0, 140.0, 120.0, 80.0, 105.0, 180.0, 105.0, 185.0, 15.0, 50.0, 105.0, 105.0, 460.0], "episode_types": ["t", "t", "t", "t", "t", "t", "t", "t", "t", "t", "t", "t", "t", "t", "t", "t", "t", "t", "t", "t", "t", "t", "t", "t", "t", "t", "t", "t", "t", "t", "t", "t", "t", "t", "t", "t", "t", "t", "t", "t", "t", "t", "t", "t", "t", "t", "t", "t", "t", "t", "t"]}