{"initial_reset_timestamp": 1619982880.5953295, "timestamps": [1619982882.2160697, 1619982883.781763, 1619982884.670728, 1619982885.2154763, 1619982885.7689054, 1619982886.7313788, 1619982887.614242, 1619982888.5043278, 1619982890.316265, 1619982890.9000204, 1619982891.507805, 1619982892.1269562, 1619982892.749203, 1619982893.3677745, 1619982894.4648807, 1619982895.1133146, 1619982896.0752785, 1619982896.6504602, 1619982897.6051092, 1619982898.2649074, 1619982898.84998, 1619982899.6950796, 1619982900.5118587, 1619982901.3594537, 1619982901.918131, 1619982902.7177758, 1619982903.354877, 1619982904.9088995, 1619982905.487125, 1619982906.471649, 1619982907.1350143, 1619982908.1179957, 1619982908.6607473, 1619982909.202504, 1619982909.8436847, 1619982910.4999096, 1619982911.0476744, 1619982911.6856384, 1619982912.3420055, 1619982912.9006927, 1619982913.5436668, 1619982914.306471, 1619982914.8890624, 1619982915.4513075, 1619982916.259968, 1619982917.2419062, 1619982917.8978467, 1619982919.012781, 1619982919.6702507, 1619982920.2235777], "episode_lengths": [498, 444, 695, 440, 444, 769, 703, 718, 661, 447, 481, 491, 495, 495, 901, 518, 772, 461, 770, 524, 477, 681, 663, 682, 444, 642, 504, 458, 447, 791, 523, 787, 435, 436, 518, 524, 435, 511, 529, 445, 512, 621, 467, 449, 648, 792, 523, 908, 524, 443], "episode_rewards": [115.0, 110.0, 330.0, 105.0, 110.0, 500.0, 290.0, 560.0, 305.0, 105.0, 155.0, 160.0, 135.0, 105.0, 440.0, 170.0, 285.0, 105.0, 315.0, 205.0, 105.0, 270.0, 300.0, 480.0, 105.0, 310.0, 195.0, 105.0, 105.0, 505.0, 235.0, 295.0, 105.0, 105.0, 215.0, 235.0, 105.0, 140.0, 250.0, 110.0, 205.0, 300.0, 130.0, 105.0, 435.0, 370.0, 235.0, 360.0, 235.0, 105.0], "episode_types": ["t", "t", "t", "t", "t", "t", "t", "t", "t", "t", "t", "t", "t", "t", "t", "t", "t", "t", "t", "t", "t", "t", "t", "t", "t", "t", "t", "t", "t", "t", "t", "t", "t", "t", "t", "t", "t", "t", "t", "t", "t", "t", "t", "t", "t", "t", "t", "t", "t", "t", "t"]}