{"initial_reset_timestamp": 1619982318.7507057, "timestamps": [1619982320.6313775, 1619982322.5152495, 1619982323.0630877, 1619982323.6170905, 1619982324.2186778, 1619982324.9270394, 1619982326.4219875, 1619982326.9850173, 1619982329.3031225, 1619982330.2432837, 1619982331.134618, 1619982331.7646425, 1619982332.7447689, 1619982333.5790675, 1619982334.7015262, 1619982335.247644, 1619982335.7294936, 1619982336.1884875, 1619982337.0407815, 1619982337.3588479, 1619982338.125611, 1619982338.6326773, 1619982338.9679568, 1619982339.8057885, 1619982340.7073207, 1619982341.6471903, 1619982342.225804, 1619982344.3189476, 1619982345.3650331, 1619982346.2300236, 1619982347.1945148, 1619982348.2745898, 1619982348.9495108, 1619982349.6974595, 1619982350.3788142, 1619982351.3460262, 1619982352.4237194, 1619982353.031993, 1619982353.5230997, 1619982354.0203435, 1619982354.763247, 1619982355.3081625, 1619982356.087743, 1619982357.1738741, 1619982358.049136, 1619982358.8016284, 1619982359.4635854, 1619982359.803216, 1619982360.494974, 1619982361.2642155, 1619982361.865393, 1619982362.3307643, 1619982362.9394488, 1619982363.401552, 1619982364.3603854, 1619982365.1637146, 1619982365.8372405, 1619982366.4744365, 1619982367.0659347, 1619982367.3942802, 1619982368.0844333, 1619982369.0002842, 1619982369.3259294, 1619982369.9686723, 1619982372.1136708, 1619982372.7971075, 1619982373.1483521, 1619982374.187851, 1619982374.8574412, 1619982375.4599354, 1619982376.079682, 1619982376.9911542, 1619982377.5016737, 1619982378.176881, 1619982378.770492, 1619982379.5733514, 1619982380.371702, 1619982381.4263675, 1619982382.3468828, 1619982382.9203389, 1619982383.2754672, 1619982383.8786929, 1619982385.434922, 1619982386.0287158, 1619982386.6492546, 1619982387.655874, 1619982388.4114292, 1619982389.216117, 1619982389.8558643, 1619982390.1835477, 1619982390.8763316, 1619982391.5257866, 1619982392.1169221, 1619982392.851593, 1619982393.6470916, 1619982394.5419364, 1619982395.1895118, 1619982395.8015401, 1619982396.7485201, 1619982397.0787704], "episode_lengths": [512, 493, 440, 473, 510, 603, 1301, 481, 870, 773, 734, 517, 829, 700, 935, 447, 394, 376, 712, 262, 631, 409, 267, 684, 743, 770, 467, 642, 836, 694, 788, 890, 554, 606, 555, 786, 889, 489, 399, 399, 605, 440, 631, 899, 713, 613, 543, 271, 561, 625, 482, 375, 491, 373, 789, 650, 546, 514, 483, 263, 560, 764, 261, 520, 692, 525, 279, 841, 538, 490, 497, 745, 410, 545, 487, 648, 645, 866, 756, 471, 282, 484, 1319, 481, 508, 822, 609, 655, 513, 262, 561, 525, 475, 601, 649, 730, 520, 491, 781, 264], "episode_rewards": [165.0, 130.0, 50.0, 145.0, 115.0, 130.0, 625.0, 180.0, 400.0, 290.0, 380.0, 150.0, 340.0, 195.0, 560.0, 55.0, 65.0, 45.0, 165.0, 85.0, 230.0, 90.0, 65.0, 225.0, 390.0, 280.0, 90.0, 245.0, 345.0, 260.0, 305.0, 400.0, 230.0, 130.0, 235.0, 210.0, 255.0, 170.0, 75.0, 60.0, 190.0, 80.0, 245.0, 335.0, 280.0, 175.0, 155.0, 85.0, 120.0, 215.0, 75.0, 70.0, 120.0, 105.0, 290.0, 155.0, 135.0, 160.0, 175.0, 85.0, 210.0, 335.0, 85.0, 155.0, 130.0, 115.0, 60.0, 200.0, 115.0, 150.0, 185.0, 285.0, 125.0, 160.0, 190.0, 180.0, 195.0, 330.0, 310.0, 165.0, 55.0, 155.0, 865.0, 110.0, 150.0, 495.0, 225.0, 285.0, 180.0, 85.0, 95.0, 115.0, 135.0, 280.0, 420.0, 245.0, 130.0, 145.0, 255.0, 115.0], "episode_types": ["t", "t", "t", "t", "t", "t", "t", "t", "t", "t", "t", "t", "t", "t", "t", "t", "t", "t", "t", "t", "t", "t", "t", "t", "t", "t", "t", "t", "t", "t", "t", "t", "t", "t", "t", "t", "t", "t", "t", "t", "t", "t", "t", "t", "t", "t", "t", "t", "t", "t", "t", "t", "t", "t", "t", "t", "t", "t", "t", "t", "t", "t", "t", "t", "t", "t", "t", "t", "t", "t", "t", "t", "t", "t", "t", "t", "t", "t", "t", "t", "t", "t", "t", "t", "t", "t", "t", "t", "t", "t", "t", "t", "t", "t", "t", "t", "t", "t", "t", "t", "t"]}