{"initial_reset_timestamp": 1619988708.509491, "timestamps": [1619988710.0027695, 1619988711.374019, 1619988712.2644253, 1619988712.7040985, 1619988713.4368906, 1619988714.3080187, 1619988714.8277788, 1619988715.4019103, 1619988717.4150486, 1619988718.524043, 1619988719.150045, 1619988720.0246282, 1619988720.731249, 1619988721.3738735, 1619988722.408901, 1619988723.235103, 1619988723.8920996, 1619988724.5392787, 1619988725.3188314, 1619988726.126948, 1619988726.7680256, 1619988727.4024272, 1619988728.0920265, 1619988728.808242, 1619988729.43925, 1619988730.2642303, 1619988731.0156183, 1619988732.5946128, 1619988733.35858, 1619988733.8624187, 1619988734.3632557, 1619988734.8902662, 1619988735.7578747, 1619988736.388534, 1619988736.8540814, 1619988737.373313, 1619988737.8651102, 1619988738.5519881, 1619988739.0478373, 1619988739.6221397, 1619988740.107366, 1619988740.8728163, 1619988741.3619773, 1619988741.9610739, 1619988742.8392644, 1619988743.3313134, 1619988743.9252899, 1619988744.8185282, 1619988745.555122, 1619988746.0500047], "episode_lengths": [426, 328, 721, 365, 609, 729, 426, 472, 866, 890, 505, 718, 569, 520, 853, 676, 532, 521, 635, 663, 513, 506, 556, 577, 516, 669, 609, 468, 605, 407, 404, 429, 699, 508, 367, 412, 391, 554, 400, 465, 386, 623, 392, 478, 729, 396, 476, 729, 600, 400], "episode_rewards": [45.0, 60.0, 205.0, 55.0, 185.0, 260.0, 100.0, 120.0, 330.0, 320.0, 200.0, 350.0, 250.0, 240.0, 555.0, 160.0, 145.0, 120.0, 265.0, 335.0, 110.0, 190.0, 415.0, 250.0, 225.0, 400.0, 240.0, 110.0, 280.0, 95.0, 110.0, 135.0, 390.0, 140.0, 115.0, 135.0, 130.0, 195.0, 180.0, 125.0, 100.0, 250.0, 165.0, 170.0, 510.0, 145.0, 115.0, 245.0, 160.0, 135.0], "episode_types": ["t", "t", "t", "t", "t", "t", "t", "t", "t", "t", "t", "t", "t", "t", "t", "t", "t", "t", "t", "t", "t", "t", "t", "t", "t", "t", "t", "t", "t", "t", "t", "t", "t", "t", "t", "t", "t", "t", "t", "t", "t", "t", "t", "t", "t", "t", "t", "t", "t", "t", "t"]}