{"initial_reset_timestamp": 1619983620.0842335, "timestamps": [1619983621.6771662, 1619983623.2453845, 1619983624.274982, 1619983625.7549305, 1619983626.509415, 1619983627.2823622, 1619983628.0564675, 1619983628.8130689, 1619983630.9603498, 1619983631.7893522, 1619983632.5815403, 1619983633.3557029, 1619983634.1279366, 1619983634.9160528, 1619983636.0917375, 1619983636.910521, 1619983637.7826378, 1619983638.5546765, 1619983639.3565028, 1619983640.1478438, 1619983641.3203056, 1619983642.1237276, 1619983642.9216824, 1619983643.7082167, 1619983644.4772196, 1619983645.2947116, 1619983646.0993516, 1619983647.5670383, 1619983648.6601684, 1619983649.4935017, 1619983650.2689264, 1619983651.0785825, 1619983651.8745134, 1619983652.6772444, 1619983653.4862175, 1619983654.6334438, 1619983655.390515, 1619983656.3399954, 1619983657.1369834, 1619983657.9336097, 1619983658.7089841, 1619983659.5360026, 1619983660.6157415, 1619983661.3812742, 1619983662.2310593, 1619983662.978187, 1619983663.7364616, 1619983664.5800347, 1619983665.3258793, 1619983666.114753], "episode_lengths": [508, 485, 598, 727, 480, 487, 492, 481, 497, 515, 490, 488, 490, 488, 728, 506, 538, 479, 494, 486, 723, 512, 503, 481, 474, 504, 495, 490, 671, 515, 479, 499, 495, 499, 499, 712, 467, 586, 498, 490, 479, 510, 675, 472, 521, 474, 484, 519, 459, 487], "episode_rewards": [50.0, 0.0, 5.0, 35.0, 15.0, 15.0, 15.0, 30.0, 50.0, 50.0, 15.0, 35.0, 30.0, 30.0, 30.0, 75.0, 75.0, 5.0, 15.0, 45.0, 290.0, 15.0, 75.0, 25.0, 35.0, 30.0, 75.0, 15.0, 15.0, 50.0, 15.0, 15.0, 30.0, 35.0, 15.0, 110.0, 30.0, 30.0, 50.0, 30.0, 15.0, 50.0, 5.0, 50.0, 30.0, 15.0, 15.0, 80.0, 0.0, 30.0], "episode_types": ["t", "t", "t", "t", "t", "t", "t", "t", "t", "t", "t", "t", "t", "t", "t", "t", "t", "t", "t", "t", "t", "t", "t", "t", "t", "t", "t", "t", "t", "t", "t", "t", "t", "t", "t", "t", "t", "t", "t", "t", "t", "t", "t", "t", "t", "t", "t", "t", "t", "t", "t"]}