{"initial_reset_timestamp": 1619980192.1007774, "timestamps": [1619980193.958495, 1619980195.5504897, 1619980196.1470015, 1619980197.3464305, 1619980198.318577, 1619980199.3287296, 1619980199.8972602, 1619980200.7417285, 1619980202.3026378, 1619980202.6698062, 1619980203.4956543, 1619980203.8473277, 1619980204.6670325, 1619980205.4798825, 1619980206.3495815, 1619980206.6895895, 1619980207.2681062, 1619980207.825129, 1619980208.385473, 1619980209.000471, 1619980209.8091419, 1619980210.3730073, 1619980210.9357142, 1619980211.5194135, 1619980212.3228998, 1619980212.9230244, 1619980213.5077014, 1619980215.376354, 1619980215.7421818, 1619980216.3595147, 1619980217.6560247, 1619980218.210503, 1619980218.9259057, 1619980219.7910092, 1619980220.412488, 1619980220.9894373, 1619980221.8244863, 1619980222.4313226, 1619980223.0308943, 1619980224.0888987, 1619980225.2461658, 1619980225.8635561, 1619980226.20393, 1619980226.790151, 1619980227.4132862, 1619980228.0176644, 1619980229.0658803, 1619980230.273485, 1619980231.3352747, 1619980232.3594487], "episode_lengths": [711, 473, 472, 999, 810, 849, 475, 698, 468, 278, 672, 286, 681, 670, 722, 278, 476, 457, 464, 505, 674, 465, 465, 482, 667, 495, 484, 726, 278, 512, 1084, 454, 593, 715, 518, 475, 691, 497, 490, 881, 969, 512, 279, 486, 516, 496, 882, 1012, 890, 855], "episode_rewards": [125.0, 30.0, 15.0, 110.0, 170.0, 85.0, 30.0, 65.0, 65.0, 50.0, 20.0, 35.0, 55.0, 30.0, 65.0, 30.0, 30.0, 30.0, 30.0, 105.0, 125.0, 15.0, 30.0, 30.0, 60.0, 20.0, 45.0, 90.0, 50.0, 20.0, 155.0, 5.0, 30.0, 65.0, 55.0, 10.0, 90.0, 15.0, 50.0, 95.0, 110.0, 5.0, 30.0, 45.0, 15.0, 15.0, 120.0, 260.0, 135.0, 145.0], "episode_types": ["t", "t", "t", "t", "t", "t", "t", "t", "t", "t", "t", "t", "t", "t", "t", "t", "t", "t", "t", "t", "t", "t", "t", "t", "t", "t", "t", "t", "t", "t", "t", "t", "t", "t", "t", "t", "t", "t", "t", "t", "t", "t", "t", "t", "t", "t", "t", "t", "t", "t", "t"]}