{"initial_reset_timestamp": 1619980791.548986, "timestamps": [1619980793.1633716, 1619980795.2197618, 1619980795.7260761, 1619980796.1580067, 1619980796.9823356, 1619980797.7050335, 1619980798.155966, 1619980799.1287513, 1619980800.7398465, 1619980801.4880843, 1619980802.0935068, 1619980802.6291869, 1619980803.3960898, 1619980804.156724, 1619980805.0137339, 1619980805.5584655, 1619980806.0300894, 1619980806.9649186, 1619980807.7869663, 1619980808.4358292, 1619980808.9983637, 1619980809.4424324, 1619980810.564074, 1619980811.6631186, 1619980812.8261602, 1619980813.6266723, 1619980814.321581, 1619980815.8962991, 1619980816.4904623, 1619980816.961182, 1619980817.4277422, 1619980818.1051338, 1619980818.9492462, 1619980819.669125, 1619980820.2271945, 1619980820.817753, 1619980821.2789314, 1619980822.0046515, 1619980823.0064216, 1619980823.6142414, 1619980824.460473, 1619980825.301881, 1619980825.9919648, 1619980826.7000074, 1619980827.2597773, 1619980827.7491395, 1619980828.3611495, 1619980829.0437572, 1619980829.652773, 1619980830.2675936], "episode_lengths": [472, 842, 391, 356, 692, 605, 372, 822, 515, 605, 500, 448, 639, 631, 720, 450, 392, 794, 693, 543, 469, 367, 947, 927, 985, 669, 584, 491, 473, 388, 384, 565, 705, 605, 466, 490, 385, 611, 842, 510, 715, 708, 587, 596, 462, 407, 516, 572, 509, 515], "episode_rewards": [80.0, 420.0, 35.0, 80.0, 165.0, 205.0, 95.0, 430.0, 100.0, 115.0, 80.0, 100.0, 135.0, 55.0, 445.0, 85.0, 80.0, 300.0, 375.0, 195.0, 105.0, 50.0, 270.0, 495.0, 485.0, 210.0, 260.0, 185.0, 170.0, 45.0, 90.0, 250.0, 230.0, 285.0, 70.0, 170.0, 70.0, 120.0, 435.0, 115.0, 175.0, 190.0, 230.0, 100.0, 95.0, 45.0, 170.0, 125.0, 135.0, 135.0], "episode_types": ["t", "t", "t", "t", "t", "t", "t", "t", "t", "t", "t", "t", "t", "t", "t", "t", "t", "t", "t", "t", "t", "t", "t", "t", "t", "t", "t", "t", "t", "t", "t", "t", "t", "t", "t", "t", "t", "t", "t", "t", "t", "t", "t", "t", "t", "t", "t", "t", "t", "t", "t"]}