{"initial_reset_timestamp": 1619974740.0707977, "timestamps": [1619974740.6973805, 1619974741.9075658, 1619974743.0761845, 1619974744.2102866, 1619974744.857999, 1619974745.5424178, 1619974746.3067846, 1619974746.9860346, 1619974748.5229797, 1619974749.7047338, 1619974750.4357462, 1619974750.8122745, 1619974751.5135257, 1619974752.1878133, 1619974752.6674266, 1619974753.2863896, 1619974753.9130034, 1619974755.0658937, 1619974755.7986336, 1619974756.6259825, 1619974757.2611904, 1619974757.60074, 1619974758.3012564, 1619974758.9396071, 1619974760.0506792, 1619974760.462444, 1619974760.812463, 1619974761.8027358, 1619974762.4731452, 1619974762.986767, 1619974763.5840654, 1619974764.464817, 1619974765.089854, 1619974765.4376898, 1619974766.0750637, 1619974767.4380023, 1619974768.8823004, 1619974769.8022833, 1619974770.1632566, 1619974770.7924976, 1619974771.386671, 1619974772.0512123, 1619974773.0717206, 1619974773.65885, 1619974774.20055, 1619974774.782298, 1619974775.1670337, 1619974776.222058, 1619974776.5651739, 1619974777.0196264], "episode_lengths": [300, 754, 923, 919, 519, 548, 611, 543, 1013, 950, 587, 297, 560, 538, 378, 492, 500, 936, 584, 668, 509, 266, 555, 511, 899, 327, 273, 575, 517, 405, 478, 717, 502, 272, 510, 1110, 1180, 735, 285, 506, 471, 532, 825, 464, 434, 464, 302, 862, 273, 362], "episode_rewards": [95.0, 310.0, 230.0, 215.0, 160.0, 180.0, 260.0, 135.0, 340.0, 400.0, 225.0, 95.0, 165.0, 95.0, 170.0, 130.0, 210.0, 235.0, 145.0, 315.0, 215.0, 95.0, 180.0, 215.0, 290.0, 85.0, 100.0, 215.0, 165.0, 110.0, 160.0, 315.0, 210.0, 65.0, 160.0, 560.0, 460.0, 135.0, 65.0, 215.0, 135.0, 130.0, 260.0, 75.0, 140.0, 110.0, 40.0, 345.0, 100.0, 110.0], "episode_types": ["t", "t", "t", "t", "t", "t", "t", "t", "t", "t", "t", "t", "t", "t", "t", "t", "t", "t", "t", "t", "t", "t", "t", "t", "t", "t", "t", "t", "t", "t", "t", "t", "t", "t", "t", "t", "t", "t", "t", "t", "t", "t", "t", "t", "t", "t", "t", "t", "t", "t", "t"]}