{"initial_reset_timestamp": 1619986732.278839, "timestamps": [1619986734.8636076, 1619986737.8399386, 1619986738.8431685, 1619986740.165494, 1619986741.21295, 1619986742.681521, 1619986743.8533084, 1619986744.8767927, 1619986747.4737136, 1619986748.4816184, 1619986749.5928664, 1619986750.580236, 1619986752.0005808, 1619986753.2189994, 1619986754.2875497, 1619986755.4456313, 1619986756.444605, 1619986757.4431932, 1619986758.5985556, 1619986759.7165492, 1619986760.9350424, 1619986762.0749977, 1619986763.0010285, 1619986764.6123645, 1619986765.6800632, 1619986766.7775466, 1619986767.8869612, 1619986770.2690165, 1619986771.3025525, 1619986772.5469308, 1619986773.7215834, 1619986775.334448, 1619986776.6154006, 1619986777.6766973, 1619986778.7758, 1619986780.1130345, 1619986781.343326, 1619986782.4740424, 1619986783.6505404, 1619986784.9869232, 1619986785.993067, 1619986787.3081417, 1619986788.3313558, 1619986789.475059, 1619986791.0585735, 1619986792.133998, 1619986793.4315348, 1619986794.4679968, 1619986795.8246646, 1619986797.307262], "episode_lengths": [721, 945, 600, 802, 634, 894, 707, 617, 696, 595, 673, 595, 878, 736, 647, 705, 606, 601, 700, 680, 737, 688, 558, 1003, 648, 667, 669, 604, 600, 751, 710, 998, 777, 641, 665, 810, 753, 685, 711, 819, 607, 796, 613, 689, 971, 653, 784, 627, 828, 922], "episode_rewards": [365.0, 480.0, 415.0, 615.0, 565.0, 415.0, 560.0, 540.0, 415.0, 345.0, 360.0, 535.0, 670.0, 335.0, 390.0, 425.0, 360.0, 310.0, 340.0, 305.0, 315.0, 330.0, 310.0, 740.0, 360.0, 345.0, 335.0, 340.0, 440.0, 415.0, 360.0, 540.0, 420.0, 335.0, 370.0, 625.0, 420.0, 350.0, 405.0, 465.0, 470.0, 395.0, 305.0, 335.0, 465.0, 450.0, 475.0, 300.0, 480.0, 465.0], "episode_types": ["t", "t", "t", "t", "t", "t", "t", "t", "t", "t", "t", "t", "t", "t", "t", "t", "t", "t", "t", "t", "t", "t", "t", "t", "t", "t", "t", "t", "t", "t", "t", "t", "t", "t", "t", "t", "t", "t", "t", "t", "t", "t", "t", "t", "t", "t", "t", "t", "t", "t", "t"]}