{"initial_reset_timestamp": 1619969504.5340853, "timestamps": [1619969505.579432, 1619969506.3243232, 1619969506.6721761, 1619969507.2608154, 1619969508.312978, 1619969509.561977, 1619969510.4000812, 1619969510.8194914, 1619969511.9814672, 1619969512.3590286, 1619969513.0227103, 1619969514.2867422, 1619969514.904982, 1619969515.9436724, 1619969516.8377893, 1619969517.4703717, 1619969518.1976347, 1619969519.0346043, 1619969519.9759517, 1619969521.3795087, 1619969522.517295, 1619969523.4906137, 1619969524.1327696, 1619969525.1103795, 1619969525.810618, 1619969526.474293, 1619969527.4682655, 1619969528.3723648, 1619969529.6239796, 1619969530.258278, 1619969531.1582098, 1619969532.0350559, 1619969533.4835074, 1619969534.1665535, 1619969535.2993395, 1619969535.6171052, 1619969536.2848465, 1619969536.6184263, 1619969537.4861364, 1619969538.4074235, 1619969539.0409803, 1619969540.3502734, 1619969540.7061462, 1619969541.4242284, 1619969542.0860093, 1619969543.2431545, 1619969543.9714751, 1619969544.3157365, 1619969545.4204876, 1619969546.803676], "episode_lengths": [590, 379, 262, 450, 778, 945, 626, 320, 684, 268, 516, 1051, 509, 867, 744, 517, 595, 684, 743, 1047, 910, 754, 501, 766, 550, 519, 786, 484, 942, 464, 679, 651, 1138, 521, 902, 243, 516, 254, 676, 727, 481, 1029, 268, 560, 514, 895, 492, 271, 865, 1069], "episode_rewards": [260.0, 110.0, 50.0, 125.0, 315.0, 400.0, 295.0, 105.0, 210.0, 50.0, 185.0, 515.0, 210.0, 310.0, 270.0, 230.0, 160.0, 245.0, 230.0, 210.0, 450.0, 180.0, 185.0, 210.0, 255.0, 80.0, 235.0, 160.0, 320.0, 125.0, 160.0, 250.0, 260.0, 215.0, 320.0, 50.0, 185.0, 95.0, 280.0, 565.0, 140.0, 300.0, 50.0, 240.0, 105.0, 415.0, 210.0, 70.0, 550.0, 530.0], "episode_types": ["t", "t", "t", "t", "t", "t", "t", "t", "t", "t", "t", "t", "t", "t", "t", "t", "t", "t", "t", "t", "t", "t", "t", "t", "t", "t", "t", "t", "t", "t", "t", "t", "t", "t", "t", "t", "t", "t", "t", "t", "t", "t", "t", "t", "t", "t", "t", "t", "t", "t", "t"]}