{"initial_reset_timestamp": 1619967830.3871806, "timestamps": [1619967831.6695037, 1619967832.843394, 1619967833.649512, 1619967834.4091537, 1619967834.7833471, 1619967835.8568401, 1619967836.6263177, 1619967837.3026211, 1619967838.2196746, 1619967838.9202297, 1619967839.7405622, 1619967840.4015546, 1619967841.2295606, 1619967841.580489, 1619967842.3216364, 1619967842.9466965, 1619967843.7833598, 1619967844.6844575, 1619967845.2950416, 1619967845.9180834, 1619967846.906027, 1619967847.848027, 1619967848.8753684, 1619967850.3003886, 1619967851.0075693, 1619967851.655477, 1619967852.3139358, 1619967852.91189, 1619967853.9049494, 1619967854.5312107, 1619967855.2199993, 1619967856.207843, 1619967857.250119, 1619967858.1561108, 1619967858.7857482, 1619967859.8805559, 1619967860.7884088, 1619967861.4449158, 1619967862.6308978, 1619967864.0426228, 1619967864.8058283, 1619967865.792026, 1619967866.5431235, 1619967866.9545186, 1619967867.543397, 1619967868.294254, 1619967869.1065986, 1619967869.9214516, 1619967870.955105, 1619967871.3037784], "episode_lengths": [805, 701, 647, 601, 281, 859, 615, 523, 479, 532, 641, 512, 656, 271, 581, 489, 672, 716, 476, 484, 800, 766, 817, 1101, 560, 512, 521, 257, 782, 491, 537, 799, 839, 724, 487, 862, 713, 521, 957, 1066, 584, 773, 588, 297, 431, 596, 642, 645, 827, 268], "episode_rewards": [370.0, 190.0, 315.0, 240.0, 105.0, 335.0, 165.0, 130.0, 140.0, 155.0, 280.0, 135.0, 285.0, 125.0, 185.0, 215.0, 390.0, 275.0, 165.0, 160.0, 275.0, 310.0, 690.0, 450.0, 185.0, 215.0, 215.0, 35.0, 345.0, 215.0, 150.0, 345.0, 490.0, 275.0, 155.0, 345.0, 270.0, 160.0, 385.0, 435.0, 190.0, 265.0, 140.0, 125.0, 115.0, 165.0, 230.0, 245.0, 265.0, 50.0], "episode_types": ["t", "t", "t", "t", "t", "t", "t", "t", "t", "t", "t", "t", "t", "t", "t", "t", "t", "t", "t", "t", "t", "t", "t", "t", "t", "t", "t", "t", "t", "t", "t", "t", "t", "t", "t", "t", "t", "t", "t", "t", "t", "t", "t", "t", "t", "t", "t", "t", "t", "t", "t"]}