{"initial_reset_timestamp": 1619977777.4451175, "timestamps": [1619977778.8444355, 1619977780.5573065, 1619977781.4941318, 1619977782.237788, 1619977783.1011653, 1619977783.9817142, 1619977784.5704143, 1619977785.282114, 1619977786.821036, 1619977787.2690146, 1619977788.2299035, 1619977789.0565643, 1619977789.9181275, 1619977790.4043727, 1619977791.2551491, 1619977792.0595548, 1619977792.636665, 1619977793.3738325, 1619977793.9688885, 1619977795.4765267, 1619977796.0948567, 1619977796.99237, 1619977797.9244688, 1619977798.7048347, 1619977799.6669402, 1619977800.7565346, 1619977801.7220938, 1619977803.1442866, 1619977803.97192, 1619977804.787217, 1619977805.1372027, 1619977806.106188, 1619977806.9159424, 1619977808.1798582, 1619977809.106877, 1619977809.948854, 1619977810.3917692, 1619977811.045843, 1619977811.98809, 1619977812.6224241, 1619977813.459224, 1619977814.1517653, 1619977814.512238, 1619977815.3362598, 1619977815.9525752, 1619977816.91863, 1619977817.6900454, 1619977818.4450965, 1619977819.0162578, 1619977820.0467348], "episode_lengths": [461, 697, 754, 623, 730, 741, 492, 597, 585, 352, 811, 692, 723, 404, 721, 674, 484, 615, 501, 1326, 518, 749, 787, 661, 815, 922, 815, 476, 663, 683, 290, 816, 679, 1105, 785, 711, 369, 543, 796, 533, 703, 583, 299, 690, 513, 819, 641, 632, 475, 873], "episode_rewards": [80.0, 160.0, 505.0, 295.0, 470.0, 295.0, 150.0, 220.0, 260.0, 60.0, 335.0, 455.0, 430.0, 95.0, 430.0, 270.0, 160.0, 380.0, 215.0, 555.0, 120.0, 315.0, 445.0, 255.0, 325.0, 220.0, 275.0, 185.0, 145.0, 225.0, 100.0, 325.0, 245.0, 490.0, 315.0, 470.0, 30.0, 50.0, 490.0, 225.0, 165.0, 170.0, 15.0, 190.0, 185.0, 320.0, 85.0, 265.0, 90.0, 275.0], "episode_types": ["t", "t", "t", "t", "t", "t", "t", "t", "t", "t", "t", "t", "t", "t", "t", "t", "t", "t", "t", "t", "t", "t", "t", "t", "t", "t", "t", "t", "t", "t", "t", "t", "t", "t", "t", "t", "t", "t", "t", "t", "t", "t", "t", "t", "t", "t", "t", "t", "t", "t", "t"]}