{"initial_reset_timestamp": 1620020917.2063863, "timestamps": [1620020918.9431584, 1620020920.6435506, 1620020921.6706038, 1620020922.7155926, 1620020924.0363343, 1620020925.4299586, 1620020926.7867746, 1620020927.8646705, 1620020929.6398196, 1620020930.657575, 1620020931.6418366, 1620020932.2907863, 1620020933.6265848, 1620020934.9209754, 1620020936.3881884, 1620020937.672353, 1620020938.6784668, 1620020939.4619358, 1620020940.787866, 1620020942.1028767, 1620020943.3834097, 1620020944.8040876, 1620020945.8246982, 1620020946.81162, 1620020947.820182, 1620020948.8940134, 1620020949.9453084, 1620020952.4119854, 1620020953.7451282, 1620020955.0989316, 1620020956.0257208, 1620020957.0891147, 1620020959.188197, 1620020960.196242, 1620020961.2636201, 1620020962.5914407, 1620020963.5452247, 1620020964.529893, 1620020965.5179563, 1620020967.2029912, 1620020968.1436608, 1620020969.1201618, 1620020970.4197552, 1620020971.4252558, 1620020972.4468741, 1620020973.520498, 1620020974.518055, 1620020975.8994298, 1620020977.1921878, 1620020978.1805668], "episode_lengths": [631, 615, 624, 637, 827, 817, 844, 639, 634, 615, 582, 399, 826, 810, 852, 812, 636, 492, 827, 816, 805, 831, 623, 626, 595, 631, 628, 1079, 797, 802, 582, 627, 1292, 614, 610, 846, 607, 625, 626, 1050, 596, 593, 801, 584, 623, 654, 590, 852, 801, 627], "episode_rewards": [355.0, 135.0, 165.0, 140.0, 210.0, 235.0, 215.0, 155.0, 210.0, 155.0, 135.0, 105.0, 250.0, 195.0, 245.0, 165.0, 210.0, 105.0, 245.0, 450.0, 185.0, 195.0, 135.0, 130.0, 105.0, 155.0, 355.0, 315.0, 145.0, 255.0, 105.0, 160.0, 690.0, 130.0, 165.0, 200.0, 130.0, 155.0, 140.0, 285.0, 120.0, 120.0, 195.0, 150.0, 155.0, 150.0, 140.0, 215.0, 195.0, 160.0], "episode_types": ["t", "t", "t", "t", "t", "t", "t", "t", "t", "t", "t", "t", "t", "t", "t", "t", "t", "t", "t", "t", "t", "t", "t", "t", "t", "t", "t", "t", "t", "t", "t", "t", "t", "t", "t", "t", "t", "t", "t", "t", "t", "t", "t", "t", "t", "t", "t", "t", "t", "t", "t"]}