{"initial_reset_timestamp": 1619968432.7908413, "timestamps": [1619968435.2511225, 1619968437.0350726, 1619968438.3520231, 1619968439.630473, 1619968440.6032178, 1619968441.622545, 1619968443.5372455, 1619968444.6361098, 1619968446.425543, 1619968448.4014184, 1619968449.5401766, 1619968451.2971327, 1619968452.2522984, 1619968453.587151, 1619968454.6527689, 1619968455.2682178, 1619968456.2509604, 1619968457.1536057, 1619968459.239373, 1619968460.3632975, 1619968461.6350937, 1619968462.5468564, 1619968463.5078402, 1619968464.5389876, 1619968465.296257, 1619968466.9600148, 1619968468.052679, 1619968469.7648857, 1619968470.9776752, 1619968471.9584353, 1619968473.2118778, 1619968474.4966686, 1619968475.4979494, 1619968477.0865574, 1619968478.1727285, 1619968479.0876844, 1619968480.339762, 1619968481.2422864, 1619968482.1938512, 1619968483.4315193, 1619968484.3568733, 1619968485.591476, 1619968486.5457973, 1619968488.196895, 1619968489.4135444, 1619968490.4163888, 1619968491.472015, 1619968492.2452462, 1619968493.4893901, 1619968494.3765552], "episode_lengths": [1020, 712, 831, 839, 634, 665, 1253, 707, 722, 1268, 737, 1138, 615, 860, 687, 394, 633, 580, 1360, 728, 811, 586, 615, 661, 483, 1061, 696, 648, 774, 643, 821, 836, 655, 1047, 712, 601, 822, 592, 619, 805, 602, 812, 627, 1093, 794, 656, 693, 506, 816, 580], "episode_rewards": [240.0, 175.0, 430.0, 405.0, 335.0, 150.0, 225.0, 155.0, 165.0, 425.0, 355.0, 730.0, 165.0, 210.0, 110.0, 75.0, 360.0, 120.0, 285.0, 170.0, 130.0, 110.0, 215.0, 145.0, 105.0, 315.0, 180.0, 150.0, 160.0, 355.0, 200.0, 215.0, 345.0, 330.0, 175.0, 150.0, 250.0, 110.0, 135.0, 190.0, 135.0, 185.0, 135.0, 515.0, 200.0, 140.0, 325.0, 105.0, 150.0, 110.0], "episode_types": ["t", "t", "t", "t", "t", "t", "t", "t", "t", "t", "t", "t", "t", "t", "t", "t", "t", "t", "t", "t", "t", "t", "t", "t", "t", "t", "t", "t", "t", "t", "t", "t", "t", "t", "t", "t", "t", "t", "t", "t", "t", "t", "t", "t", "t", "t", "t", "t", "t", "t", "t"]}