{"initial_reset_timestamp": 1619968164.9968038, "timestamps": [1619968166.133968, 1619968167.277257, 1619968167.940987, 1619968168.8742704, 1619968169.2348876, 1619968170.1012526, 1619968170.792325, 1619968171.7219481, 1619968173.020531, 1619968173.8372838, 1619968174.1762185, 1619968174.721272, 1619968176.069165, 1619968177.0338821, 1619968177.6466641, 1619968178.39791, 1619968179.5303273, 1619968180.0850012, 1619968180.8152804, 1619968181.1527262, 1619968181.8404298, 1619968182.5707297, 1619968183.588748, 1619968183.958245, 1619968185.2671065, 1619968185.8657768, 1619968186.2037385, 1619968187.200687, 1619968188.1055312, 1619968188.753134, 1619968189.492705, 1619968190.4246833, 1619968191.5537672, 1619968192.8782592, 1619968193.510845, 1619968194.032901, 1619968194.8949273, 1619968195.3837852, 1619968196.038827, 1619968196.3828592, 1619968196.729169, 1619968197.842555, 1619968199.800455, 1619968200.8403046, 1619968201.4811466, 1619968201.8213186, 1619968202.463005, 1619968203.4983716, 1619968204.0052986, 1619968204.6706965], "episode_lengths": [717, 686, 516, 748, 285, 696, 552, 755, 831, 631, 268, 431, 1095, 778, 491, 604, 921, 446, 586, 265, 550, 586, 819, 285, 1031, 470, 262, 586, 712, 518, 594, 752, 912, 1081, 507, 414, 696, 388, 524, 273, 272, 906, 1620, 819, 513, 268, 515, 790, 343, 516], "episode_rewards": [260.0, 425.0, 185.0, 485.0, 120.0, 225.0, 95.0, 280.0, 275.0, 215.0, 50.0, 55.0, 430.0, 265.0, 165.0, 260.0, 465.0, 160.0, 215.0, 50.0, 115.0, 215.0, 520.0, 35.0, 260.0, 65.0, 70.0, 215.0, 340.0, 160.0, 260.0, 305.0, 415.0, 710.0, 215.0, 50.0, 270.0, 95.0, 150.0, 100.0, 70.0, 340.0, 1045.0, 315.0, 155.0, 70.0, 180.0, 320.0, 40.0, 185.0], "episode_types": ["t", "t", "t", "t", "t", "t", "t", "t", "t", "t", "t", "t", "t", "t", "t", "t", "t", "t", "t", "t", "t", "t", "t", "t", "t", "t", "t", "t", "t", "t", "t", "t", "t", "t", "t", "t", "t", "t", "t", "t", "t", "t", "t", "t", "t", "t", "t", "t", "t", "t", "t"]}