{"initial_reset_timestamp": 1619990176.8348882, "timestamps": [1619990178.396444, 1619990180.1830952, 1619990180.7981985, 1619990181.5159373, 1619990182.0826023, 1619990183.0747983, 1619990183.9972827, 1619990184.6845298, 1619990186.6735978, 1619990187.293053, 1619990188.2806773, 1619990188.8501053, 1619990189.8309991, 1619990190.6244967, 1619990191.6126986, 1619990192.7442844, 1619990193.845948, 1619990194.7646382, 1619990195.6971889, 1619990196.666293, 1619990197.210817, 1619990198.1089559, 1619990198.6401708, 1619990199.6347463, 1619990200.5685468, 1619990200.9916813, 1619990201.936997, 1619990203.527435, 1619990204.111791, 1619990204.6994112, 1619990205.436845, 1619990205.9870176, 1619990207.0924654, 1619990207.67139, 1619990208.6579115, 1619990208.9821181, 1619990209.5476444, 1619990210.6068304, 1619990211.1763155, 1619990212.162969, 1619990212.7656488, 1619990213.7119973, 1619990214.2875183, 1619990215.3902729, 1619990216.3413444, 1619990216.9122877, 1619990217.6350083, 1619990218.166836, 1619990218.9669948, 1619990219.5410328], "episode_lengths": [500, 691, 516, 627, 484, 866, 807, 600, 869, 512, 857, 492, 863, 693, 859, 998, 976, 805, 818, 855, 474, 795, 463, 874, 823, 364, 832, 536, 483, 505, 646, 481, 978, 503, 861, 277, 496, 937, 495, 861, 529, 843, 500, 978, 844, 495, 636, 467, 709, 499], "episode_rewards": [170.0, 420.0, 145.0, 275.0, 155.0, 200.0, 425.0, 260.0, 120.0, 170.0, 405.0, 125.0, 145.0, 195.0, 125.0, 205.0, 320.0, 220.0, 395.0, 170.0, 165.0, 350.0, 120.0, 335.0, 345.0, 40.0, 195.0, 200.0, 115.0, 125.0, 245.0, 155.0, 285.0, 180.0, 405.0, 50.0, 155.0, 170.0, 185.0, 140.0, 145.0, 185.0, 175.0, 270.0, 190.0, 150.0, 155.0, 135.0, 245.0, 135.0], "episode_types": ["t", "t", "t", "t", "t", "t", "t", "t", "t", "t", "t", "t", "t", "t", "t", "t", "t", "t", "t", "t", "t", "t", "t", "t", "t", "t", "t", "t", "t", "t", "t", "t", "t", "t", "t", "t", "t", "t", "t", "t", "t", "t", "t", "t", "t", "t", "t", "t", "t", "t", "t"]}