{"initial_reset_timestamp": 1619967172.2198312, "timestamps": [1619967173.1409657, 1619967173.7173805, 1619967174.39464, 1619967174.972704, 1619967175.5449173, 1619967176.1369975, 1619967176.445573, 1619967176.924571, 1619967177.4554756, 1619967177.9957833, 1619967178.5487363, 1619967179.1319044, 1619967179.8954628, 1619967180.4952588, 1619967181.4201603, 1619967182.0109038, 1619967182.7983081, 1619967183.6196802, 1619967184.302838, 1619967184.8286695, 1619967185.4123483, 1619967185.8960416, 1619967186.6871629, 1619967187.2687633, 1619967188.3613882, 1619967188.8797739, 1619967189.558125, 1619967190.1041615, 1619967190.9564016, 1619967191.4918313, 1619967192.347903, 1619967192.8984923, 1619967193.452878, 1619967194.1848636, 1619967194.7725587, 1619967195.4089437, 1619967196.5215042, 1619967197.4718797, 1619967198.187214, 1619967199.2569182, 1619967199.874289, 1619967200.2065504, 1619967200.5801215, 1619967201.2402422, 1619967202.2189605, 1619967202.856344, 1619967203.4302104, 1619967204.0709505, 1619967204.756458, 1619967205.7134016], "episode_lengths": [599, 281, 578, 504, 497, 517, 265, 411, 255, 453, 482, 509, 669, 516, 803, 513, 687, 709, 594, 450, 501, 414, 687, 483, 953, 434, 594, 268, 723, 462, 753, 478, 483, 626, 515, 548, 971, 831, 610, 923, 510, 282, 291, 520, 809, 526, 481, 529, 580, 842], "episode_rewards": [410.0, 105.0, 290.0, 185.0, 150.0, 185.0, 50.0, 65.0, 35.0, 110.0, 60.0, 160.0, 140.0, 125.0, 260.0, 180.0, 255.0, 225.0, 255.0, 115.0, 160.0, 65.0, 240.0, 160.0, 365.0, 225.0, 210.0, 50.0, 200.0, 85.0, 270.0, 185.0, 115.0, 215.0, 210.0, 215.0, 395.0, 550.0, 180.0, 420.0, 140.0, 120.0, 65.0, 210.0, 520.0, 185.0, 185.0, 110.0, 200.0, 390.0], "episode_types": ["t", "t", "t", "t", "t", "t", "t", "t", "t", "t", "t", "t", "t", "t", "t", "t", "t", "t", "t", "t", "t", "t", "t", "t", "t", "t", "t", "t", "t", "t", "t", "t", "t", "t", "t", "t", "t", "t", "t", "t", "t", "t", "t", "t", "t", "t", "t", "t", "t", "t", "t"]}