{"initial_reset_timestamp": 1619980410.47176, "timestamps": [1619980412.628393, 1619980414.9457965, 1619980415.894833, 1619980416.7739933, 1619980417.869585, 1619980418.6520731, 1619980419.4159915, 1619980420.7233663, 1619980422.8180106, 1619980423.6080499, 1619980424.4126751, 1619980425.206775, 1619980426.6388931, 1619980427.8893414, 1619980428.6061294, 1619980429.6516984, 1619980430.4514468, 1619980431.1702478, 1619980432.1313686, 1619980432.890036, 1619980433.6513348, 1619980434.9158087, 1619980435.7949288, 1619980436.5179658, 1619980437.7339494, 1619980438.6213868, 1619980439.333913, 1619980441.3955817, 1619980442.2075675, 1619980443.1500149, 1619980443.890939, 1619980445.0032134, 1619980446.10461, 1619980446.8578258, 1619980448.0389864, 1619980448.795698, 1619980449.5011535, 1619980450.197494, 1619980451.4138994, 1619980452.2972145, 1619980453.2126648, 1619980453.9977655, 1619980455.397881, 1619980456.1229813, 1619980457.145991, 1619980458.0715818, 1619980459.2293696, 1619980460.0144386, 1619980460.7061694, 1619980461.488097], "episode_lengths": [638, 780, 738, 694, 868, 619, 602, 1056, 626, 619, 639, 634, 1030, 1018, 569, 835, 639, 581, 803, 639, 639, 1074, 734, 604, 1032, 731, 583, 610, 648, 776, 608, 925, 918, 619, 986, 623, 589, 585, 1030, 731, 758, 646, 1177, 595, 846, 767, 971, 648, 567, 645], "episode_rewards": [210.0, 255.0, 180.0, 415.0, 275.0, 185.0, 320.0, 640.0, 140.0, 185.0, 380.0, 210.0, 565.0, 360.0, 320.0, 240.0, 210.0, 110.0, 285.0, 210.0, 210.0, 345.0, 230.0, 125.0, 320.0, 285.0, 135.0, 175.0, 170.0, 230.0, 185.0, 285.0, 315.0, 180.0, 355.0, 360.0, 140.0, 135.0, 375.0, 220.0, 260.0, 180.0, 515.0, 140.0, 215.0, 270.0, 360.0, 210.0, 105.0, 210.0], "episode_types": ["t", "t", "t", "t", "t", "t", "t", "t", "t", "t", "t", "t", "t", "t", "t", "t", "t", "t", "t", "t", "t", "t", "t", "t", "t", "t", "t", "t", "t", "t", "t", "t", "t", "t", "t", "t", "t", "t", "t", "t", "t", "t", "t", "t", "t", "t", "t", "t", "t", "t", "t"]}