{"initial_reset_timestamp": 1619974521.350546, "timestamps": [1619974523.558652, 1619974525.5265753, 1619974525.9304638, 1619974526.7904248, 1619974527.4050753, 1619974528.221771, 1619974528.5878065, 1619974529.05182, 1619974530.9099622, 1619974531.9265208, 1619974532.9660494, 1619974533.8900034, 1619974534.425375, 1619974535.1017065, 1619974536.0748305, 1619974536.904214, 1619974537.657206, 1619974538.2337053, 1619974539.2469678, 1619974539.931614, 1619974540.2959964, 1619974540.9859257, 1619974541.4962864, 1619974542.3086185, 1619974543.0771317, 1619974543.477802, 1619974543.782092, 1619974545.4821644, 1619974546.3442614, 1619974546.9216104, 1619974547.4309733, 1619974548.2833989, 1619974548.662218, 1619974549.235818, 1619974549.8080735, 1619974550.1699145, 1619974551.0854824, 1619974551.4404204, 1619974552.0273464, 1619974552.59372, 1619974553.1852825, 1619974554.0055084, 1619974554.9027455, 1619974555.5678058, 1619974556.252376, 1619974556.822028, 1619974557.4175203, 1619974557.9960842, 1619974558.6001995, 1619974558.980228], "episode_lengths": [465, 568, 315, 709, 500, 665, 293, 380, 493, 829, 860, 764, 437, 481, 816, 685, 621, 473, 840, 559, 294, 568, 415, 670, 633, 329, 244, 377, 699, 471, 415, 704, 307, 472, 475, 294, 758, 290, 484, 471, 487, 681, 750, 553, 575, 472, 493, 489, 510, 315], "episode_rewards": [145.0, 250.0, 95.0, 135.0, 170.0, 90.0, 55.0, 90.0, 130.0, 235.0, 205.0, 515.0, 60.0, 155.0, 180.0, 160.0, 140.0, 70.0, 145.0, 140.0, 30.0, 175.0, 65.0, 135.0, 200.0, 90.0, 15.0, 90.0, 370.0, 155.0, 85.0, 205.0, 25.0, 195.0, 110.0, 25.0, 265.0, 25.0, 145.0, 140.0, 150.0, 330.0, 240.0, 215.0, 400.0, 90.0, 120.0, 90.0, 125.0, 35.0], "episode_types": ["t", "t", "t", "t", "t", "t", "t", "t", "t", "t", "t", "t", "t", "t", "t", "t", "t", "t", "t", "t", "t", "t", "t", "t", "t", "t", "t", "t", "t", "t", "t", "t", "t", "t", "t", "t", "t", "t", "t", "t", "t", "t", "t", "t", "t", "t", "t", "t", "t", "t", "t"]}