{"initial_reset_timestamp": 1619988607.3999357, "timestamps": [1619988609.7723494, 1619988612.2161262, 1619988613.127271, 1619988614.369784, 1619988615.4725657, 1619988616.4623308, 1619988617.458509, 1619988618.3833706, 1619988620.7894228, 1619988621.8147352, 1619988624.2870183, 1619988625.270836, 1619988626.7925375, 1619988627.7771106, 1619988629.2190573, 1619988630.1074214, 1619988631.1168966, 1619988632.1160903, 1619988633.0247111, 1619988634.167208, 1619988635.0686119, 1619988636.05215, 1619988636.946988, 1619988637.932533, 1619988638.8115299, 1619988639.831095, 1619988641.1612942, 1619988643.7539146, 1619988644.7756348, 1619988645.7833214, 1619988646.838135, 1619988647.7813003, 1619988648.751809, 1619988649.6561604, 1619988650.6413145, 1619988651.6284788, 1619988652.5045798, 1619988653.4666162, 1619988654.4351294, 1619988655.8304663, 1619988656.7023795, 1619988657.6279435, 1619988658.4884508, 1619988659.4726703, 1619988660.3998125, 1619988661.341383, 1619988662.279306, 1619988663.287186, 1619988664.599066, 1619988665.8073704], "episode_lengths": [590, 622, 526, 756, 665, 596, 601, 558, 612, 601, 1550, 601, 954, 601, 903, 542, 612, 612, 553, 702, 548, 601, 542, 601, 532, 622, 832, 736, 601, 612, 644, 574, 590, 553, 601, 601, 532, 585, 590, 857, 532, 564, 526, 612, 601, 612, 612, 657, 874, 808], "episode_rewards": [565.0, 395.0, 340.0, 590.0, 295.0, 485.0, 290.0, 305.0, 340.0, 315.0, 945.0, 565.0, 575.0, 380.0, 520.0, 495.0, 335.0, 800.0, 295.0, 440.0, 395.0, 320.0, 280.0, 365.0, 295.0, 265.0, 495.0, 745.0, 495.0, 415.0, 305.0, 340.0, 340.0, 475.0, 340.0, 285.0, 345.0, 340.0, 370.0, 445.0, 395.0, 320.0, 350.0, 740.0, 370.0, 365.0, 395.0, 515.0, 485.0, 570.0], "episode_types": ["t", "t", "t", "t", "t", "t", "t", "t", "t", "t", "t", "t", "t", "t", "t", "t", "t", "t", "t", "t", "t", "t", "t", "t", "t", "t", "t", "t", "t", "t", "t", "t", "t", "t", "t", "t", "t", "t", "t", "t", "t", "t", "t", "t", "t", "t", "t", "t", "t", "t", "t"]}