{"initial_reset_timestamp": 1619978678.2337325, "timestamps": [1619978679.6921978, 1619978681.4612603, 1619978681.9450347, 1619978682.3471396, 1619978682.6803746, 1619978683.4313245, 1619978684.138003, 1619978684.5516424, 1619978686.1193757, 1619978686.8941557, 1619978687.5026205, 1619978687.967198, 1619978688.5908089, 1619978688.9961765, 1619978690.0686016, 1619978690.4751873, 1619978690.9264553, 1619978691.6471953, 1619978692.6003084, 1619978693.6961215, 1619978694.899446, 1619978695.2605586, 1619978695.8636193, 1619978696.4686542, 1619978697.0592577, 1619978697.900777, 1619978698.673467, 1619978700.6539664, 1619978701.0096247, 1619978701.733323, 1619978702.712822, 1619978703.4258943, 1619978704.1442041, 1619978704.5929415, 1619978705.2016623, 1619978705.7668877, 1619978706.5662308, 1619978706.960292, 1619978707.5768166, 1619978708.3800433, 1619978708.9758165, 1619978709.3443308, 1619978710.2315013, 1619978710.8087337, 1619978711.1320891, 1619978711.857274, 1619978712.6356905, 1619978713.3986084, 1619978714.1242077, 1619978714.8300955], "episode_lengths": [398, 631, 375, 327, 268, 619, 591, 340, 481, 631, 504, 380, 519, 335, 905, 336, 376, 603, 800, 930, 1033, 301, 500, 502, 490, 712, 646, 813, 273, 599, 816, 594, 602, 372, 505, 473, 670, 327, 510, 676, 494, 308, 748, 481, 267, 606, 650, 638, 607, 596], "episode_rewards": [110.0, 215.0, 110.0, 125.0, 65.0, 95.0, 215.0, 95.0, 385.0, 415.0, 165.0, 95.0, 180.0, 40.0, 485.0, 40.0, 50.0, 160.0, 285.0, 350.0, 395.0, 60.0, 115.0, 135.0, 125.0, 200.0, 225.0, 210.0, 50.0, 145.0, 195.0, 185.0, 230.0, 60.0, 240.0, 130.0, 400.0, 85.0, 160.0, 310.0, 195.0, 75.0, 275.0, 160.0, 55.0, 155.0, 185.0, 185.0, 240.0, 215.0], "episode_types": ["t", "t", "t", "t", "t", "t", "t", "t", "t", "t", "t", "t", "t", "t", "t", "t", "t", "t", "t", "t", "t", "t", "t", "t", "t", "t", "t", "t", "t", "t", "t", "t", "t", "t", "t", "t", "t", "t", "t", "t", "t", "t", "t", "t", "t", "t", "t", "t", "t", "t", "t"]}