{"initial_reset_timestamp": 1619968898.6678052, "timestamps": [1619968899.9819894, 1619968901.7228901, 1619968902.0934572, 1619968902.4054358, 1619968903.1613677, 1619968903.9909773, 1619968904.3012214, 1619968904.940473, 1619968906.1743605, 1619968906.8365488, 1619968907.5798032, 1619968907.8991926, 1619968908.214369, 1619968908.5569031, 1619968909.4074605, 1619968909.7147274, 1619968910.0200915, 1619968910.6490936, 1619968911.316328, 1619968911.931307, 1619968912.6935139, 1619968913.2695773, 1619968913.579528, 1619968914.2969642, 1619968914.9113472, 1619968915.8589041, 1619968916.5880237, 1619968917.8557668, 1619968918.1786122, 1619968918.5696998, 1619968918.8846712, 1619968919.1908624, 1619968919.5086427, 1619968920.1090708, 1619968920.4150505, 1619968921.0478346, 1619968922.3067756, 1619968923.0250967, 1619968923.6810725, 1619968924.2762246, 1619968924.6186197, 1619968925.364521, 1619968926.5149312, 1619968927.1304653, 1619968927.431317, 1619968927.7427435, 1619968928.054377, 1619968928.860195, 1619968929.1696558, 1619968929.7524166], "episode_lengths": [291, 518, 276, 252, 582, 677, 252, 518, 252, 530, 613, 252, 252, 252, 695, 253, 252, 492, 518, 508, 629, 479, 252, 595, 488, 706, 606, 252, 252, 313, 252, 252, 252, 497, 252, 524, 1047, 564, 515, 493, 276, 623, 957, 505, 251, 251, 252, 681, 252, 482], "episode_rewards": [50.0, 110.0, 35.0, 35.0, 75.0, 115.0, 35.0, 105.0, 35.0, 95.0, 155.0, 35.0, 35.0, 35.0, 200.0, 30.0, 35.0, 145.0, 90.0, 160.0, 175.0, 80.0, 30.0, 185.0, 95.0, 165.0, 100.0, 35.0, 35.0, 35.0, 35.0, 35.0, 35.0, 95.0, 35.0, 120.0, 210.0, 115.0, 175.0, 70.0, 35.0, 215.0, 410.0, 110.0, 30.0, 35.0, 35.0, 170.0, 35.0, 75.0], "episode_types": ["t", "t", "t", "t", "t", "t", "t", "t", "t", "t", "t", "t", "t", "t", "t", "t", "t", "t", "t", "t", "t", "t", "t", "t", "t", "t", "t", "t", "t", "t", "t", "t", "t", "t", "t", "t", "t", "t", "t", "t", "t", "t", "t", "t", "t", "t", "t", "t", "t", "t", "t"]}