{"initial_reset_timestamp": 1620021575.5563538, "timestamps": [1620021577.5048318, 1620021579.3300805, 1620021580.1817575, 1620021580.930011, 1620021581.2791767, 1620021582.0843084, 1620021582.6514745, 1620021583.4443686, 1620021585.356107, 1620021586.0930133, 1620021586.8810415, 1620021587.9018755, 1620021588.9018478, 1620021589.896348, 1620021590.6425154, 1620021591.6396236, 1620021592.7114317, 1620021593.551914, 1620021594.4460359, 1620021595.1002162, 1620021595.9576685, 1620021596.5658598, 1620021597.49409, 1620021598.469028, 1620021599.3317013, 1620021599.6924398, 1620021600.5459962, 1620021602.3484411, 1620021602.9975955, 1620021603.5916393, 1620021604.2003217, 1620021604.8230863, 1620021605.4223967, 1620021605.7848806, 1620021606.3891869, 1620021607.4136193, 1620021608.2670693, 1620021609.225751, 1620021609.8543272, 1620021610.656164, 1620021611.6277485, 1620021612.56987, 1620021613.7442589, 1620021614.5540917, 1620021615.6593466, 1620021616.3896167, 1620021617.232836, 1620021618.0770767, 1620021618.6895204, 1620021619.1347935], "episode_lengths": [840, 701, 725, 642, 295, 693, 483, 681, 827, 600, 673, 883, 821, 848, 641, 860, 922, 699, 767, 556, 731, 510, 783, 822, 723, 297, 724, 749, 535, 505, 519, 534, 513, 308, 518, 901, 725, 763, 517, 682, 823, 744, 980, 696, 910, 601, 691, 632, 514, 371], "episode_rewards": [245.0, 195.0, 265.0, 265.0, 80.0, 185.0, 50.0, 195.0, 490.0, 200.0, 145.0, 190.0, 300.0, 405.0, 220.0, 375.0, 495.0, 140.0, 305.0, 140.0, 360.0, 110.0, 280.0, 305.0, 465.0, 90.0, 290.0, 545.0, 110.0, 115.0, 170.0, 180.0, 140.0, 50.0, 170.0, 695.0, 230.0, 405.0, 155.0, 200.0, 540.0, 285.0, 270.0, 205.0, 265.0, 85.0, 215.0, 235.0, 140.0, 80.0], "episode_types": ["t", "t", "t", "t", "t", "t", "t", "t", "t", "t", "t", "t", "t", "t", "t", "t", "t", "t", "t", "t", "t", "t", "t", "t", "t", "t", "t", "t", "t", "t", "t", "t", "t", "t", "t", "t", "t", "t", "t", "t", "t", "t", "t", "t", "t", "t", "t", "t", "t", "t", "t"]}