{"initial_reset_timestamp": 1619985825.230577, "timestamps": [1619985827.5124238, 1619985829.7586987, 1619985830.7829754, 1619985832.0469084, 1619985833.0454836, 1619985833.8288455, 1619985835.000885, 1619985835.9922574, 1619985838.317454, 1619985839.412197, 1619985840.6175008, 1619985841.4107583, 1619985842.6133044, 1619985843.591145, 1619985844.6400843, 1619985845.9809058, 1619985847.403127, 1619985848.3771548, 1619985849.1690388, 1619985850.147555, 1619985851.1674085, 1619985852.2589934, 1619985853.315819, 1619985854.2968135, 1619985855.2060764, 1619985856.18408, 1619985857.1581085, 1619985859.3784964, 1619985860.8367696, 1619985862.0727108, 1619985863.419428, 1619985864.7980032, 1619985865.9932032, 1619985866.977128, 1619985868.3125575, 1619985869.979404, 1619985870.819357, 1619985872.270822, 1619985873.264614, 1619985874.2544372, 1619985875.7050233, 1619985876.7194617, 1619985877.8543115, 1619985879.0878265, 1619985880.1683915, 1619985881.238179, 1619985882.0314133, 1619985883.139755, 1619985884.3363886, 1619985885.33386], "episode_lengths": [621, 590, 606, 764, 598, 472, 710, 596, 650, 644, 727, 476, 727, 590, 634, 807, 859, 588, 475, 590, 618, 663, 637, 591, 546, 588, 590, 587, 872, 743, 813, 839, 725, 594, 806, 1014, 501, 878, 597, 593, 874, 614, 690, 749, 655, 644, 478, 666, 721, 595], "episode_rewards": [210.0, 180.0, 200.0, 445.0, 155.0, 135.0, 235.0, 135.0, 155.0, 180.0, 220.0, 90.0, 195.0, 135.0, 215.0, 255.0, 230.0, 135.0, 110.0, 160.0, 180.0, 180.0, 385.0, 180.0, 90.0, 90.0, 155.0, 155.0, 360.0, 225.0, 210.0, 275.0, 225.0, 155.0, 255.0, 480.0, 160.0, 295.0, 155.0, 155.0, 235.0, 240.0, 485.0, 440.0, 180.0, 215.0, 120.0, 380.0, 225.0, 155.0], "episode_types": ["t", "t", "t", "t", "t", "t", "t", "t", "t", "t", "t", "t", "t", "t", "t", "t", "t", "t", "t", "t", "t", "t", "t", "t", "t", "t", "t", "t", "t", "t", "t", "t", "t", "t", "t", "t", "t", "t", "t", "t", "t", "t", "t", "t", "t", "t", "t", "t", "t", "t", "t"]}