{"initial_reset_timestamp": 1619971478.8076375, "timestamps": [1619971480.7849429, 1619971482.603909, 1619971484.0611563, 1619971484.6639245, 1619971485.4067957, 1619971486.1402204, 1619971487.6488705, 1619971488.4548109, 1619971491.2550077, 1619971492.649517, 1619971493.4201653, 1619971494.2384598, 1619971494.8709168, 1619971495.507329, 1619971496.2047985, 1619971497.5168884, 1619971498.2649803, 1619971498.9516454, 1619971499.842065, 1619971500.4324455, 1619971501.181535, 1619971501.7855773, 1619971502.8946924, 1619971503.488415, 1619971504.3421144, 1619971505.1161566, 1619971505.774244, 1619971508.6969886, 1619971509.613747, 1619971510.2453148, 1619971510.8553245, 1619971511.420868, 1619971512.4602764, 1619971513.303416, 1619971513.957155, 1619971514.4929526, 1619971515.4118817, 1619971516.0018084, 1619971517.0291886, 1619971517.7989833, 1619971519.1782937, 1619971520.1177542, 1619971520.928096, 1619971522.5749383, 1619971523.8688502, 1619971524.884784, 1619971525.6574128, 1619971526.48351, 1619971527.0892816, 1619971527.8482], "episode_lengths": [482, 379, 931, 385, 476, 472, 977, 518, 995, 887, 491, 526, 404, 409, 450, 848, 480, 438, 574, 378, 480, 388, 718, 380, 554, 499, 421, 1080, 565, 383, 378, 353, 659, 526, 409, 335, 576, 368, 646, 483, 870, 589, 507, 1038, 819, 641, 483, 519, 379, 473], "episode_rewards": [170.0, 175.0, 415.0, 185.0, 220.0, 205.0, 485.0, 180.0, 350.0, 330.0, 195.0, 160.0, 165.0, 245.0, 220.0, 425.0, 160.0, 225.0, 290.0, 175.0, 170.0, 105.0, 300.0, 135.0, 420.0, 210.0, 185.0, 635.0, 315.0, 115.0, 135.0, 130.0, 285.0, 160.0, 170.0, 125.0, 420.0, 150.0, 320.0, 185.0, 230.0, 305.0, 150.0, 220.0, 665.0, 575.0, 150.0, 335.0, 175.0, 170.0], "episode_types": ["t", "t", "t", "t", "t", "t", "t", "t", "t", "t", "t", "t", "t", "t", "t", "t", "t", "t", "t", "t", "t", "t", "t", "t", "t", "t", "t", "t", "t", "t", "t", "t", "t", "t", "t", "t", "t", "t", "t", "t", "t", "t", "t", "t", "t", "t", "t", "t", "t", "t", "t"]}