{"initial_reset_timestamp": 1619984422.133117, "timestamps": [1619984424.0281794, 1619984425.8977513, 1619984426.5379963, 1619984426.8773186, 1619984427.4499414, 1619984428.0510476, 1619984428.4471424, 1619984429.573909, 1619984431.505481, 1619984432.2930465, 1619984432.8929935, 1619984433.4969938, 1619984434.3580837, 1619984434.9892223, 1619984435.6369967, 1619984436.2203321, 1619984436.8229842, 1619984437.2251039, 1619984438.0722153, 1619984438.6977673, 1619984439.2754679, 1619984440.2059062, 1619984440.8630867, 1619984441.6727219, 1619984442.2813113, 1619984443.1343338, 1619984443.5372016, 1619984445.0860567, 1619984445.6731703, 1619984446.7223232, 1619984447.3335085, 1619984447.9503324, 1619984448.5480185, 1619984449.367251, 1619984450.0770037, 1619984451.3850243, 1619984452.1352623, 1619984453.185311, 1619984453.943624, 1619984454.5728688, 1619984455.185324, 1619984455.5790193, 1619984456.6347477, 1619984457.1021001, 1619984457.958951, 1619984458.6610248, 1619984459.4496505, 1619984460.014672, 1619984460.7667668, 1619984461.3563268], "episode_lengths": [727, 685, 487, 269, 460, 479, 317, 937, 761, 617, 475, 487, 700, 509, 524, 466, 486, 320, 676, 502, 464, 759, 527, 657, 486, 695, 320, 460, 457, 848, 486, 496, 481, 661, 578, 1081, 600, 862, 613, 508, 498, 312, 885, 377, 703, 575, 643, 455, 604, 471], "episode_rewards": [395.0, 245.0, 140.0, 65.0, 150.0, 175.0, 55.0, 340.0, 245.0, 240.0, 340.0, 180.0, 300.0, 170.0, 185.0, 205.0, 185.0, 50.0, 120.0, 190.0, 135.0, 280.0, 170.0, 350.0, 165.0, 195.0, 70.0, 135.0, 150.0, 340.0, 185.0, 105.0, 195.0, 260.0, 260.0, 375.0, 215.0, 265.0, 300.0, 140.0, 365.0, 55.0, 250.0, 110.0, 375.0, 235.0, 245.0, 115.0, 230.0, 200.0], "episode_types": ["t", "t", "t", "t", "t", "t", "t", "t", "t", "t", "t", "t", "t", "t", "t", "t", "t", "t", "t", "t", "t", "t", "t", "t", "t", "t", "t", "t", "t", "t", "t", "t", "t", "t", "t", "t", "t", "t", "t", "t", "t", "t", "t", "t", "t", "t", "t", "t", "t", "t", "t"]}