{"initial_reset_timestamp": 1619984941.2478135, "timestamps": [1619984943.2073402, 1619984945.0048797, 1619984945.9223506, 1619984946.7064085, 1619984947.4440162, 1619984948.3061287, 1619984949.1803045, 1619984950.0024316, 1619984951.8395452, 1619984952.7834775, 1619984953.4469697, 1619984954.0234632, 1619984954.8543296, 1619984955.4386914, 1619984956.0526283, 1619984956.9294705, 1619984957.557103, 1619984958.4105196, 1619984959.2943873, 1619984960.3131433, 1619984960.9651906, 1619984962.2392893, 1619984962.9805634, 1619984963.7690654, 1619984964.7885666, 1619984965.5219672, 1619984966.2407675, 1619984968.1066298, 1619984968.8933887, 1619984969.7102127, 1619984970.5273867, 1619984971.8764908, 1619984972.6736395, 1619984973.4258099, 1619984974.1851616, 1619984974.8357086, 1619984975.5714002, 1619984976.3360143, 1619984977.1019158, 1619984977.8621173, 1619984978.766076, 1619984979.3988292, 1619984980.2702882, 1619984981.0339506, 1619984981.737189, 1619984982.6265345, 1619984983.4841847, 1619984984.2212486, 1619984984.957933, 1619984985.5804353], "episode_lengths": [546, 440, 543, 472, 447, 526, 530, 496, 475, 560, 397, 349, 502, 351, 371, 532, 379, 517, 539, 624, 393, 780, 449, 477, 619, 445, 435, 488, 463, 495, 494, 830, 483, 456, 461, 395, 448, 461, 464, 460, 546, 381, 528, 461, 425, 541, 520, 444, 446, 377], "episode_rewards": [240.0, 210.0, 195.0, 210.0, 155.0, 225.0, 210.0, 180.0, 210.0, 200.0, 185.0, 125.0, 180.0, 105.0, 185.0, 215.0, 100.0, 155.0, 210.0, 240.0, 155.0, 315.0, 180.0, 150.0, 240.0, 185.0, 120.0, 210.0, 180.0, 210.0, 210.0, 420.0, 155.0, 180.0, 155.0, 125.0, 185.0, 180.0, 210.0, 210.0, 215.0, 95.0, 210.0, 210.0, 155.0, 180.0, 210.0, 155.0, 180.0, 135.0], "episode_types": ["t", "t", "t", "t", "t", "t", "t", "t", "t", "t", "t", "t", "t", "t", "t", "t", "t", "t", "t", "t", "t", "t", "t", "t", "t", "t", "t", "t", "t", "t", "t", "t", "t", "t", "t", "t", "t", "t", "t", "t", "t", "t", "t", "t", "t", "t", "t", "t", "t", "t", "t"]}