{"initial_reset_timestamp": 1619989568.5629194, "timestamps": [1619989570.694105, 1619989573.1145177, 1619989574.2999797, 1619989575.2614062, 1619989576.3060844, 1619989577.4487743, 1619989578.7915647, 1619989580.4731603, 1619989582.7063174, 1619989583.7197006, 1619989584.790316, 1619989585.9627986, 1619989586.7545462, 1619989588.3720763, 1619989589.3619523, 1619989590.3693583, 1619989591.1652212, 1619989592.3418734, 1619989593.3806772, 1619989594.6592329, 1619989596.0371225, 1619989596.8345068, 1619989598.579559, 1619989599.3955622, 1619989600.4654264, 1619989602.857102, 1619989603.896191, 1619989606.278546, 1619989607.4120154, 1619989608.5282736, 1619989609.6024933, 1619989610.4005888, 1619989612.0689037, 1619989612.873302, 1619989614.0677688, 1619989615.1591277, 1619989616.2254882, 1619989617.3982089, 1619989619.1938794, 1619989620.2214928, 1619989621.3694813, 1619989622.5096152, 1619989623.7365935, 1619989624.7061093, 1619989625.6586225, 1619989626.6476066, 1619989627.930212, 1619989628.8847923, 1619989630.016576, 1619989630.970496, 1619989631.9898636, 1619989633.6435924, 1619989634.804335, 1619989635.576737, 1619989636.1126676, 1619989637.2557554, 1619989638.4214065, 1619989639.3932552, 1619989640.375113, 1619989641.3461268, 1619989642.482958, 1619989643.663769, 1619989644.8434925, 1619989645.9698138, 1619989648.192023, 1619989649.360712, 1619989650.3700683, 1619989651.4016364, 1619989652.403996, 1619989653.548912, 1619989654.6854076, 1619989655.6377473, 1619989656.6614287, 1619989657.6096137, 1619989658.6110115, 1619989659.6632686, 1619989660.8469384, 1619989661.8626716, 1619989662.9826064, 1619989665.2035224, 1619989666.3614337, 1619989668.2499678, 1619989669.3022926, 1619989670.4563353, 1619989671.4856281, 1619989673.31258, 1619989675.1779954, 1619989676.498605, 1619989677.5079591, 1619989678.72093, 1619989679.687347, 1619989681.2109158, 1619989682.2778325, 1619989683.2544804, 1619989684.3051927, 1619989685.4614537, 1619989686.6716583, 1619989687.856002, 1619989688.86671, 1619989689.9143195], "episode_lengths": [583, 727, 717, 597, 646, 711, 840, 1054, 647, 587, 648, 710, 473, 979, 592, 607, 474, 709, 624, 764, 832, 473, 1063, 489, 640, 1492, 621, 655, 657, 657, 633, 470, 992, 472, 707, 647, 628, 697, 1101, 651, 737, 629, 614, 609, 602, 618, 810, 598, 708, 600, 643, 1052, 728, 482, 331, 719, 732, 607, 616, 607, 715, 747, 740, 712, 643, 714, 630, 647, 625, 720, 714, 595, 641, 589, 624, 657, 734, 625, 692, 1384, 715, 1182, 647, 713, 630, 1137, 1163, 814, 621, 749, 592, 941, 654, 603, 644, 716, 749, 731, 620, 643], "episode_rewards": [120.0, 260.0, 260.0, 210.0, 210.0, 225.0, 270.0, 595.0, 210.0, 165.0, 210.0, 260.0, 105.0, 285.0, 210.0, 210.0, 105.0, 270.0, 210.0, 260.0, 315.0, 105.0, 590.0, 105.0, 410.0, 610.0, 180.0, 180.0, 180.0, 180.0, 210.0, 105.0, 330.0, 110.0, 250.0, 210.0, 410.0, 260.0, 365.0, 210.0, 260.0, 180.0, 180.0, 180.0, 180.0, 210.0, 315.0, 180.0, 245.0, 210.0, 210.0, 565.0, 270.0, 105.0, 50.0, 260.0, 240.0, 380.0, 210.0, 155.0, 240.0, 295.0, 260.0, 260.0, 210.0, 280.0, 210.0, 210.0, 180.0, 425.0, 285.0, 185.0, 410.0, 150.0, 210.0, 180.0, 260.0, 210.0, 225.0, 240.0, 255.0, 450.0, 210.0, 280.0, 210.0, 750.0, 715.0, 340.0, 210.0, 280.0, 190.0, 315.0, 180.0, 185.0, 185.0, 270.0, 310.0, 285.0, 210.0, 410.0], "episode_types": ["t", "t", "t", "t", "t", "t", "t", "t", "t", "t", "t", "t", "t", "t", "t", "t", "t", "t", "t", "t", "t", "t", "t", "t", "t", "t", "t", "t", "t", "t", "t", "t", "t", "t", "t", "t", "t", "t", "t", "t", "t", "t", "t", "t", "t", "t", "t", "t", "t", "t", "t", "t", "t", "t", "t", "t", "t", "t", "t", "t", "t", "t", "t", "t", "t", "t", "t", "t", "t", "t", "t", "t", "t", "t", "t", "t", "t", "t", "t", "t", "t", "t", "t", "t", "t", "t", "t", "t", "t", "t", "t", "t", "t", "t", "t", "t", "t", "t", "t", "t", "t"]}