{"initial_reset_timestamp": 1619970182.7948053, "timestamps": [1619970184.603967, 1619970186.9142203, 1619970187.8964946, 1619970188.3427591, 1619970189.2671952, 1619970190.030251, 1619970191.5693202, 1619970193.2913704, 1619970195.2223375, 1619970196.252684, 1619970197.2320328, 1619970198.8230953, 1619970199.5933516, 1619970200.7197583, 1619970201.8246188, 1619970202.6980042, 1619970203.6362758, 1619970204.6024208, 1619970205.3557646, 1619970206.4697316, 1619970207.398241, 1619970208.3398504, 1619970209.9439466, 1619970210.788212, 1619970211.697303, 1619970212.637408, 1619970213.5722506, 1619970215.548595, 1619970216.8624604, 1619970217.8275733, 1619970219.0560262, 1619970219.9625566, 1619970220.7354693, 1619970221.7024343, 1619970222.447789, 1619970223.7505457, 1619970225.0203824, 1619970225.9842246, 1619970226.918211, 1619970228.447504, 1619970229.3968565, 1619970230.4001067, 1619970231.1235085, 1619970232.0596967, 1619970233.4136727, 1619970234.1542225, 1619970235.081805, 1619970236.0951736, 1619970236.8600392, 1619970237.8330204], "episode_lengths": [523, 823, 621, 287, 601, 495, 1007, 1137, 603, 643, 638, 1045, 501, 727, 722, 568, 613, 632, 490, 726, 607, 615, 1056, 538, 594, 613, 610, 631, 839, 629, 802, 591, 498, 629, 486, 854, 831, 620, 610, 1003, 620, 652, 471, 612, 891, 481, 607, 656, 498, 637], "episode_rewards": [75.0, 215.0, 180.0, 15.0, 105.0, 50.0, 235.0, 210.0, 135.0, 120.0, 210.0, 315.0, 75.0, 110.0, 140.0, 150.0, 120.0, 210.0, 75.0, 125.0, 165.0, 155.0, 210.0, 75.0, 130.0, 155.0, 135.0, 120.0, 240.0, 210.0, 240.0, 120.0, 55.0, 210.0, 35.0, 240.0, 250.0, 180.0, 135.0, 125.0, 105.0, 140.0, 50.0, 135.0, 290.0, 105.0, 105.0, 180.0, 105.0, 110.0], "episode_types": ["t", "t", "t", "t", "t", "t", "t", "t", "t", "t", "t", "t", "t", "t", "t", "t", "t", "t", "t", "t", "t", "t", "t", "t", "t", "t", "t", "t", "t", "t", "t", "t", "t", "t", "t", "t", "t", "t", "t", "t", "t", "t", "t", "t", "t", "t", "t", "t", "t", "t", "t"]}