{"initial_reset_timestamp": 1619974412.484403, "timestamps": [1619974413.8041348, 1619974414.6723185, 1619974415.322687, 1619974415.98233, 1619974416.5878897, 1619974417.0627882, 1619974418.5233102, 1619974419.1376643, 1619974420.9294744, 1619974421.8805058, 1619974422.592633, 1619974423.4606059, 1619974424.30133, 1619974425.4607792, 1619974426.1180866, 1619974426.7266304, 1619974427.1476028, 1619974427.7942123, 1619974428.5428696, 1619974429.525543, 1619974429.8734772, 1619974430.5173602, 1619974431.1882784, 1619974431.9299695, 1619974432.5674984, 1619974433.263166, 1619974434.1529117, 1619974435.0077648, 1619974435.6885564, 1619974436.336556, 1619974436.9780676, 1619974437.627125, 1619974438.3729198, 1619974439.373257, 1619974439.9976614, 1619974440.6394663, 1619974441.1254969, 1619974442.281906, 1619974442.8748457, 1619974443.2508938, 1619974443.903142, 1619974444.5514524, 1619974445.151691, 1619974446.0636308, 1619974446.7149467, 1619974447.3364935, 1619974447.921687, 1619974448.56239, 1619974449.14058, 1619974450.0416074], "episode_lengths": [830, 477, 505, 528, 481, 376, 1220, 494, 1180, 745, 566, 693, 672, 936, 519, 488, 332, 509, 594, 797, 273, 509, 533, 590, 500, 554, 706, 470, 527, 511, 509, 516, 592, 802, 495, 511, 387, 930, 469, 297, 521, 516, 477, 735, 519, 490, 466, 510, 455, 723], "episode_rewards": [290.0, 160.0, 150.0, 155.0, 120.0, 165.0, 535.0, 180.0, 255.0, 465.0, 225.0, 490.0, 220.0, 285.0, 95.0, 185.0, 55.0, 180.0, 140.0, 450.0, 80.0, 180.0, 240.0, 70.0, 210.0, 185.0, 230.0, 135.0, 130.0, 185.0, 160.0, 185.0, 130.0, 290.0, 150.0, 185.0, 120.0, 520.0, 180.0, 95.0, 215.0, 185.0, 160.0, 315.0, 160.0, 215.0, 185.0, 185.0, 80.0, 270.0], "episode_types": ["t", "t", "t", "t", "t", "t", "t", "t", "t", "t", "t", "t", "t", "t", "t", "t", "t", "t", "t", "t", "t", "t", "t", "t", "t", "t", "t", "t", "t", "t", "t", "t", "t", "t", "t", "t", "t", "t", "t", "t", "t", "t", "t", "t", "t", "t", "t", "t", "t", "t", "t"]}