{"initial_reset_timestamp": 1619982403.3770764, "timestamps": [1619982404.3752909, 1619982405.8508375, 1619982406.9759586, 1619982407.7434452, 1619982408.5071235, 1619982409.3466055, 1619982410.1507573, 1619982411.2346299, 1619982412.4793174, 1619982413.3132246, 1619982414.2636864, 1619982415.0510962, 1619982415.8813179, 1619982416.6948617, 1619982417.6610663, 1619982418.776039, 1619982419.5010598, 1619982420.331335, 1619982421.1103537, 1619982421.8923147, 1619982422.6999946, 1619982423.525658, 1619982424.6294038, 1619982425.4250069, 1619982426.2331064, 1619982426.9883747, 1619982427.8211923, 1619982428.840147, 1619982429.691844, 1619982430.661892, 1619982431.4194946, 1619982432.2050982, 1619982433.028841, 1619982433.8383899, 1619982434.655303, 1619982435.4369762, 1619982436.1715865, 1619982436.9555738, 1619982437.9266121, 1619982438.7112637, 1619982439.4446766, 1619982440.2304616, 1619982440.9933212, 1619982441.7661731, 1619982442.550266, 1619982443.3373182, 1619982444.1035473, 1619982444.8973546, 1619982445.763344, 1619982446.5466058], "episode_lengths": [441, 739, 686, 475, 475, 519, 500, 673, 603, 503, 596, 486, 513, 506, 598, 696, 450, 516, 482, 482, 503, 510, 685, 494, 499, 468, 516, 471, 513, 600, 469, 484, 508, 503, 506, 484, 455, 483, 603, 489, 455, 483, 475, 481, 485, 487, 475, 491, 536, 485], "episode_rewards": [5.0, 105.0, 15.0, 15.0, 5.0, 30.0, 5.0, 75.0, 20.0, 75.0, 55.0, 15.0, 105.0, 50.0, 215.0, 55.0, 15.0, 30.0, 0.0, 30.0, 35.0, 75.0, 50.0, 15.0, 15.0, 5.0, 50.0, 50.0, 50.0, 0.0, 35.0, 30.0, 30.0, 30.0, 30.0, 5.0, 5.0, 5.0, 5.0, 5.0, 30.0, 15.0, 5.0, 15.0, 35.0, 5.0, 50.0, 5.0, 75.0, 5.0], "episode_types": ["t", "t", "t", "t", "t", "t", "t", "t", "t", "t", "t", "t", "t", "t", "t", "t", "t", "t", "t", "t", "t", "t", "t", "t", "t", "t", "t", "t", "t", "t", "t", "t", "t", "t", "t", "t", "t", "t", "t", "t", "t", "t", "t", "t", "t", "t", "t", "t", "t", "t", "t"]}