{"initial_reset_timestamp": 1619989527.837143, "timestamps": [1619989530.5683556, 1619989533.2918816, 1619989534.7064924, 1619989536.0286546, 1619989537.189108, 1619989538.4488668, 1619989539.6312983, 1619989541.234084, 1619989543.943906, 1619989545.2318375, 1619989548.3474789, 1619989549.758965, 1619989551.2027209, 1619989552.6762831, 1619989553.983047, 1619989555.3329902, 1619989556.8056028, 1619989558.3439682, 1619989559.4994998, 1619989561.0454538, 1619989562.3517878, 1619989563.5751143, 1619989565.0651817, 1619989566.4366024, 1619989567.8698833, 1619989569.5503561, 1619989570.8974473, 1619989573.8747633, 1619989575.172123, 1619989576.682537, 1619989577.88861, 1619989579.156784, 1619989580.3431275, 1619989581.8074636, 1619989583.0308633, 1619989584.4148183, 1619989585.6727047, 1619989586.7816875, 1619989589.3341582, 1619989590.7797935, 1619989592.1208456, 1619989593.3118012, 1619989594.5243814, 1619989595.8262603, 1619989596.6643016, 1619989597.996136, 1619989599.367216, 1619989600.820153, 1619989602.0634458, 1619989603.1975422], "episode_lengths": [822, 802, 858, 813, 714, 780, 730, 1006, 822, 778, 1944, 874, 904, 926, 813, 839, 923, 970, 714, 970, 814, 754, 935, 854, 900, 1095, 878, 967, 795, 954, 761, 803, 734, 966, 780, 881, 816, 698, 1625, 921, 854, 759, 766, 818, 521, 852, 873, 934, 787, 731], "episode_rewards": [480.0, 510.0, 470.0, 775.0, 505.0, 525.0, 510.0, 600.0, 570.0, 485.0, 1040.0, 500.0, 540.0, 680.0, 605.0, 555.0, 775.0, 600.0, 510.0, 600.0, 670.0, 575.0, 605.0, 525.0, 775.0, 770.0, 570.0, 600.0, 545.0, 695.0, 520.0, 715.0, 510.0, 800.0, 525.0, 600.0, 600.0, 510.0, 1080.0, 800.0, 440.0, 570.0, 500.0, 855.0, 380.0, 540.0, 570.0, 670.0, 525.0, 555.0], "episode_types": ["t", "t", "t", "t", "t", "t", "t", "t", "t", "t", "t", "t", "t", "t", "t", "t", "t", "t", "t", "t", "t", "t", "t", "t", "t", "t", "t", "t", "t", "t", "t", "t", "t", "t", "t", "t", "t", "t", "t", "t", "t", "t", "t", "t", "t", "t", "t", "t", "t", "t", "t"]}