{"initial_reset_timestamp": 1619976289.3248947, "timestamps": [1619976290.6942332, 1619976291.986547, 1619976292.7856128, 1619976293.5185957, 1619976294.3773344, 1619976295.1558108, 1619976295.8922465, 1619976296.668502, 1619976297.9000072, 1619976298.7828872, 1619976299.5192015, 1619976300.2671967, 1619976301.1241183, 1619976301.6994388, 1619976302.443226, 1619976303.1820045, 1619976303.8034203, 1619976304.6025858, 1619976306.0496736, 1619976306.9270205, 1619976307.679822, 1619976308.5143294, 1619976309.2283769, 1619976309.9517622, 1619976311.0802302, 1619976311.8287764, 1619976312.5670326, 1619976313.7681642, 1619976314.5144627, 1619976315.3377142, 1619976316.077825, 1619976316.924148, 1619976317.642653, 1619976318.3522925, 1619976319.1795213, 1619976319.8847497, 1619976320.5492227, 1619976321.62476, 1619976322.4598844, 1619976323.191094, 1619976323.9515905, 1619976324.6943786, 1619976325.5242262, 1619976326.3534727, 1619976327.2032266, 1619976327.918804, 1619976328.6827745, 1619976329.4172378, 1619976330.1587746, 1619976331.3819401], "episode_lengths": [727, 644, 651, 612, 719, 651, 611, 652, 612, 720, 607, 623, 719, 483, 620, 616, 519, 628, 709, 711, 651, 717, 630, 631, 978, 641, 630, 600, 622, 707, 635, 725, 613, 612, 730, 603, 568, 929, 716, 624, 652, 635, 713, 708, 726, 613, 652, 629, 634, 751], "episode_rewards": [460.0, 410.0, 410.0, 180.0, 225.0, 410.0, 180.0, 410.0, 210.0, 440.0, 155.0, 210.0, 240.0, 110.0, 210.0, 210.0, 110.0, 180.0, 450.0, 450.0, 410.0, 450.0, 210.0, 210.0, 515.0, 210.0, 210.0, 135.0, 210.0, 425.0, 410.0, 485.0, 210.0, 180.0, 255.0, 180.0, 105.0, 375.0, 450.0, 210.0, 210.0, 410.0, 450.0, 440.0, 455.0, 380.0, 180.0, 210.0, 210.0, 455.0], "episode_types": ["t", "t", "t", "t", "t", "t", "t", "t", "t", "t", "t", "t", "t", "t", "t", "t", "t", "t", "t", "t", "t", "t", "t", "t", "t", "t", "t", "t", "t", "t", "t", "t", "t", "t", "t", "t", "t", "t", "t", "t", "t", "t", "t", "t", "t", "t", "t", "t", "t", "t", "t"]}