{"initial_reset_timestamp": 1619998026.7330618, "timestamps": [1619998029.2139974, 1619998031.896605, 1619998033.1819625, 1619998034.1632109, 1619998035.4945877, 1619998036.728048, 1619998037.889038, 1619998040.0382617, 1619998043.6487803, 1619998045.959415, 1619998048.0808916, 1619998050.208181, 1619998051.441996, 1619998053.7488973, 1619998054.7133434, 1619998055.8345487, 1619998056.8497584, 1619998057.725557, 1619998058.8619144, 1619998059.9256501, 1619998061.8896194, 1619998062.8273108, 1619998064.294614, 1619998065.4007626, 1619998066.4909697, 1619998068.3011158, 1619998069.3427894, 1619998072.8649302, 1619998073.8405662, 1619998075.0549285, 1619998075.9836588, 1619998078.024015, 1619998078.9862292, 1619998079.8872366, 1619998081.1853433, 1619998082.264504, 1619998083.540256, 1619998084.677881, 1619998085.7646437, 1619998088.135742, 1619998089.3191388, 1619998090.6009474, 1619998091.8021286, 1619998092.751227, 1619998094.9410245, 1619998095.99125, 1619998097.0958111, 1619998098.247701, 1619998099.3003674, 1619998101.3919818], "episode_lengths": [803, 938, 888, 685, 928, 876, 814, 1518, 1577, 1611, 1492, 1512, 860, 1634, 674, 786, 711, 610, 795, 747, 1390, 656, 1032, 778, 767, 1268, 729, 1515, 663, 852, 650, 1445, 669, 631, 913, 765, 899, 804, 765, 1677, 833, 911, 844, 661, 1536, 731, 772, 814, 740, 1469], "episode_rewards": [515.0, 600.0, 600.0, 775.0, 515.0, 540.0, 600.0, 1125.0, 1400.0, 1375.0, 1285.0, 1375.0, 570.0, 1345.0, 570.0, 575.0, 575.0, 545.0, 770.0, 575.0, 1200.0, 570.0, 680.0, 575.0, 515.0, 890.0, 575.0, 1270.0, 545.0, 605.0, 600.0, 1320.0, 575.0, 545.0, 600.0, 600.0, 600.0, 770.0, 575.0, 1120.0, 540.0, 600.0, 545.0, 545.0, 1510.0, 570.0, 545.0, 600.0, 600.0, 1140.0], "episode_types": ["t", "t", "t", "t", "t", "t", "t", "t", "t", "t", "t", "t", "t", "t", "t", "t", "t", "t", "t", "t", "t", "t", "t", "t", "t", "t", "t", "t", "t", "t", "t", "t", "t", "t", "t", "t", "t", "t", "t", "t", "t", "t", "t", "t", "t", "t", "t", "t", "t", "t", "t"]}