{"initial_reset_timestamp": 1619967426.8477354, "timestamps": [1619967428.0195146, 1619967429.045306, 1619967429.6224031, 1619967430.1554465, 1619967430.512155, 1619967431.0124302, 1619967431.5652757, 1619967432.179388, 1619967433.688971, 1619967434.459503, 1619967435.1651435, 1619967435.6698036, 1619967436.3344254, 1619967436.6935937, 1619967437.2956479, 1619967437.7326586, 1619967438.4476376, 1619967439.3123171, 1619967440.7331326, 1619967441.3621545, 1619967441.9278123, 1619967442.9067383, 1619967443.7779872, 1619967444.611849, 1619967445.4505188, 1619967446.0489278, 1619967446.809977, 1619967447.6213667, 1619967448.2743866, 1619967448.6390579, 1619967449.284174, 1619967450.0314999, 1619967451.19148, 1619967452.0889, 1619967452.8676255, 1619967453.816903, 1619967454.3871057, 1619967455.0055723, 1619967455.8690386, 1619967456.2446764, 1619967456.9901907, 1619967457.6118228, 1619967458.1566725, 1619967458.8024075, 1619967459.3374014, 1619967460.451507, 1619967460.8164263, 1619967461.4748194, 1619967462.7214653, 1619967463.5964007], "episode_lengths": [605, 487, 432, 427, 281, 402, 452, 500, 859, 593, 551, 380, 500, 284, 460, 349, 571, 694, 1168, 508, 461, 807, 702, 670, 673, 482, 614, 318, 506, 286, 507, 583, 917, 702, 626, 757, 448, 489, 684, 294, 595, 486, 430, 508, 425, 901, 286, 519, 1022, 698], "episode_rewards": [175.0, 110.0, 20.0, 25.0, 50.0, 115.0, 60.0, 95.0, 295.0, 265.0, 50.0, 40.0, 50.0, 25.0, 40.0, 20.0, 310.0, 250.0, 580.0, 90.0, 30.0, 150.0, 180.0, 220.0, 170.0, 75.0, 200.0, 20.0, 55.0, 20.0, 95.0, 160.0, 370.0, 330.0, 220.0, 210.0, 25.0, 95.0, 195.0, 65.0, 85.0, 65.0, 55.0, 65.0, 70.0, 470.0, 15.0, 55.0, 330.0, 215.0], "episode_types": ["t", "t", "t", "t", "t", "t", "t", "t", "t", "t", "t", "t", "t", "t", "t", "t", "t", "t", "t", "t", "t", "t", "t", "t", "t", "t", "t", "t", "t", "t", "t", "t", "t", "t", "t", "t", "t", "t", "t", "t", "t", "t", "t", "t", "t", "t", "t", "t", "t", "t", "t"]}