{"initial_reset_timestamp": 1620020109.8957279, "timestamps": [1620020111.1268377, 1620020112.385513, 1620020113.4191873, 1620020114.207734, 1620020114.6061263, 1620020115.4354906, 1620020115.8895578, 1620020116.751935, 1620020117.8083847, 1620020118.377942, 1620020119.322129, 1620020119.754027, 1620020120.5651245, 1620020121.1065154, 1620020121.7732499, 1620020122.2891707, 1620020123.129374, 1620020123.6666064, 1620020124.0951903, 1620020124.6651993, 1620020125.4913316, 1620020126.0510154, 1620020126.9439788, 1620020127.607848, 1620020128.637203, 1620020129.3191948, 1620020129.9199753, 1620020130.7059863, 1620020131.3161697, 1620020131.9401996, 1620020132.610789, 1620020133.2213824, 1620020134.0931516, 1620020134.969137, 1620020136.0498445, 1620020136.901191, 1620020137.3855672, 1620020138.4439657, 1620020138.8689733, 1620020140.0472155, 1620020140.6242554, 1620020141.234206, 1620020142.2227316, 1620020142.7186651, 1620020143.5635333, 1620020144.7156966, 1620020145.5714836, 1620020146.0390418, 1620020146.6472962, 1620020147.4857569], "episode_lengths": [723, 720, 862, 664, 325, 708, 384, 741, 516, 469, 812, 371, 691, 461, 571, 423, 718, 458, 363, 488, 706, 478, 778, 570, 876, 522, 479, 315, 477, 502, 536, 496, 698, 713, 873, 692, 414, 933, 353, 1044, 492, 519, 798, 380, 729, 999, 736, 401, 522, 723], "episode_rewards": [340.0, 175.0, 320.0, 270.0, 20.0, 95.0, 30.0, 195.0, 130.0, 60.0, 90.0, 45.0, 55.0, 45.0, 40.0, 30.0, 380.0, 30.0, 0.0, 80.0, 125.0, 100.0, 245.0, 270.0, 215.0, 50.0, 105.0, 5.0, 55.0, 55.0, 95.0, 135.0, 105.0, 320.0, 225.0, 75.0, 40.0, 230.0, 45.0, 425.0, 45.0, 140.0, 180.0, 25.0, 165.0, 425.0, 285.0, 35.0, 65.0, 320.0], "episode_types": ["t", "t", "t", "t", "t", "t", "t", "t", "t", "t", "t", "t", "t", "t", "t", "t", "t", "t", "t", "t", "t", "t", "t", "t", "t", "t", "t", "t", "t", "t", "t", "t", "t", "t", "t", "t", "t", "t", "t", "t", "t", "t", "t", "t", "t", "t", "t", "t", "t", "t", "t"]}