{"initial_reset_timestamp": 1619972145.8146374, "timestamps": [1619972148.2124453, 1619972149.8539846, 1619972150.3606684, 1619972150.7202861, 1619972151.2085278, 1619972152.000443, 1619972152.805904, 1619972153.2900248, 1619972155.151784, 1619972155.7674873, 1619972156.7976668, 1619972157.5525482, 1619972158.3032396, 1619972159.425239, 1619972159.787783, 1619972160.447637, 1619972161.0325444, 1619972161.848684, 1619972162.272353, 1619972163.1269567, 1619972163.6249392, 1619972164.2262754, 1619972164.832187, 1619972165.1834261, 1619972165.6735806, 1619972166.5065098, 1619972167.1252878, 1619972168.7402198, 1619972169.2000463, 1619972170.3133335, 1619972171.3616402, 1619972172.334921, 1619972172.837422, 1619972173.2883146, 1619972174.0903707, 1619972174.5966797, 1619972175.2101104, 1619972176.164275, 1619972176.8260615, 1619972177.1563795, 1619972177.8553395, 1619972178.7283657, 1619972179.4841561, 1619972179.888333, 1619972180.3518097, 1619972181.1654248, 1619972182.107979, 1619972182.7309537, 1619972183.6537106, 1619972184.7766867], "episode_lengths": [901, 295, 386, 287, 390, 639, 654, 391, 475, 476, 825, 610, 608, 921, 290, 535, 475, 663, 341, 695, 404, 485, 488, 279, 394, 678, 500, 288, 351, 934, 875, 796, 404, 360, 650, 406, 495, 786, 539, 261, 566, 714, 613, 325, 371, 667, 775, 505, 753, 935], "episode_rewards": [550.0, 20.0, 35.0, 85.0, 45.0, 200.0, 315.0, 50.0, 150.0, 135.0, 345.0, 105.0, 175.0, 350.0, 120.0, 110.0, 85.0, 185.0, 25.0, 140.0, 165.0, 150.0, 85.0, 25.0, 35.0, 170.0, 120.0, 85.0, 40.0, 520.0, 550.0, 290.0, 60.0, 90.0, 250.0, 55.0, 120.0, 290.0, 230.0, 35.0, 255.0, 370.0, 140.0, 75.0, 105.0, 355.0, 550.0, 95.0, 305.0, 310.0], "episode_types": ["t", "t", "t", "t", "t", "t", "t", "t", "t", "t", "t", "t", "t", "t", "t", "t", "t", "t", "t", "t", "t", "t", "t", "t", "t", "t", "t", "t", "t", "t", "t", "t", "t", "t", "t", "t", "t", "t", "t", "t", "t", "t", "t", "t", "t", "t", "t", "t", "t", "t", "t"]}