{"initial_reset_timestamp": 1619972288.766735, "timestamps": [1619972289.9110277, 1619972291.6622083, 1619972292.6227129, 1619972292.977063, 1619972293.8249936, 1619972294.294703, 1619972294.659796, 1619972295.2535288, 1619972296.774328, 1619972297.767724, 1619972298.4043336, 1619972299.349748, 1619972300.353862, 1619972301.0133185, 1619972301.980725, 1619972302.5413632, 1619972303.6712644, 1619972304.3228974, 1619972305.131125, 1619972306.5184212, 1619972307.5199838, 1619972308.3991418, 1619972309.0392811, 1619972309.6823275, 1619972310.2848935, 1619972310.969031, 1619972311.7067497, 1619972312.7676618, 1619972313.3923004, 1619972313.761344, 1619972314.6355464, 1619972315.1331592, 1619972316.3827214, 1619972317.503418, 1619972318.117863, 1619972319.3816912, 1619972319.9754522, 1619972320.3149424, 1619972320.9409425, 1619972321.4208446, 1619972322.1062868, 1619972322.7249103, 1619972323.424334, 1619972324.2461815, 1619972325.001053, 1619972325.3460839, 1619972326.070817, 1619972326.6668959, 1619972327.108771, 1619972328.2629182], "episode_lengths": [696, 1172, 750, 281, 681, 370, 289, 476, 999, 790, 509, 766, 820, 530, 783, 448, 917, 525, 639, 1114, 818, 710, 516, 516, 486, 544, 594, 644, 479, 292, 717, 393, 1027, 909, 490, 1041, 473, 268, 501, 385, 556, 499, 561, 659, 610, 273, 575, 470, 351, 936], "episode_rewards": [515.0, 590.0, 415.0, 105.0, 200.0, 140.0, 130.0, 190.0, 270.0, 485.0, 210.0, 290.0, 280.0, 305.0, 285.0, 165.0, 375.0, 215.0, 180.0, 215.0, 320.0, 315.0, 185.0, 215.0, 195.0, 385.0, 230.0, 195.0, 105.0, 130.0, 315.0, 110.0, 490.0, 320.0, 125.0, 260.0, 155.0, 50.0, 185.0, 70.0, 215.0, 130.0, 185.0, 235.0, 155.0, 100.0, 215.0, 120.0, 130.0, 215.0], "episode_types": ["t", "t", "t", "t", "t", "t", "t", "t", "t", "t", "t", "t", "t", "t", "t", "t", "t", "t", "t", "t", "t", "t", "t", "t", "t", "t", "t", "t", "t", "t", "t", "t", "t", "t", "t", "t", "t", "t", "t", "t", "t", "t", "t", "t", "t", "t", "t", "t", "t", "t", "t"]}