{"initial_reset_timestamp": 1619982260.9876704, "timestamps": [1619982263.0252085, 1619982265.609708, 1619982266.4172385, 1619982268.1936448, 1619982269.352435, 1619982270.125157, 1619982271.2397273, 1619982272.2593842, 1619982274.2221768, 1619982275.4265594, 1619982276.9475994, 1619982277.7125766, 1619982278.8766599, 1619982279.679335, 1619982280.1169522, 1619982281.245985, 1619982282.1987655, 1619982283.0123816, 1619982284.17386, 1619982287.1703367, 1619982288.8824573, 1619982290.0085816, 1619982290.7231104, 1619982292.0346365, 1619982292.8452294, 1619982294.5069678, 1619982295.0842898, 1619982297.7268486, 1619982299.3890042, 1619982300.1730175, 1619982301.298969, 1619982302.7616568, 1619982304.4444833, 1619982305.2293062, 1619982306.8917067, 1619982308.3268127, 1619982309.313852, 1619982310.299516, 1619982311.9692078, 1619982313.6064072, 1619982314.8372252, 1619982316.2684023, 1619982317.9305613, 1619982318.7350245, 1619982320.1443617, 1619982321.900139, 1619982322.6477983, 1619982324.236868, 1619982325.8828008, 1619982327.3152127], "episode_lengths": [484, 805, 486, 1118, 725, 477, 695, 634, 420, 732, 949, 475, 722, 496, 266, 700, 590, 499, 721, 1888, 1061, 696, 441, 819, 505, 1046, 369, 760, 1064, 502, 729, 955, 1084, 505, 1080, 930, 642, 639, 1086, 1064, 804, 930, 1091, 522, 934, 1168, 498, 1064, 1104, 957], "episode_rewards": [165.0, 220.0, 115.0, 535.0, 490.0, 50.0, 220.0, 215.0, 210.0, 140.0, 370.0, 110.0, 310.0, 215.0, 35.0, 110.0, 110.0, 115.0, 125.0, 670.0, 315.0, 110.0, 195.0, 235.0, 360.0, 110.0, 90.0, 325.0, 415.0, 80.0, 125.0, 290.0, 225.0, 135.0, 200.0, 415.0, 305.0, 250.0, 165.0, 420.0, 415.0, 405.0, 170.0, 250.0, 430.0, 300.0, 260.0, 325.0, 190.0, 195.0], "episode_types": ["t", "t", "t", "t", "t", "t", "t", "t", "t", "t", "t", "t", "t", "t", "t", "t", "t", "t", "t", "t", "t", "t", "t", "t", "t", "t", "t", "t", "t", "t", "t", "t", "t", "t", "t", "t", "t", "t", "t", "t", "t", "t", "t", "t", "t", "t", "t", "t", "t", "t", "t"]}