{"initial_reset_timestamp": 1619970982.2256799, "timestamps": [1619970983.2975996, 1619970984.6714947, 1619970985.1488543, 1619970985.848321, 1619970986.636324, 1619970986.9742987, 1619970987.6301866, 1619970987.9837272, 1619970988.9200552, 1619970989.5370874, 1619970990.427967, 1619970991.2993362, 1619970992.0908787, 1619970992.8175764, 1619970993.985308, 1619970994.7574005, 1619970995.968642, 1619970996.307114, 1619970996.8936186, 1619970997.719014, 1619970998.7699876, 1619970999.3496668, 1619971000.1990404, 1619971001.3383937, 1619971002.4829624, 1619971003.9480548, 1619971005.031358, 1619971005.8927734, 1619971006.553281, 1619971006.912169, 1619971008.0968592, 1619971008.61998, 1619971009.704905, 1619971010.3139958, 1619971011.1754596, 1619971011.5448656, 1619971012.110154, 1619971012.756093, 1619971013.3444846, 1619971013.786507, 1619971014.3951683, 1619971015.0927455, 1619971015.749169, 1619971016.3473747, 1619971017.415251, 1619971018.0492465, 1619971019.0228207, 1619971019.3557556, 1619971020.2270956, 1619971020.9293764], "episode_lengths": [465, 895, 373, 494, 661, 272, 533, 286, 562, 481, 732, 694, 651, 597, 972, 633, 995, 273, 477, 673, 870, 469, 696, 937, 957, 1217, 904, 496, 521, 289, 992, 427, 912, 492, 713, 297, 460, 534, 482, 361, 497, 570, 533, 482, 890, 522, 809, 267, 718, 576], "episode_rewards": [90.0, 415.0, 120.0, 150.0, 315.0, 70.0, 180.0, 65.0, 320.0, 155.0, 430.0, 255.0, 125.0, 165.0, 335.0, 230.0, 300.0, 100.0, 130.0, 170.0, 570.0, 140.0, 235.0, 230.0, 340.0, 485.0, 290.0, 130.0, 180.0, 65.0, 365.0, 200.0, 450.0, 130.0, 285.0, 110.0, 110.0, 180.0, 185.0, 135.0, 140.0, 180.0, 185.0, 140.0, 295.0, 215.0, 265.0, 50.0, 315.0, 210.0], "episode_types": ["t", "t", "t", "t", "t", "t", "t", "t", "t", "t", "t", "t", "t", "t", "t", "t", "t", "t", "t", "t", "t", "t", "t", "t", "t", "t", "t", "t", "t", "t", "t", "t", "t", "t", "t", "t", "t", "t", "t", "t", "t", "t", "t", "t", "t", "t", "t", "t", "t", "t", "t"]}