{"initial_reset_timestamp": 1619970616.9789858, "timestamps": [1619970619.0229065, 1619970621.5151172, 1619970623.0436618, 1619970623.823005, 1619970625.2425835, 1619970626.5362065, 1619970627.759949, 1619970628.761687, 1619970630.9886076, 1619970632.5303354, 1619970632.982357, 1619970633.8640857, 1619970634.8165822, 1619970635.626868, 1619970636.7091825, 1619970637.6136096, 1619970638.5058808, 1619970639.9318454, 1619970641.281829, 1619970642.0911398, 1619970643.3658106, 1619970644.834245, 1619970645.6153684, 1619970646.857859, 1619970647.9414582, 1619970649.5121264, 1619970650.293344, 1619970652.568652, 1619970653.614579, 1619970654.7780304, 1619970655.7080986, 1619970656.5620205, 1619970657.8936691, 1619970658.6550322, 1619970660.2805607, 1619970661.175954, 1619970661.969796, 1619970663.4826431, 1619970664.2789233, 1619970665.1662452, 1619970665.9717329, 1619970666.9074736, 1619970667.9473357, 1619970669.071417, 1619970669.8615599, 1619970670.973162, 1619970671.6611226, 1619970673.0355356, 1619970674.5208158, 1619970674.9876719], "episode_lengths": [621, 887, 989, 509, 932, 844, 803, 650, 737, 992, 292, 572, 620, 523, 705, 589, 579, 935, 881, 526, 828, 966, 500, 816, 708, 1031, 504, 766, 661, 753, 596, 554, 869, 494, 1065, 576, 515, 993, 512, 576, 519, 605, 678, 732, 513, 722, 447, 903, 976, 301], "episode_rewards": [95.0, 370.0, 650.0, 105.0, 425.0, 440.0, 440.0, 355.0, 290.0, 465.0, 30.0, 120.0, 330.0, 135.0, 225.0, 190.0, 175.0, 635.0, 215.0, 80.0, 440.0, 315.0, 30.0, 325.0, 195.0, 190.0, 100.0, 230.0, 135.0, 220.0, 105.0, 75.0, 210.0, 90.0, 440.0, 110.0, 115.0, 240.0, 110.0, 110.0, 75.0, 80.0, 155.0, 150.0, 120.0, 345.0, 75.0, 545.0, 315.0, 15.0], "episode_types": ["t", "t", "t", "t", "t", "t", "t", "t", "t", "t", "t", "t", "t", "t", "t", "t", "t", "t", "t", "t", "t", "t", "t", "t", "t", "t", "t", "t", "t", "t", "t", "t", "t", "t", "t", "t", "t", "t", "t", "t", "t", "t", "t", "t", "t", "t", "t", "t", "t", "t", "t"]}