{"initial_reset_timestamp": 1620000457.3296392, "timestamps": [1620000459.7616694, 1620000462.5409813, 1620000463.6908255, 1620000464.712436, 1620000467.0728555, 1620000467.9817984, 1620000470.1647666, 1620000472.5278764, 1620000475.1044238, 1620000477.3537815, 1620000479.7439668, 1620000482.0436835, 1620000484.1465929, 1620000485.3676841, 1620000486.5207984, 1620000488.799252, 1620000491.0130136, 1620000491.9711545, 1620000493.1672528, 1620000494.3811913, 1620000495.5467103, 1620000496.8402092, 1620000499.2935548, 1620000500.605521, 1620000501.6993592, 1620000503.9270449, 1620000505.0604527, 1620000507.5266492, 1620000508.82583, 1620000510.9680393, 1620000512.1485202, 1620000514.427894, 1620000515.4738975, 1620000516.7408497, 1620000517.8367658, 1620000519.1616752, 1620000520.2924042, 1620000521.597121, 1620000522.709954, 1620000525.1743217, 1620000526.3176723, 1620000527.5116622, 1620000530.5670476, 1620000531.6567028, 1620000534.0312343, 1620000536.2995214, 1620000538.5995047, 1620000540.873767, 1620000542.052717, 1620000543.0089037], "episode_lengths": [749, 968, 788, 706, 1649, 622, 1523, 1648, 856, 1546, 1679, 1611, 1460, 856, 798, 1586, 1531, 665, 833, 843, 811, 905, 1717, 923, 763, 1553, 783, 768, 894, 1486, 825, 1597, 720, 882, 761, 923, 784, 903, 770, 1725, 792, 834, 2124, 749, 1647, 1580, 1599, 1586, 818, 658], "episode_rewards": [600.0, 540.0, 570.0, 545.0, 1175.0, 545.0, 1600.0, 1120.0, 805.0, 1325.0, 1230.0, 1400.0, 1400.0, 540.0, 555.0, 1340.0, 1175.0, 605.0, 600.0, 600.0, 570.0, 570.0, 1430.0, 575.0, 600.0, 1100.0, 800.0, 600.0, 775.0, 1355.0, 600.0, 1205.0, 545.0, 605.0, 575.0, 600.0, 600.0, 570.0, 600.0, 1090.0, 570.0, 570.0, 1895.0, 745.0, 1150.0, 1120.0, 1400.0, 1230.0, 575.0, 570.0], "episode_types": ["t", "t", "t", "t", "t", "t", "t", "t", "t", "t", "t", "t", "t", "t", "t", "t", "t", "t", "t", "t", "t", "t", "t", "t", "t", "t", "t", "t", "t", "t", "t", "t", "t", "t", "t", "t", "t", "t", "t", "t", "t", "t", "t", "t", "t", "t", "t", "t", "t", "t", "t"]}