{"initial_reset_timestamp": 1619976966.9747925, "timestamps": [1619976969.055601, 1619976970.9115198, 1619976971.6790211, 1619976972.216314, 1619976972.9726844, 1619976973.533517, 1619976974.4546087, 1619976975.0395236, 1619976977.1079798, 1619976978.1624985, 1619976978.8088937, 1619976979.25822, 1619976979.9480262, 1619976980.9337618, 1619976981.4786186, 1619976982.0993283, 1619976983.0307279, 1619976983.6899917, 1619976985.0681932, 1619976985.713964, 1619976986.7800858, 1619976987.4218967, 1619976987.961053, 1619976988.8248086, 1619976989.8636215, 1619976990.5467136, 1619976991.6579406, 1619976993.48358, 1619976994.1504138, 1619976995.1645482, 1619976995.7389462, 1619976996.2817187, 1619976997.3271217, 1619976997.8241334, 1619976998.7561538, 1619976999.3785512, 1619977000.4843705, 1619977001.0380805, 1619977002.0629609, 1619977003.0798116, 1619977003.5191407, 1619977004.0728066, 1619977004.7546763, 1619977005.4178731, 1619977006.7548988, 1619977007.3967144, 1619977008.4502518, 1619977009.4770067, 1619977010.0790546, 1619977010.7618732], "episode_lengths": [609, 418, 594, 422, 596, 443, 744, 462, 601, 815, 513, 352, 546, 797, 430, 493, 749, 523, 1109, 512, 849, 505, 422, 695, 847, 546, 897, 418, 509, 821, 457, 431, 837, 395, 749, 497, 893, 439, 824, 825, 347, 441, 548, 531, 1105, 511, 845, 827, 478, 542], "episode_rewards": [220.0, 200.0, 240.0, 205.0, 410.0, 235.0, 365.0, 70.0, 425.0, 380.0, 235.0, 125.0, 225.0, 505.0, 225.0, 265.0, 270.0, 160.0, 610.0, 150.0, 215.0, 120.0, 135.0, 365.0, 330.0, 220.0, 425.0, 200.0, 190.0, 395.0, 255.0, 230.0, 210.0, 165.0, 270.0, 225.0, 240.0, 200.0, 225.0, 525.0, 135.0, 210.0, 290.0, 295.0, 435.0, 125.0, 260.0, 205.0, 125.0, 130.0], "episode_types": ["t", "t", "t", "t", "t", "t", "t", "t", "t", "t", "t", "t", "t", "t", "t", "t", "t", "t", "t", "t", "t", "t", "t", "t", "t", "t", "t", "t", "t", "t", "t", "t", "t", "t", "t", "t", "t", "t", "t", "t", "t", "t", "t", "t", "t", "t", "t", "t", "t", "t", "t"]}