{"initial_reset_timestamp": 1619977903.283494, "timestamps": [1619977905.0776, 1619977906.9049242, 1619977907.811987, 1619977908.9664571, 1619977909.9526234, 1619977910.8271992, 1619977911.4240513, 1619977912.4639208, 1619977914.40323, 1619977915.5763223, 1619977916.7054148, 1619977917.1959527, 1619977918.5136912, 1619977918.9941196, 1619977919.9827416, 1619977920.6942968, 1619977921.2882655, 1619977921.9276974, 1619977922.581983, 1619977923.2011316, 1619977923.826789, 1619977924.3104367, 1619977925.1529598, 1619977925.6165957, 1619977926.7374911, 1619977927.2215278, 1619977928.1170506, 1619977930.0176756, 1619977930.526493, 1619977931.795543, 1619977932.6137958, 1619977933.1383283, 1619977934.307566, 1619977934.8349655, 1619977936.1346543, 1619977937.0160978, 1619977938.1281204, 1619977938.7410936, 1619977939.3682017, 1619977940.0084722, 1619977940.6447814, 1619977941.1317995, 1619977941.597264, 1619977942.5610092, 1619977943.153331, 1619977944.1123421, 1619977944.606523, 1619977945.4757183, 1619977946.0902169, 1619977946.753478], "episode_lengths": [384, 374, 695, 928, 787, 703, 475, 840, 506, 926, 918, 379, 1061, 378, 789, 563, 471, 505, 517, 492, 499, 387, 676, 369, 908, 388, 722, 475, 382, 1030, 651, 415, 952, 422, 1051, 705, 897, 483, 498, 509, 510, 387, 370, 781, 472, 780, 394, 700, 489, 528], "episode_rewards": [10.0, 55.0, 420.0, 370.0, 100.0, 400.0, 55.0, 540.0, 40.0, 170.0, 170.0, 0.0, 380.0, 0.0, 185.0, 320.0, 30.0, 80.0, 35.0, 35.0, 95.0, 15.0, 145.0, 55.0, 720.0, 15.0, 160.0, 20.0, 10.0, 230.0, 290.0, 15.0, 375.0, 35.0, 230.0, 370.0, 275.0, 60.0, 85.0, 110.0, 75.0, 15.0, 10.0, 420.0, 40.0, 200.0, 55.0, 255.0, 305.0, 70.0], "episode_types": ["t", "t", "t", "t", "t", "t", "t", "t", "t", "t", "t", "t", "t", "t", "t", "t", "t", "t", "t", "t", "t", "t", "t", "t", "t", "t", "t", "t", "t", "t", "t", "t", "t", "t", "t", "t", "t", "t", "t", "t", "t", "t", "t", "t", "t", "t", "t", "t", "t", "t", "t"]}