{"initial_reset_timestamp": 1619976882.5324862, "timestamps": [1619976883.5111585, 1619976885.3135095, 1619976885.9644713, 1619976886.5657685, 1619976887.1543317, 1619976887.594709, 1619976888.5467849, 1619976889.3807168, 1619976890.7223327, 1619976891.1039436, 1619976891.953063, 1619976893.199838, 1619976894.089821, 1619976894.700232, 1619976895.7173722, 1619976896.6400976, 1619976897.078246, 1619976897.7489572, 1619976898.7833261, 1619976899.868659, 1619976900.734308, 1619976901.138113, 1619976901.5391793, 1619976902.0822568, 1619976902.7906995, 1619976903.593425, 1619976904.0453362, 1619976905.561588, 1619976906.5690527, 1619976906.9524803, 1619976907.5091338, 1619976907.9189482, 1619976908.5126238, 1619976909.5973215, 1619976910.211141, 1619976910.9110763, 1619976911.5311992, 1619976912.644766, 1619976913.2128725, 1619976914.3198917, 1619976915.137786, 1619976915.9389973, 1619976916.5792692, 1619976916.9386532, 1619976917.5824618, 1619976918.2840223, 1619976918.8878303, 1619976919.339154, 1619976919.814777, 1619976920.7337713], "episode_lengths": [295, 958, 517, 494, 483, 364, 812, 702, 590, 298, 713, 1069, 754, 507, 869, 785, 363, 562, 876, 920, 728, 334, 334, 453, 594, 678, 375, 743, 840, 319, 461, 339, 499, 917, 512, 589, 523, 942, 473, 937, 689, 680, 533, 295, 538, 584, 504, 377, 393, 775], "episode_rewards": [60.0, 445.0, 115.0, 130.0, 60.0, 50.0, 350.0, 255.0, 160.0, 60.0, 240.0, 420.0, 525.0, 105.0, 230.0, 275.0, 50.0, 160.0, 250.0, 235.0, 255.0, 30.0, 135.0, 100.0, 175.0, 210.0, 55.0, 300.0, 290.0, 80.0, 105.0, 80.0, 125.0, 345.0, 140.0, 230.0, 165.0, 290.0, 160.0, 280.0, 155.0, 365.0, 85.0, 75.0, 115.0, 215.0, 125.0, 95.0, 55.0, 180.0], "episode_types": ["t", "t", "t", "t", "t", "t", "t", "t", "t", "t", "t", "t", "t", "t", "t", "t", "t", "t", "t", "t", "t", "t", "t", "t", "t", "t", "t", "t", "t", "t", "t", "t", "t", "t", "t", "t", "t", "t", "t", "t", "t", "t", "t", "t", "t", "t", "t", "t", "t", "t", "t"]}