{"initial_reset_timestamp": 1619976764.1787798, "timestamps": [1619976766.877755, 1619976768.931255, 1619976770.1286716, 1619976771.2984755, 1619976772.2908618, 1619976773.7222214, 1619976774.4852455, 1619976775.2428691, 1619976778.500838, 1619976779.4938798, 1619976780.4249346, 1619976781.7532558, 1619976782.7312229, 1619976783.7026906, 1619976784.6484807, 1619976786.0601447, 1619976787.6891403, 1619976788.4450574, 1619976789.207693, 1619976790.577009, 1619976791.612997, 1619976792.0946422, 1619976792.9028554, 1619976794.3917239, 1619976795.359239, 1619976796.1247997, 1619976797.101373, 1619976799.0602376, 1619976800.0808232, 1619976801.476948, 1619976802.2582042, 1619976802.9639022, 1619976803.6926994, 1619976804.651658, 1619976805.8695605, 1619976806.3634422, 1619976807.1295705, 1619976807.8716674, 1619976808.915032, 1619976809.9339519, 1619976810.9115145, 1619976811.6649609, 1619976812.7766593, 1619976813.5605936, 1619976814.5099483, 1619976815.5999398, 1619976816.5150535, 1619976817.4606123, 1619976818.2213771, 1619976818.9723063], "episode_lengths": [865, 472, 734, 738, 616, 900, 475, 473, 1257, 603, 580, 829, 614, 607, 594, 889, 1029, 464, 475, 853, 642, 297, 505, 934, 605, 478, 611, 448, 619, 871, 487, 435, 449, 597, 765, 306, 475, 462, 651, 638, 611, 473, 696, 488, 595, 681, 573, 588, 473, 468], "episode_rewards": [135.0, 50.0, 240.0, 215.0, 410.0, 225.0, 110.0, 110.0, 505.0, 380.0, 155.0, 355.0, 155.0, 210.0, 210.0, 240.0, 515.0, 50.0, 105.0, 425.0, 380.0, 80.0, 105.0, 365.0, 210.0, 110.0, 210.0, 110.0, 155.0, 315.0, 110.0, 80.0, 30.0, 155.0, 265.0, 50.0, 110.0, 110.0, 380.0, 415.0, 210.0, 110.0, 270.0, 110.0, 355.0, 240.0, 180.0, 135.0, 110.0, 110.0], "episode_types": ["t", "t", "t", "t", "t", "t", "t", "t", "t", "t", "t", "t", "t", "t", "t", "t", "t", "t", "t", "t", "t", "t", "t", "t", "t", "t", "t", "t", "t", "t", "t", "t", "t", "t", "t", "t", "t", "t", "t", "t", "t", "t", "t", "t", "t", "t", "t", "t", "t", "t", "t"]}