{"initial_reset_timestamp": 1619973629.2646313, "timestamps": [1619973631.3456032, 1619973633.4351132, 1619973634.2409859, 1619973635.0134823, 1619973635.7926178, 1619973636.568401, 1619973637.3591912, 1619973638.1355367, 1619973640.1921885, 1619973641.0172908, 1619973641.7952757, 1619973642.5654178, 1619973643.3386443, 1619973644.1037743, 1619973644.8690684, 1619973645.6330748, 1619973646.3916533, 1619973647.1615388, 1619973647.9175115, 1619973648.6382113, 1619973649.3635113, 1619973650.12019, 1619973650.88514, 1619973651.6374905, 1619973652.4351566, 1619973653.1916165, 1619973653.9543736, 1619973656.001839, 1619973656.7732894, 1619973657.5414844, 1619973658.306998, 1619973659.0695486, 1619973659.8064446, 1619973660.545016, 1619973661.3097327, 1619973662.032637, 1619973662.7899823, 1619973663.7799861, 1619973664.5575159, 1619973665.317534, 1619973666.4917622, 1619973667.2348115, 1619973667.9885654, 1619973668.7459779, 1619973669.4933655, 1619973670.2510178, 1619973671.0071409, 1619973671.7583475, 1619973672.5166633, 1619973673.2669468], "episode_lengths": [622, 615, 626, 617, 624, 625, 632, 618, 622, 642, 630, 620, 624, 626, 623, 623, 617, 619, 629, 614, 618, 624, 620, 616, 630, 622, 620, 614, 621, 628, 630, 628, 617, 624, 638, 597, 624, 820, 643, 630, 995, 620, 626, 628, 621, 629, 629, 624, 626, 626], "episode_rewards": [180.0, 180.0, 210.0, 155.0, 210.0, 155.0, 180.0, 155.0, 210.0, 185.0, 210.0, 155.0, 210.0, 180.0, 180.0, 210.0, 210.0, 155.0, 210.0, 180.0, 180.0, 210.0, 155.0, 155.0, 180.0, 210.0, 155.0, 180.0, 180.0, 180.0, 180.0, 210.0, 410.0, 210.0, 210.0, 165.0, 210.0, 240.0, 185.0, 210.0, 330.0, 155.0, 210.0, 210.0, 180.0, 210.0, 180.0, 210.0, 180.0, 210.0], "episode_types": ["t", "t", "t", "t", "t", "t", "t", "t", "t", "t", "t", "t", "t", "t", "t", "t", "t", "t", "t", "t", "t", "t", "t", "t", "t", "t", "t", "t", "t", "t", "t", "t", "t", "t", "t", "t", "t", "t", "t", "t", "t", "t", "t", "t", "t", "t", "t", "t", "t", "t", "t"]}