{"initial_reset_timestamp": 1620000046.7339149, "timestamps": [1620000049.2353814, 1620000051.9348187, 1620000053.0551312, 1620000054.138858, 1620000056.5344002, 1620000058.8435807, 1620000061.9117796, 1620000063.1719823, 1620000065.5414, 1620000068.9981308, 1620000070.198375, 1620000072.7564747, 1620000073.8439999, 1620000075.0256739, 1620000076.1098, 1620000078.126196, 1620000080.7166574, 1620000082.4186387, 1620000084.6595075, 1620000085.8557866, 1620000088.3013217, 1620000090.5221107, 1620000091.7691107, 1620000092.8132434, 1620000094.281927, 1620000095.4269228, 1620000097.106845, 1620000099.8090546, 1620000100.9780674, 1620000102.068555, 1620000104.4501286, 1620000106.4823341, 1620000107.75738, 1620000109.86482, 1620000112.085471, 1620000114.357858, 1620000115.5522332, 1620000116.6859624, 1620000118.7321155, 1620000120.7628262, 1620000121.9534082, 1620000123.0569801, 1620000124.2728739, 1620000127.0894852, 1620000128.136212, 1620000129.2122498, 1620000130.460878, 1620000131.6120524, 1620000132.783315, 1620000134.79174], "episode_lengths": [823, 943, 763, 754, 1684, 1634, 2158, 885, 727, 2399, 844, 1779, 760, 827, 762, 1400, 1830, 1191, 1578, 843, 1721, 1546, 877, 721, 1038, 802, 1176, 952, 806, 761, 1675, 1421, 895, 1484, 1568, 1593, 836, 795, 1431, 1409, 841, 767, 852, 1964, 734, 743, 885, 811, 816, 1402], "episode_rewards": [570.0, 600.0, 575.0, 600.0, 1370.0, 1375.0, 1495.0, 570.0, 745.0, 2260.0, 605.0, 1620.0, 600.0, 600.0, 570.0, 930.0, 1375.0, 875.0, 1145.0, 600.0, 1115.0, 1320.0, 495.0, 520.0, 575.0, 545.0, 745.0, 800.0, 600.0, 570.0, 1045.0, 1115.0, 600.0, 1175.0, 1435.0, 1205.0, 575.0, 575.0, 995.0, 980.0, 600.0, 600.0, 555.0, 1550.0, 600.0, 805.0, 605.0, 575.0, 600.0, 1010.0], "episode_types": ["t", "t", "t", "t", "t", "t", "t", "t", "t", "t", "t", "t", "t", "t", "t", "t", "t", "t", "t", "t", "t", "t", "t", "t", "t", "t", "t", "t", "t", "t", "t", "t", "t", "t", "t", "t", "t", "t", "t", "t", "t", "t", "t", "t", "t", "t", "t", "t", "t", "t", "t"]}