{"initial_reset_timestamp": 1619979280.7783568, "timestamps": [1619979282.1824827, 1619979283.8103588, 1619979284.3279321, 1619979285.0999951, 1619979285.5552704, 1619979286.139096, 1619979286.7384348, 1619979287.7243202, 1619979289.4880905, 1619979290.259332, 1619979290.9858723, 1619979291.5947785, 1619979292.2115, 1619979292.810338, 1619979293.494132, 1619979294.4227614, 1619979295.2618353, 1619979295.8892534, 1619979296.6606054, 1619979297.2211866, 1619979298.1502032, 1619979299.0613413, 1619979299.5339203, 1619979300.128766, 1619979300.8984866, 1619979302.1200085, 1619979302.5750601, 1619979304.2294602, 1619979305.0117934, 1619979305.5089674, 1619979306.349036, 1619979307.1427815, 1619979308.2074196, 1619979309.099783, 1619979310.0177238, 1619979310.7527685, 1619979311.5187714, 1619979312.5658243, 1619979313.5599542, 1619979314.508564, 1619979315.067519, 1619979315.8152344, 1619979316.4257834, 1619979317.200155, 1619979317.8608916, 1619979318.8077493, 1619979319.3817346, 1619979320.3116686, 1619979321.0252964, 1619979322.1854837], "episode_lengths": [337, 519, 407, 655, 377, 486, 503, 829, 625, 605, 590, 493, 505, 486, 557, 770, 683, 512, 649, 471, 782, 769, 393, 502, 651, 1078, 379, 561, 640, 416, 712, 671, 899, 750, 791, 617, 649, 897, 859, 814, 470, 636, 514, 656, 558, 803, 480, 801, 602, 1010], "episode_rewards": [25.0, 175.0, 135.0, 245.0, 170.0, 120.0, 195.0, 365.0, 200.0, 315.0, 195.0, 145.0, 185.0, 120.0, 290.0, 310.0, 240.0, 250.0, 420.0, 165.0, 245.0, 340.0, 165.0, 130.0, 285.0, 550.0, 105.0, 240.0, 245.0, 145.0, 300.0, 515.0, 210.0, 290.0, 375.0, 195.0, 280.0, 615.0, 380.0, 385.0, 130.0, 335.0, 190.0, 305.0, 235.0, 520.0, 95.0, 430.0, 185.0, 655.0], "episode_types": ["t", "t", "t", "t", "t", "t", "t", "t", "t", "t", "t", "t", "t", "t", "t", "t", "t", "t", "t", "t", "t", "t", "t", "t", "t", "t", "t", "t", "t", "t", "t", "t", "t", "t", "t", "t", "t", "t", "t", "t", "t", "t", "t", "t", "t", "t", "t", "t", "t", "t", "t"]}