{"initial_reset_timestamp": 1619981398.310778, "timestamps": [1619981399.8870704, 1619981401.2036297, 1619981401.5972376, 1619981402.072133, 1619981402.783114, 1619981403.1343381, 1619981403.7237446, 1619981404.0808418, 1619981405.3869913, 1619981405.8427045, 1619981406.1931872, 1619981406.7511938, 1619981407.312157, 1619981407.9377515, 1619981408.5031288, 1619981409.351357, 1619981409.9559975, 1619981410.3643923, 1619981410.8287518, 1619981411.3042724, 1619981411.9119117, 1619981412.392391, 1619981412.7466054, 1619981413.250451, 1619981413.7159848, 1619981414.0848484, 1619981414.5562224, 1619981416.002016, 1619981416.3711941, 1619981417.3382478, 1619981417.695657, 1619981418.1179292, 1619981419.0143683, 1619981419.3812022, 1619981419.9983637, 1619981420.4958205, 1619981421.122393, 1619981421.9580355, 1619981422.3338683, 1619981422.9876144, 1619981423.3062863, 1619981424.0450585, 1619981424.4245977, 1619981425.1847303, 1619981425.9365199, 1619981426.5628612, 1619981426.9312425, 1619981427.2773988, 1619981428.2523198, 1619981428.6135268], "episode_lengths": [522, 300, 321, 407, 612, 298, 508, 304, 301, 372, 294, 478, 471, 522, 475, 724, 508, 346, 390, 403, 514, 398, 294, 413, 384, 300, 388, 383, 282, 802, 291, 347, 740, 300, 507, 408, 521, 702, 306, 535, 262, 614, 309, 632, 621, 520, 300, 285, 809, 300], "episode_rewards": [165.0, 80.0, 80.0, 155.0, 160.0, 80.0, 145.0, 55.0, 110.0, 180.0, 90.0, 110.0, 240.0, 150.0, 90.0, 230.0, 200.0, 80.0, 80.0, 180.0, 130.0, 155.0, 90.0, 155.0, 65.0, 80.0, 185.0, 155.0, 55.0, 330.0, 55.0, 60.0, 310.0, 80.0, 165.0, 155.0, 225.0, 370.0, 90.0, 155.0, 110.0, 280.0, 80.0, 175.0, 200.0, 120.0, 80.0, 90.0, 170.0, 80.0], "episode_types": ["t", "t", "t", "t", "t", "t", "t", "t", "t", "t", "t", "t", "t", "t", "t", "t", "t", "t", "t", "t", "t", "t", "t", "t", "t", "t", "t", "t", "t", "t", "t", "t", "t", "t", "t", "t", "t", "t", "t", "t", "t", "t", "t", "t", "t", "t", "t", "t", "t", "t", "t"]}