{"initial_reset_timestamp": 1619968001.3328886, "timestamps": [1619968002.2919357, 1619968003.468494, 1619968004.3002439, 1619968004.7626812, 1619968005.341565, 1619968005.9059243, 1619968006.2341545, 1619968006.6610243, 1619968007.6420302, 1619968008.3873024, 1619968008.9725049, 1619968009.4329963, 1619968010.0473597, 1619968010.661108, 1619968011.075225, 1619968011.5316803, 1619968012.1657677, 1619968012.7706277, 1619968013.2518482, 1619968013.8357518, 1619968014.669966, 1619968015.2669358, 1619968016.5226114, 1619968017.5364451, 1619968018.3023067, 1619968019.2459292, 1619968019.8619747, 1619968020.9430208, 1619968021.5586185, 1619968022.2031198, 1619968023.056417, 1619968023.882296, 1619968024.452609, 1619968025.0736058, 1619968026.0595026, 1619968026.4111319, 1619968027.219263, 1619968027.6863158, 1619968028.4751127, 1619968029.3086734, 1619968030.3536427, 1619968030.9776516, 1619968032.0704243, 1619968033.081523, 1619968033.823861, 1619968034.540386, 1619968035.2043724, 1619968035.930338, 1619968036.3268845, 1619968036.6637535], "episode_lengths": [584, 758, 679, 379, 477, 464, 268, 353, 606, 598, 489, 381, 516, 507, 340, 377, 526, 496, 396, 482, 701, 499, 1036, 879, 652, 811, 512, 699, 494, 535, 718, 708, 474, 512, 838, 294, 686, 391, 662, 705, 887, 512, 925, 864, 613, 601, 555, 610, 325, 277], "episode_rewards": [125.0, 335.0, 300.0, 125.0, 185.0, 105.0, 50.0, 105.0, 225.0, 160.0, 110.0, 115.0, 360.0, 180.0, 70.0, 135.0, 165.0, 185.0, 70.0, 160.0, 215.0, 185.0, 405.0, 330.0, 265.0, 415.0, 125.0, 240.0, 135.0, 160.0, 250.0, 320.0, 170.0, 120.0, 290.0, 110.0, 220.0, 155.0, 270.0, 305.0, 330.0, 155.0, 225.0, 390.0, 415.0, 275.0, 215.0, 200.0, 110.0, 105.0], "episode_types": ["t", "t", "t", "t", "t", "t", "t", "t", "t", "t", "t", "t", "t", "t", "t", "t", "t", "t", "t", "t", "t", "t", "t", "t", "t", "t", "t", "t", "t", "t", "t", "t", "t", "t", "t", "t", "t", "t", "t", "t", "t", "t", "t", "t", "t", "t", "t", "t", "t", "t", "t"]}