{"initial_reset_timestamp": 1619969166.4713948, "timestamps": [1619969167.342662, 1619969168.2352428, 1619969168.9375577, 1619969169.5552294, 1619969170.1484532, 1619969170.815245, 1619969171.7419412, 1619969172.3861532, 1619969173.592553, 1619969173.9634619, 1619969174.591859, 1619969175.2225778, 1619969175.5622735, 1619969176.106928, 1619969176.7290332, 1619969177.606185, 1619969178.0313761, 1619969178.68158, 1619969179.3276997, 1619969179.9811125, 1619969180.6186762, 1619969182.2463238, 1619969183.0221179, 1619969183.6455538, 1619969184.2491114, 1619969184.9339283, 1619969185.5957434, 1619969186.6322584, 1619969187.653809, 1619969188.3227482, 1619969189.205907, 1619969189.8224835, 1619969190.4151778, 1619969191.040736, 1619969191.7780948, 1619969192.4485335, 1619969193.2099178, 1619969193.506848, 1619969194.1239097, 1619969195.052063, 1619969195.7283087, 1619969196.5881712, 1619969197.2174413, 1619969198.2372787, 1619969198.8755486, 1619969199.579042, 1619969200.2585704, 1619969201.159889, 1619969201.9680197, 1619969202.9791648], "episode_lengths": [480, 483, 538, 495, 472, 539, 747, 518, 735, 272, 496, 505, 265, 434, 499, 702, 330, 516, 517, 516, 509, 1377, 620, 498, 482, 553, 553, 522, 853, 555, 738, 501, 483, 510, 532, 508, 605, 242, 496, 741, 509, 678, 502, 842, 501, 493, 498, 666, 626, 757], "episode_rewards": [160.0, 185.0, 85.0, 70.0, 125.0, 225.0, 315.0, 215.0, 315.0, 125.0, 130.0, 215.0, 35.0, 105.0, 185.0, 315.0, 85.0, 110.0, 190.0, 235.0, 180.0, 805.0, 245.0, 195.0, 185.0, 165.0, 240.0, 180.0, 345.0, 180.0, 315.0, 155.0, 185.0, 150.0, 155.0, 155.0, 225.0, 50.0, 210.0, 320.0, 190.0, 290.0, 210.0, 265.0, 185.0, 155.0, 230.0, 210.0, 245.0, 345.0], "episode_types": ["t", "t", "t", "t", "t", "t", "t", "t", "t", "t", "t", "t", "t", "t", "t", "t", "t", "t", "t", "t", "t", "t", "t", "t", "t", "t", "t", "t", "t", "t", "t", "t", "t", "t", "t", "t", "t", "t", "t", "t", "t", "t", "t", "t", "t", "t", "t", "t", "t", "t", "t"]}