{"initial_reset_timestamp": 1619977592.904431, "timestamps": [1619977595.0117707, 1619977597.0836277, 1619977597.9185863, 1619977598.6634946, 1619977599.2759702, 1619977599.987174, 1619977600.605192, 1619977601.351733, 1619977603.22025, 1619977604.0404193, 1619977604.8425064, 1619977606.194018, 1619977606.9917078, 1619977607.6260998, 1619977608.7254193, 1619977609.4581275, 1619977610.2623687, 1619977611.2848969, 1619977611.6659718, 1619977612.4627783, 1619977613.0708814, 1619977613.8193207, 1619977614.6075428, 1619977615.3413777, 1619977615.9593782, 1619977616.3362136, 1619977617.061022, 1619977619.136773, 1619977619.956418, 1619977620.6922743, 1619977621.4880278, 1619977622.2485409, 1619977623.057941, 1619977623.821353, 1619977624.212107, 1619977624.957134, 1619977625.3367772, 1619977626.1675665, 1619977626.9803717, 1619977627.8126905, 1619977628.6002705, 1619977629.5159333, 1619977630.2669206, 1619977631.0491393, 1619977631.7823946, 1619977632.4019752, 1619977633.1605175, 1619977633.5250983, 1619977634.1565003, 1619977634.7198164], "episode_lengths": [625, 599, 640, 589, 484, 563, 489, 590, 457, 635, 637, 1104, 640, 505, 898, 585, 642, 822, 300, 638, 483, 599, 632, 586, 489, 300, 582, 605, 627, 580, 631, 605, 643, 610, 308, 591, 299, 659, 652, 669, 628, 738, 599, 627, 585, 490, 604, 288, 505, 447], "episode_rewards": [180.0, 215.0, 210.0, 365.0, 105.0, 140.0, 105.0, 310.0, 105.0, 180.0, 210.0, 365.0, 210.0, 105.0, 875.0, 360.0, 360.0, 225.0, 30.0, 210.0, 105.0, 180.0, 210.0, 125.0, 110.0, 30.0, 225.0, 155.0, 210.0, 110.0, 210.0, 365.0, 210.0, 155.0, 90.0, 155.0, 80.0, 180.0, 210.0, 260.0, 185.0, 260.0, 320.0, 250.0, 120.0, 105.0, 355.0, 80.0, 210.0, 75.0], "episode_types": ["t", "t", "t", "t", "t", "t", "t", "t", "t", "t", "t", "t", "t", "t", "t", "t", "t", "t", "t", "t", "t", "t", "t", "t", "t", "t", "t", "t", "t", "t", "t", "t", "t", "t", "t", "t", "t", "t", "t", "t", "t", "t", "t", "t", "t", "t", "t", "t", "t", "t", "t"]}