{"initial_reset_timestamp": 1619988667.824348, "timestamps": [1619988669.8966515, 1619988671.9826324, 1619988673.020431, 1619988674.0734534, 1619988674.8628638, 1619988675.870015, 1619988676.7589216, 1619988677.5652072, 1619988679.643723, 1619988680.6201074, 1619988681.3888197, 1619988682.25796, 1619988683.2639918, 1619988684.9072862, 1619988685.97458, 1619988686.4898796, 1619988687.4440267, 1619988688.4089255, 1619988689.550046, 1619988690.3519077, 1619988691.3612366, 1619988692.5589154, 1619988693.055275, 1619988693.5414374, 1619988694.4846456, 1619988695.3113346, 1619988696.459448, 1619988698.682094, 1619988699.5198572, 1619988700.4562056, 1619988701.375541, 1619988702.4715598, 1619988702.9729435, 1619988703.91807, 1619988704.6576278, 1619988705.1338513, 1619988705.9519207, 1619988706.9870276, 1619988707.9094055, 1619988708.8885422, 1619988709.8310118, 1619988710.7855787, 1619988711.6039555, 1619988712.5139847, 1619988713.4604251, 1619988714.2068005, 1619988715.1648638, 1619988715.919421, 1619988716.7152016, 1619988717.6111166], "episode_lengths": [508, 511, 615, 638, 475, 610, 536, 486, 503, 581, 465, 529, 614, 1010, 652, 311, 579, 590, 697, 489, 618, 733, 300, 293, 574, 505, 703, 601, 511, 588, 577, 691, 315, 594, 466, 297, 515, 654, 585, 605, 599, 605, 510, 578, 596, 467, 603, 478, 504, 566], "episode_rewards": [105.0, 110.0, 155.0, 180.0, 105.0, 135.0, 90.0, 75.0, 80.0, 120.0, 35.0, 50.0, 180.0, 135.0, 125.0, 75.0, 110.0, 110.0, 335.0, 75.0, 120.0, 230.0, 30.0, 5.0, 105.0, 105.0, 155.0, 145.0, 80.0, 120.0, 120.0, 105.0, 75.0, 135.0, 15.0, 15.0, 75.0, 150.0, 135.0, 120.0, 120.0, 335.0, 110.0, 120.0, 135.0, 30.0, 155.0, 50.0, 105.0, 110.0], "episode_types": ["t", "t", "t", "t", "t", "t", "t", "t", "t", "t", "t", "t", "t", "t", "t", "t", "t", "t", "t", "t", "t", "t", "t", "t", "t", "t", "t", "t", "t", "t", "t", "t", "t", "t", "t", "t", "t", "t", "t", "t", "t", "t", "t", "t", "t", "t", "t", "t", "t", "t", "t"]}