{"initial_reset_timestamp": 1619987664.22362, "timestamps": [1619987666.847736, 1619987669.7299984, 1619987671.4164085, 1619987672.4649413, 1619987673.9041474, 1619987675.2031293, 1619987676.216753, 1619987678.0205154, 1619987680.4706337, 1619987682.336628, 1619987683.3979483, 1619987684.6154869, 1619987685.8691154, 1619987686.9007366, 1619987688.1864476, 1619987689.2081037, 1619987690.219772, 1619987691.2216294, 1619987692.206694, 1619987693.187391, 1619987694.5971198, 1619987695.6612463, 1619987696.9737945, 1619987698.6171594, 1619987699.6704955, 1619987700.7344468, 1619987701.7364583, 1619987704.5848248, 1619987706.4002905, 1619987708.5536957, 1619987709.4537008, 1619987710.4417362, 1619987711.4834466, 1619987712.5875366, 1619987714.8352747, 1619987717.3360095, 1619987718.4012556, 1619987719.52569, 1619987721.1170933, 1619987722.5676987, 1619987723.8733735, 1619987724.9308462, 1619987726.4298062, 1619987728.1256993, 1619987729.7945893, 1619987730.8603077, 1619987731.907164, 1619987733.002705, 1619987734.494817, 1619987736.0660028], "episode_lengths": [744, 900, 1023, 641, 884, 799, 617, 1132, 650, 1149, 647, 753, 772, 628, 795, 622, 612, 612, 601, 601, 870, 654, 813, 1023, 644, 633, 615, 896, 1129, 1360, 548, 606, 638, 670, 1422, 1562, 652, 692, 986, 900, 794, 644, 941, 1061, 1049, 652, 636, 669, 926, 983], "episode_rewards": [330.0, 380.0, 630.0, 370.0, 620.0, 460.0, 345.0, 760.0, 400.0, 470.0, 335.0, 865.0, 445.0, 335.0, 535.0, 330.0, 300.0, 310.0, 325.0, 260.0, 480.0, 380.0, 380.0, 495.0, 265.0, 480.0, 365.0, 655.0, 800.0, 600.0, 395.0, 295.0, 350.0, 420.0, 600.0, 950.0, 520.0, 350.0, 400.0, 595.0, 475.0, 260.0, 715.0, 760.0, 650.0, 295.0, 570.0, 305.0, 385.0, 550.0], "episode_types": ["t", "t", "t", "t", "t", "t", "t", "t", "t", "t", "t", "t", "t", "t", "t", "t", "t", "t", "t", "t", "t", "t", "t", "t", "t", "t", "t", "t", "t", "t", "t", "t", "t", "t", "t", "t", "t", "t", "t", "t", "t", "t", "t", "t", "t", "t", "t", "t", "t", "t", "t"]}