{"initial_reset_timestamp": 1619972782.6718695, "timestamps": [1619972784.8743074, 1619972787.5437138, 1619972788.3917673, 1619972788.9730036, 1619972789.5670912, 1619972790.9019802, 1619972791.9608443, 1619972793.1036158, 1619972794.946709, 1619972795.7268903, 1619972796.3765905, 1619972797.0593266, 1619972797.467867, 1619972798.5007315, 1619972799.5791445, 1619972800.308657, 1619972801.0263464, 1619972801.6805675, 1619972803.1947126, 1619972803.9395537, 1619972804.4901752, 1619972804.8755486, 1619972805.5675292, 1619972806.3616965, 1619972806.7556305, 1619972807.4233541, 1619972807.9455671, 1619972810.5538414, 1619972810.933502, 1619972811.3772004, 1619972812.4366279, 1619972812.8326561, 1619972813.4811857, 1619972814.0439565, 1619972814.926044, 1619972816.0253787, 1619972816.4660645, 1619972817.2188048, 1619972818.2667534, 1619972819.179777, 1619972819.973731, 1619972821.268599, 1619972822.5914543, 1619972823.7017677, 1619972824.6350708, 1619972825.7366264, 1619972826.8376207, 1619972827.5573065, 1619972828.0812852, 1619972829.4003592], "episode_lengths": [609, 910, 538, 378, 386, 880, 695, 754, 403, 485, 417, 440, 263, 672, 701, 473, 465, 425, 997, 483, 357, 248, 447, 516, 254, 432, 337, 890, 228, 283, 687, 254, 419, 362, 574, 714, 284, 487, 681, 594, 516, 844, 868, 724, 608, 718, 716, 466, 338, 866], "episode_rewards": [125.0, 440.0, 55.0, 45.0, 20.0, 240.0, 290.0, 130.0, 45.0, 135.0, 65.0, 125.0, 5.0, 80.0, 140.0, 40.0, 80.0, 5.0, 275.0, 15.0, 0.0, 40.0, 50.0, 75.0, 15.0, 30.0, 5.0, 315.0, 30.0, 35.0, 190.0, 15.0, 55.0, 70.0, 170.0, 105.0, 0.0, 135.0, 50.0, 50.0, 60.0, 115.0, 305.0, 170.0, 140.0, 100.0, 320.0, 75.0, 40.0, 355.0], "episode_types": ["t", "t", "t", "t", "t", "t", "t", "t", "t", "t", "t", "t", "t", "t", "t", "t", "t", "t", "t", "t", "t", "t", "t", "t", "t", "t", "t", "t", "t", "t", "t", "t", "t", "t", "t", "t", "t", "t", "t", "t", "t", "t", "t", "t", "t", "t", "t", "t", "t", "t", "t"]}