{"initial_reset_timestamp": 1619978154.2943523, "timestamps": [1619978156.5513933, 1619978158.390011, 1619978159.5186732, 1619978160.2768855, 1619978161.1050687, 1619978161.7981682, 1619978162.8521755, 1619978163.8713357, 1619978165.8990393, 1619978166.3386753, 1619978167.7379165, 1619978168.6011465, 1619978169.9432676, 1619978170.3875155, 1619978171.1329727, 1619978172.1180816, 1619978173.4580426, 1619978174.7903593, 1619978175.592032, 1619978176.689901, 1619978178.0637207, 1619978178.8148844, 1619978179.5616302, 1619978181.5341659, 1619978182.975029, 1619978184.2569005, 1619978185.5766642, 1619978187.923434, 1619978189.0631962, 1619978189.724544, 1619978190.552923, 1619978191.3534248, 1619978192.4304624, 1619978193.2207584, 1619978194.0168629, 1619978195.5312982, 1619978196.8232696, 1619978197.431728, 1619978199.2185507, 1619978199.9970908, 1619978201.3026214, 1619978202.5645006, 1619978203.6725512, 1619978204.3127859, 1619978205.1337082, 1619978205.6004605, 1619978206.3994317, 1619978207.221015, 1619978209.0011122, 1619978209.3958426], "episode_lengths": [622, 356, 692, 474, 517, 433, 665, 641, 475, 257, 872, 543, 845, 276, 465, 621, 846, 837, 505, 689, 865, 470, 465, 1253, 916, 807, 829, 692, 696, 411, 516, 500, 683, 495, 499, 960, 826, 381, 1133, 487, 825, 796, 701, 402, 514, 291, 502, 514, 1136, 246], "episode_rewards": [245.0, 60.0, 220.0, 160.0, 195.0, 65.0, 270.0, 235.0, 170.0, 40.0, 445.0, 215.0, 215.0, 25.0, 170.0, 215.0, 235.0, 425.0, 150.0, 155.0, 275.0, 75.0, 110.0, 325.0, 475.0, 375.0, 195.0, 285.0, 210.0, 55.0, 165.0, 155.0, 350.0, 205.0, 150.0, 420.0, 530.0, 40.0, 260.0, 130.0, 260.0, 145.0, 400.0, 25.0, 155.0, 60.0, 165.0, 95.0, 385.0, 15.0], "episode_types": ["t", "t", "t", "t", "t", "t", "t", "t", "t", "t", "t", "t", "t", "t", "t", "t", "t", "t", "t", "t", "t", "t", "t", "t", "t", "t", "t", "t", "t", "t", "t", "t", "t", "t", "t", "t", "t", "t", "t", "t", "t", "t", "t", "t", "t", "t", "t", "t", "t", "t", "t"]}