{"initial_reset_timestamp": 1619990788.2654948, "timestamps": [1619990791.1043763, 1619990793.7884035, 1619990794.9340756, 1619990795.7070384, 1619990796.4874928, 1619990798.594663, 1619990799.7978895, 1619990800.6209147, 1619990803.1906552, 1619990805.5706298, 1619990807.812837, 1619990808.6007223, 1619990809.8296955, 1619990811.018103, 1619990812.569448, 1619990815.219285, 1619990816.0076797, 1619990817.3059604, 1619990818.097565, 1619990818.9938354, 1619990820.1356158, 1619990821.4130807, 1619990822.199961, 1619990824.2250028, 1619990825.0447288, 1619990826.3786316, 1619990827.1696866, 1619990829.6504445, 1619990831.8839254, 1619990834.3517468, 1619990835.1403263, 1619990836.5505836, 1619990838.4677536, 1619990839.2798584, 1619990841.2226844, 1619990843.5461123, 1619990844.7402868, 1619990846.036279, 1619990847.521019, 1619990849.1728187, 1619990850.5510504, 1619990851.72771, 1619990853.1903381, 1619990854.4293132, 1619990855.2247458, 1619990856.0309887, 1619990858.112891, 1619990859.377442, 1619990860.6526122, 1619990862.7519958], "episode_lengths": [1042, 919, 781, 526, 532, 1473, 849, 558, 856, 1646, 1551, 537, 868, 840, 1097, 1890, 537, 917, 537, 612, 796, 906, 537, 1407, 558, 942, 537, 788, 1539, 1721, 537, 993, 1328, 553, 1358, 1616, 835, 899, 1056, 1168, 979, 829, 1045, 871, 542, 548, 1454, 885, 898, 1464], "episode_rewards": [605.0, 485.0, 545.0, 440.0, 385.0, 1180.0, 600.0, 255.0, 805.0, 1160.0, 1240.0, 365.0, 800.0, 525.0, 600.0, 1635.0, 510.0, 600.0, 300.0, 610.0, 525.0, 600.0, 360.0, 1165.0, 310.0, 600.0, 410.0, 525.0, 980.0, 1120.0, 380.0, 775.0, 925.0, 410.0, 1095.0, 975.0, 745.0, 645.0, 770.0, 775.0, 605.0, 755.0, 800.0, 465.0, 390.0, 320.0, 1365.0, 605.0, 515.0, 965.0], "episode_types": ["t", "t", "t", "t", "t", "t", "t", "t", "t", "t", "t", "t", "t", "t", "t", "t", "t", "t", "t", "t", "t", "t", "t", "t", "t", "t", "t", "t", "t", "t", "t", "t", "t", "t", "t", "t", "t", "t", "t", "t", "t", "t", "t", "t", "t", "t", "t", "t", "t", "t", "t"]}