{"initial_reset_timestamp": 1619985929.4089243, "timestamps": [1619985931.2932615, 1619985933.3133233, 1619985934.2257173, 1619985935.7326615, 1619985936.6221735, 1619985937.425507, 1619985938.2046566, 1619985938.9739394, 1619985941.0946126, 1619985941.9078045, 1619985942.6977556, 1619985943.4985352, 1619985944.380158, 1619985945.8353772, 1619985946.509229, 1619985947.3397446, 1619985948.121385, 1619985949.914361, 1619985950.7634451, 1619985952.1236954, 1619985952.894951, 1619985954.1373131, 1619985954.9188223, 1619985956.0020251, 1619985956.8321273, 1619985957.433159, 1619985958.0467272, 1619985960.0510397, 1619985961.41945, 1619985962.1482873, 1619985963.416953, 1619985964.9392939, 1619985966.0774395, 1619985966.6974893, 1619985967.9645967, 1619985968.6014082, 1619985969.4291818, 1619985970.1674953, 1619985972.0189629, 1619985973.2653458, 1619985974.4102247, 1619985975.722136, 1619985976.4604285, 1619985977.1090515, 1619985978.2153182, 1619985979.2891562, 1619985979.8938868, 1619985980.9968445, 1619985983.005547, 1619985983.8466609], "episode_lengths": [399, 464, 534, 913, 536, 482, 468, 463, 538, 476, 493, 500, 543, 893, 409, 500, 476, 1114, 539, 876, 491, 798, 496, 695, 528, 382, 386, 503, 859, 463, 816, 979, 732, 392, 806, 404, 525, 469, 1206, 799, 734, 847, 468, 411, 709, 693, 385, 707, 1314, 537], "episode_rewards": [15.0, 110.0, 105.0, 185.0, 150.0, 160.0, 125.0, 110.0, 130.0, 95.0, 135.0, 120.0, 165.0, 215.0, 40.0, 55.0, 155.0, 425.0, 345.0, 240.0, 70.0, 190.0, 110.0, 120.0, 190.0, 65.0, 15.0, 130.0, 245.0, 50.0, 240.0, 475.0, 140.0, 130.0, 190.0, 35.0, 145.0, 110.0, 660.0, 400.0, 360.0, 230.0, 75.0, 100.0, 120.0, 200.0, 35.0, 315.0, 750.0, 95.0], "episode_types": ["t", "t", "t", "t", "t", "t", "t", "t", "t", "t", "t", "t", "t", "t", "t", "t", "t", "t", "t", "t", "t", "t", "t", "t", "t", "t", "t", "t", "t", "t", "t", "t", "t", "t", "t", "t", "t", "t", "t", "t", "t", "t", "t", "t", "t", "t", "t", "t", "t", "t", "t"]}