{"initial_reset_timestamp": 1619970406.2609723, "timestamps": [1619970407.9814196, 1619970410.0590303, 1619970410.8301327, 1619970411.6315699, 1619970412.4862103, 1619970412.9877036, 1619970413.6459653, 1619970414.1149209, 1619970416.1914678, 1619970416.8386579, 1619970417.4701374, 1619970418.0974343, 1619970419.0277762, 1619970419.9870765, 1619970420.4910026, 1619970421.1491616, 1619970421.8041818, 1619970422.6719155, 1619970423.3051958, 1619970423.9462554, 1619970424.6669223, 1619970425.4352953, 1619970426.204123, 1619970427.1239357, 1619970428.046597, 1619970428.9327593, 1619970429.7352817, 1619970431.7293904, 1619970432.220884, 1619970432.726783, 1619970433.5704546, 1619970434.2800112, 1619970434.9329453, 1619970435.6748798, 1619970436.6643627, 1619970437.495635, 1619970438.1408863, 1619970438.8685946, 1619970439.6850507, 1619970440.5527363, 1619970441.3970084, 1619970442.2079947, 1619970442.6731958, 1619970443.1323092, 1619970443.791044, 1619970444.718047, 1619970445.564578, 1619970446.2026215, 1619970446.7898529, 1619970447.2768545], "episode_lengths": [374, 651, 600, 661, 692, 400, 534, 378, 670, 502, 511, 504, 764, 790, 403, 534, 526, 712, 508, 522, 589, 626, 635, 759, 765, 728, 655, 594, 374, 406, 687, 576, 527, 600, 806, 681, 527, 585, 667, 714, 699, 664, 374, 366, 536, 768, 696, 520, 474, 393], "episode_rewards": [150.0, 325.0, 190.0, 395.0, 250.0, 190.0, 270.0, 105.0, 375.0, 170.0, 210.0, 225.0, 315.0, 290.0, 235.0, 270.0, 255.0, 405.0, 180.0, 160.0, 265.0, 205.0, 325.0, 395.0, 295.0, 295.0, 185.0, 325.0, 175.0, 195.0, 260.0, 265.0, 290.0, 270.0, 265.0, 515.0, 205.0, 230.0, 275.0, 390.0, 535.0, 230.0, 175.0, 180.0, 290.0, 450.0, 250.0, 255.0, 135.0, 155.0], "episode_types": ["t", "t", "t", "t", "t", "t", "t", "t", "t", "t", "t", "t", "t", "t", "t", "t", "t", "t", "t", "t", "t", "t", "t", "t", "t", "t", "t", "t", "t", "t", "t", "t", "t", "t", "t", "t", "t", "t", "t", "t", "t", "t", "t", "t", "t", "t", "t", "t", "t", "t", "t"]}