{"initial_reset_timestamp": 1620003334.0561066, "timestamps": [1620003337.447398, 1620003341.0083745, 1620003342.2348123, 1620003344.3528953, 1620003346.2808685, 1620003347.275789, 1620003348.6970718, 1620003349.652187, 1620003352.5751839, 1620003354.2866483, 1620003357.6773152, 1620003358.697775, 1620003361.768703, 1620003364.092056, 1620003365.1382532, 1620003366.2273035, 1620003368.5509906, 1620003370.7030506, 1620003372.9006634, 1620003373.7956307, 1620003375.9676576, 1620003378.2229083, 1620003379.1223683, 1620003380.0524695, 1620003382.4108753, 1620003384.6000473, 1620003386.7347915, 1620003390.039014, 1620003392.2951274, 1620003393.29617, 1620003395.181597, 1620003398.7724922, 1620003400.342499, 1620003401.281646, 1620003402.3809958, 1620003404.573381, 1620003405.7537208, 1620003410.323133, 1620003411.2762175, 1620003413.751743, 1620003415.8975124, 1620003416.8017275, 1620003417.8762434, 1620003418.929385, 1620003421.2515957, 1620003423.6190982, 1620003425.7159333, 1620003428.1100364, 1620003430.3528967, 1620003431.6347606, 1620003435.4508185, 1620003437.8848746, 1620003439.8901348, 1620003440.838286, 1620003441.9205942, 1620003442.9580832, 1620003443.936373, 1620003444.8852491, 1620003447.1376672, 1620003448.1041703, 1620003449.166739, 1620003450.537863, 1620003452.357007, 1620003454.680938, 1620003458.2448208, 1620003460.609407, 1620003461.6006913, 1620003462.8402686, 1620003465.1468225, 1620003467.3464816, 1620003469.6001787, 1620003471.9800718, 1620003473.7827287, 1620003474.9516275, 1620003477.5304656, 1620003478.6092172, 1620003480.6879098, 1620003482.7397337, 1620003483.981938, 1620003485.8796518, 1620003488.3428063, 1620003489.500259, 1620003490.6305978, 1620003491.7521644, 1620003492.7556694, 1620003494.9942937, 1620003495.9183664, 1620003498.4908144, 1620003500.6988773, 1620003502.7961211, 1620003505.2446263, 1620003507.615289, 1620003508.883861, 1620003510.0400271, 1620003512.4687548, 1620003513.5271533, 1620003515.6460838, 1620003517.4338534, 1620003518.3541684, 1620003519.3701603], "episode_lengths": [1431, 1535, 830, 1465, 1332, 688, 994, 660, 1080, 1177, 2366, 701, 2143, 1634, 720, 749, 1614, 1489, 1540, 608, 1524, 1584, 621, 638, 1645, 1525, 1488, 1339, 1578, 692, 1306, 2512, 1083, 644, 766, 1525, 822, 3224, 652, 1738, 1496, 617, 743, 729, 1628, 1652, 1457, 1665, 1564, 883, 2668, 1700, 1383, 654, 750, 715, 670, 654, 1569, 667, 729, 957, 1248, 1609, 1515, 1640, 680, 858, 1612, 1536, 1573, 1660, 1239, 811, 1806, 746, 1442, 1421, 859, 1300, 1710, 793, 786, 772, 691, 1557, 637, 1791, 1539, 1463, 1724, 1647, 880, 797, 1695, 730, 1472, 1241, 633, 696], "episode_rewards": [1235.0, 1230.0, 520.0, 1155.0, 1115.0, 540.0, 600.0, 545.0, 835.0, 1000.0, 1565.0, 545.0, 1575.0, 1430.0, 745.0, 570.0, 1200.0, 1430.0, 1175.0, 550.0, 1175.0, 1230.0, 575.0, 540.0, 1150.0, 1230.0, 1435.0, 1205.0, 1430.0, 545.0, 970.0, 1775.0, 845.0, 545.0, 570.0, 1230.0, 545.0, 2465.0, 505.0, 1230.0, 1320.0, 545.0, 600.0, 540.0, 1230.0, 1630.0, 1145.0, 1285.0, 1230.0, 545.0, 2165.0, 1145.0, 1080.0, 745.0, 575.0, 545.0, 775.0, 575.0, 1400.0, 575.0, 540.0, 600.0, 960.0, 1200.0, 1370.0, 1400.0, 545.0, 915.0, 1200.0, 1230.0, 1200.0, 1200.0, 1225.0, 600.0, 1230.0, 605.0, 1175.0, 1200.0, 540.0, 945.0, 1405.0, 520.0, 600.0, 540.0, 545.0, 1375.0, 545.0, 1205.0, 1320.0, 1200.0, 1200.0, 1430.0, 600.0, 550.0, 1600.0, 570.0, 1205.0, 1055.0, 545.0, 545.0], "episode_types": ["t", "t", "t", "t", "t", "t", "t", "t", "t", "t", "t", "t", "t", "t", "t", "t", "t", "t", "t", "t", "t", "t", "t", "t", "t", "t", "t", "t", "t", "t", "t", "t", "t", "t", "t", "t", "t", "t", "t", "t", "t", "t", "t", "t", "t", "t", "t", "t", "t", "t", "t", "t", "t", "t", "t", "t", "t", "t", "t", "t", "t", "t", "t", "t", "t", "t", "t", "t", "t", "t", "t", "t", "t", "t", "t", "t", "t", "t", "t", "t", "t", "t", "t", "t", "t", "t", "t", "t", "t", "t", "t", "t", "t", "t", "t", "t", "t", "t", "t", "t", "t"]}