{"initial_reset_timestamp": 1619996808.5420706, "timestamps": [1619996810.9716568, 1619996814.6316452, 1619996816.8621173, 1619996817.977699, 1619996819.1431975, 1619996820.3037403, 1619996822.5507727, 1619996823.6082313, 1619996827.2998881, 1619996829.7737637, 1619996831.962178, 1619996833.2336624, 1619996835.6716702, 1619996836.9928348, 1619996838.318422, 1619996840.8537438, 1619996842.071838, 1619996843.4972363, 1619996844.5573814, 1619996845.5805166, 1619996847.9417129, 1619996850.0618632, 1619996851.439693, 1619996853.5927048, 1619996854.8931959, 1619996856.1667163, 1619996858.9806046, 1619996861.438604, 1619996863.8738515, 1619996865.151818, 1619996866.3267055, 1619996867.4972153, 1619996869.8314502, 1619996871.0598383, 1619996872.0731885, 1619996874.4134727, 1619996875.4948194, 1619996876.705325, 1619996878.9373188, 1619996880.155908, 1619996881.1983943, 1619996882.2104945, 1619996883.2665155, 1619996884.5162718, 1619996886.7962427, 1619996887.8416903, 1619996889.019852, 1619996889.9863205, 1619996891.141593, 1619996893.3181329], "episode_lengths": [772, 1597, 1567, 779, 816, 816, 1604, 745, 1643, 1745, 1549, 901, 1735, 931, 943, 1798, 861, 1010, 740, 715, 1692, 1511, 970, 1520, 926, 901, 1997, 794, 1698, 903, 832, 831, 1665, 864, 704, 1655, 758, 856, 1578, 863, 730, 711, 741, 880, 1623, 735, 829, 676, 821, 1530], "episode_rewards": [600.0, 1350.0, 1270.0, 555.0, 600.0, 600.0, 1370.0, 575.0, 1370.0, 1315.0, 1325.0, 600.0, 1230.0, 1000.0, 800.0, 1150.0, 575.0, 600.0, 550.0, 570.0, 1230.0, 1150.0, 605.0, 1100.0, 600.0, 600.0, 1380.0, 600.0, 1525.0, 600.0, 600.0, 800.0, 1230.0, 585.0, 545.0, 1370.0, 600.0, 600.0, 1070.0, 600.0, 545.0, 600.0, 755.0, 715.0, 1400.0, 600.0, 540.0, 570.0, 600.0, 1355.0], "episode_types": ["t", "t", "t", "t", "t", "t", "t", "t", "t", "t", "t", "t", "t", "t", "t", "t", "t", "t", "t", "t", "t", "t", "t", "t", "t", "t", "t", "t", "t", "t", "t", "t", "t", "t", "t", "t", "t", "t", "t", "t", "t", "t", "t", "t", "t", "t", "t", "t", "t", "t", "t"]}