{"initial_reset_timestamp": 1620002926.5429611, "timestamps": [1620002929.0150566, 1620002931.273659, 1620002932.4409935, 1620002934.688979, 1620002935.760899, 1620002936.9509282, 1620002938.2170308, 1620002940.1493564, 1620002943.7257974, 1620002946.175931, 1620002947.3004792, 1620002949.4775255, 1620002952.2901435, 1620002954.3627908, 1620002956.6123385, 1620002957.7245336, 1620002959.283932, 1620002961.317587, 1620002963.4340112, 1620002964.4835787, 1620002966.4031966, 1620002968.8957148, 1620002970.0279598, 1620002972.0644162, 1620002974.1378324, 1620002976.3647742, 1620002977.4802473, 1620002981.0057652, 1620002984.4133854, 1620002987.0091474, 1620002988.0720236, 1620002988.9607723, 1620002990.0876906, 1620002991.3684669, 1620002993.5871344, 1620002994.5384612, 1620002995.6288195, 1620002996.7673376, 1620002997.7490351, 1620002998.7863147, 1620002999.8642354, 1620003000.941278, 1620003001.8923445, 1620003002.807901, 1620003005.2283278, 1620003008.387805, 1620003011.4102476, 1620003013.747745, 1620003014.797511, 1620003015.8236537], "episode_lengths": [799, 651, 814, 1585, 752, 842, 905, 1367, 1564, 1731, 791, 1548, 1989, 1481, 1609, 795, 1092, 1449, 1513, 734, 1363, 1761, 805, 1435, 1471, 1583, 797, 1520, 2425, 1874, 755, 622, 796, 913, 1580, 667, 776, 805, 685, 735, 760, 756, 676, 640, 1734, 2265, 2148, 1666, 746, 724], "episode_rewards": [570.0, 570.0, 570.0, 1605.0, 805.0, 570.0, 575.0, 1575.0, 1405.0, 1430.0, 605.0, 1230.0, 1490.0, 1230.0, 1200.0, 600.0, 855.0, 1405.0, 1230.0, 575.0, 1180.0, 1280.0, 570.0, 1325.0, 1235.0, 1175.0, 600.0, 1405.0, 1865.0, 1200.0, 800.0, 570.0, 540.0, 605.0, 1120.0, 540.0, 600.0, 515.0, 570.0, 600.0, 545.0, 575.0, 600.0, 510.0, 1230.0, 2005.0, 2135.0, 1570.0, 800.0, 600.0], "episode_types": ["t", "t", "t", "t", "t", "t", "t", "t", "t", "t", "t", "t", "t", "t", "t", "t", "t", "t", "t", "t", "t", "t", "t", "t", "t", "t", "t", "t", "t", "t", "t", "t", "t", "t", "t", "t", "t", "t", "t", "t", "t", "t", "t", "t", "t", "t", "t", "t", "t", "t", "t"]}