{"initial_reset_timestamp": 1619969676.2789345, "timestamps": [1619969677.212948, 1619969678.1169655, 1619969679.110189, 1619969680.4735422, 1619969681.07688, 1619969681.4232755, 1619969682.1692977, 1619969683.2349463, 1619969684.372833, 1619969685.2424443, 1619969685.9059114, 1619969687.0490787, 1619969687.9771807, 1619969688.320979, 1619969689.145834, 1619969689.5032647, 1619969689.854216, 1619969690.4731414, 1619969691.1147683, 1619969692.1668153, 1619969692.7730029, 1619969693.5849586, 1619969694.4438024, 1619969695.077389, 1619969695.7218292, 1619969696.0600262, 1619969697.4160948, 1619969698.7351198, 1619969699.4373496, 1619969700.1519823, 1619969700.74528, 1619969701.4078908, 1619969702.2881923, 1619969703.1929955, 1619969704.203992, 1619969705.5380518, 1619969706.1408153, 1619969706.8095107, 1619969707.152985, 1619969708.1004465, 1619969709.3514466, 1619969710.4671235, 1619969711.361503, 1619969712.3551962, 1619969713.3185258, 1619969713.9519782, 1619969714.564034, 1619969714.8804944, 1619969715.6743798, 1619969716.5523887], "episode_lengths": [512, 500, 776, 1087, 476, 267, 592, 855, 696, 677, 526, 927, 743, 266, 660, 279, 274, 487, 510, 837, 474, 647, 683, 500, 512, 263, 1095, 849, 534, 569, 466, 517, 706, 722, 808, 1078, 474, 527, 269, 758, 1006, 896, 723, 798, 781, 503, 486, 242, 637, 698], "episode_rewards": [185.0, 185.0, 250.0, 485.0, 185.0, 50.0, 185.0, 260.0, 255.0, 535.0, 510.0, 290.0, 290.0, 95.0, 290.0, 60.0, 100.0, 160.0, 135.0, 285.0, 140.0, 215.0, 210.0, 160.0, 180.0, 65.0, 250.0, 380.0, 95.0, 185.0, 130.0, 215.0, 315.0, 240.0, 335.0, 225.0, 85.0, 195.0, 45.0, 290.0, 480.0, 365.0, 365.0, 245.0, 375.0, 215.0, 135.0, 50.0, 215.0, 225.0], "episode_types": ["t", "t", "t", "t", "t", "t", "t", "t", "t", "t", "t", "t", "t", "t", "t", "t", "t", "t", "t", "t", "t", "t", "t", "t", "t", "t", "t", "t", "t", "t", "t", "t", "t", "t", "t", "t", "t", "t", "t", "t", "t", "t", "t", "t", "t", "t", "t", "t", "t", "t", "t"]}