{"initial_reset_timestamp": 1619982719.4969828, "timestamps": [1619982721.5998704, 1619982723.709203, 1619982724.878725, 1619982725.9450476, 1619982726.7112348, 1619982727.5392184, 1619982728.3145404, 1619982729.1413083, 1619982731.128005, 1619982732.1147797, 1619982732.8889456, 1619982733.6822636, 1619982734.6459546, 1619982735.462991, 1619982736.2891877, 1619982737.1352623, 1619982737.9749286, 1619982738.7975407, 1619982739.7476459, 1619982740.563205, 1619982741.3721588, 1619982742.2253926, 1619982743.161224, 1619982744.2358031, 1619982745.0549111, 1619982745.9132133, 1619982746.7188292, 1619982748.770768, 1619982749.5556085, 1619982750.400811, 1619982751.2308562, 1619982751.9876301, 1619982752.79951, 1619982753.5838797, 1619982754.402821, 1619982755.2662244, 1619982756.7340355, 1619982757.5515683, 1619982759.1832423, 1619982759.9839327, 1619982760.824665, 1619982761.6717849, 1619982762.5999987, 1619982763.4381466, 1619982764.2846167, 1619982765.319682, 1619982766.167429, 1619982766.918444, 1619982767.6779196, 1619982768.512459], "episode_lengths": [522, 521, 697, 672, 476, 520, 484, 518, 494, 604, 482, 495, 603, 515, 520, 528, 524, 520, 597, 510, 511, 530, 590, 682, 515, 538, 507, 535, 473, 534, 527, 476, 504, 489, 509, 535, 928, 515, 1034, 502, 526, 530, 582, 522, 525, 644, 530, 470, 479, 515], "episode_rewards": [50.0, 75.0, 120.0, 10.0, 50.0, 30.0, 75.0, 105.0, 50.0, 120.0, 75.0, 50.0, 80.0, 50.0, 50.0, 75.0, 75.0, 50.0, 25.0, 30.0, 75.0, 75.0, 135.0, 70.0, 50.0, 75.0, 50.0, 75.0, 50.0, 75.0, 105.0, 75.0, 50.0, 30.0, 50.0, 75.0, 120.0, 5.0, 180.0, 50.0, 75.0, 105.0, 110.0, 50.0, 50.0, 120.0, 105.0, 50.0, 30.0, 50.0], "episode_types": ["t", "t", "t", "t", "t", "t", "t", "t", "t", "t", "t", "t", "t", "t", "t", "t", "t", "t", "t", "t", "t", "t", "t", "t", "t", "t", "t", "t", "t", "t", "t", "t", "t", "t", "t", "t", "t", "t", "t", "t", "t", "t", "t", "t", "t", "t", "t", "t", "t", "t", "t"]}