{"initial_reset_timestamp": 1619975063.2146885, "timestamps": [1619975064.1147, 1619975065.1985664, 1619975065.8604898, 1619975066.4869874, 1619975066.7956052, 1619975067.8045738, 1619975068.5838869, 1619975069.2402055, 1619975069.8496225, 1619975070.5673618, 1619975070.9460878, 1619975071.4523866, 1619975072.7535317, 1619975073.120968, 1619975073.7304304, 1619975074.724088, 1619975075.0972888, 1619975075.76337, 1619975076.100805, 1619975076.8723044, 1619975077.4364572, 1619975078.060877, 1619975079.0221367, 1619975079.7264926, 1619975080.3435142, 1619975080.7704458, 1619975081.771384, 1619975082.3486195, 1619975082.965617, 1619975083.5859435, 1619975084.245055, 1619975084.895288, 1619975085.8325884, 1619975086.490808, 1619975087.1376863, 1619975087.6109173, 1619975088.2155402, 1619975088.5611541, 1619975089.1762755, 1619975090.0328515, 1619975091.0053022, 1619975091.4624848, 1619975092.3394482, 1619975092.68522, 1619975093.6613889, 1619975094.151273, 1619975094.764032, 1619975095.5189817, 1619975097.105215, 1619975097.753165], "episode_lengths": [491, 636, 508, 498, 241, 813, 628, 524, 284, 560, 301, 404, 1083, 295, 489, 809, 299, 536, 268, 620, 447, 499, 786, 571, 496, 339, 817, 265, 476, 495, 529, 522, 757, 533, 520, 376, 481, 276, 495, 694, 790, 364, 714, 273, 791, 390, 492, 609, 1351, 521], "episode_rewards": [135.0, 140.0, 215.0, 185.0, 50.0, 530.0, 245.0, 150.0, 50.0, 170.0, 105.0, 105.0, 480.0, 95.0, 130.0, 350.0, 40.0, 155.0, 50.0, 120.0, 115.0, 190.0, 290.0, 275.0, 215.0, 35.0, 280.0, 50.0, 45.0, 170.0, 125.0, 215.0, 495.0, 185.0, 155.0, 140.0, 135.0, 65.0, 160.0, 255.0, 235.0, 110.0, 285.0, 100.0, 270.0, 85.0, 215.0, 180.0, 575.0, 105.0], "episode_types": ["t", "t", "t", "t", "t", "t", "t", "t", "t", "t", "t", "t", "t", "t", "t", "t", "t", "t", "t", "t", "t", "t", "t", "t", "t", "t", "t", "t", "t", "t", "t", "t", "t", "t", "t", "t", "t", "t", "t", "t", "t", "t", "t", "t", "t", "t", "t", "t", "t", "t", "t"]}