{"initial_reset_timestamp": 1619989907.4224455, "timestamps": [1619989909.2574725, 1619989911.5142043, 1619989911.8499608, 1619989912.3796556, 1619989913.309887, 1619989913.893426, 1619989914.5214562, 1619989914.8570592, 1619989916.1499045, 1619989916.7893012, 1619989917.1281269, 1619989917.4333084, 1619989917.9781265, 1619989918.8257577, 1619989919.163195, 1619989919.486123, 1619989920.2423663, 1619989921.4085693, 1619989922.4701738, 1619989923.1567345, 1619989923.5483499, 1619989924.3224053, 1619989924.8393517, 1619989925.4754868, 1619989925.8115551, 1619989926.104925, 1619989926.6842422, 1619989928.2531729, 1619989929.0096846, 1619989929.3672023, 1619989929.7038815, 1619989930.213921, 1619989930.5265224, 1619989930.8602598, 1619989931.1967146, 1619989931.6043556, 1619989931.9066563, 1619989932.5391161, 1619989932.8317122, 1619989933.1379476, 1619989933.7382975, 1619989934.183321, 1619989934.6180923, 1619989935.4007862, 1619989935.922699, 1619989936.2567394, 1619989937.1551847, 1619989937.8027995, 1619989938.2411685, 1619989938.9110954], "episode_lengths": [699, 1098, 265, 465, 822, 504, 557, 291, 291, 531, 291, 264, 480, 748, 291, 278, 660, 1054, 948, 609, 343, 677, 457, 564, 291, 258, 509, 517, 642, 310, 291, 451, 275, 291, 291, 357, 264, 564, 255, 265, 527, 386, 381, 699, 463, 291, 801, 570, 383, 598], "episode_rewards": [400.0, 395.0, 75.0, 160.0, 205.0, 115.0, 105.0, 135.0, 135.0, 150.0, 135.0, 105.0, 205.0, 355.0, 135.0, 75.0, 160.0, 475.0, 310.0, 235.0, 105.0, 145.0, 90.0, 135.0, 135.0, 55.0, 195.0, 195.0, 275.0, 20.0, 135.0, 115.0, 105.0, 135.0, 135.0, 120.0, 105.0, 140.0, 55.0, 75.0, 160.0, 145.0, 110.0, 225.0, 120.0, 135.0, 365.0, 265.0, 105.0, 335.0], "episode_types": ["t", "t", "t", "t", "t", "t", "t", "t", "t", "t", "t", "t", "t", "t", "t", "t", "t", "t", "t", "t", "t", "t", "t", "t", "t", "t", "t", "t", "t", "t", "t", "t", "t", "t", "t", "t", "t", "t", "t", "t", "t", "t", "t", "t", "t", "t", "t", "t", "t", "t", "t"]}