{"initial_reset_timestamp": 1619987188.4020293, "timestamps": [1619987191.213688, 1619987194.4594343, 1619987196.120571, 1619987197.9385328, 1619987200.771293, 1619987202.0209563, 1619987202.9883926, 1619987203.9960816, 1619987206.6023884, 1619987207.913278, 1619987209.7167168, 1619987210.7542045, 1619987212.5245945, 1619987214.1272814, 1619987215.2243369, 1619987216.7046444, 1619987218.4832623, 1619987222.4391778, 1619987223.5249503, 1619987226.2980442, 1619987229.4431045, 1619987230.961931, 1619987232.4309456, 1619987234.3188565, 1619987236.0206363, 1619987237.2186158, 1619987238.6811652, 1619987241.2462742, 1619987242.7027886, 1619987244.382882, 1619987245.8502383, 1619987246.7380922, 1619987249.3174484, 1619987250.2078512, 1619987251.1987035, 1619987252.336054, 1619987253.5216944, 1619987254.430026, 1619987255.421301, 1619987256.9039724, 1619987258.6789484, 1619987260.128121, 1619987261.1840546, 1619987262.6709578, 1619987263.8771663, 1619987265.3186843, 1619987268.7822201, 1619987269.9289987, 1619987271.2911441, 1619987272.8540375], "episode_lengths": [906, 1175, 1026, 1152, 1758, 781, 590, 612, 756, 815, 1153, 641, 1132, 982, 661, 921, 1123, 2453, 651, 1719, 1958, 948, 905, 1178, 1051, 724, 913, 724, 888, 1051, 915, 537, 1589, 537, 601, 692, 721, 548, 597, 924, 1126, 894, 640, 913, 735, 896, 2187, 698, 859, 979], "episode_rewards": [605.0, 600.0, 540.0, 665.0, 845.0, 440.0, 390.0, 360.0, 530.0, 600.0, 600.0, 315.0, 630.0, 515.0, 335.0, 455.0, 580.0, 1530.0, 515.0, 1085.0, 920.0, 460.0, 430.0, 810.0, 555.0, 490.0, 525.0, 550.0, 445.0, 800.0, 610.0, 315.0, 1065.0, 315.0, 300.0, 660.0, 565.0, 335.0, 340.0, 485.0, 600.0, 630.0, 560.0, 485.0, 480.0, 480.0, 1230.0, 400.0, 545.0, 490.0], "episode_types": ["t", "t", "t", "t", "t", "t", "t", "t", "t", "t", "t", "t", "t", "t", "t", "t", "t", "t", "t", "t", "t", "t", "t", "t", "t", "t", "t", "t", "t", "t", "t", "t", "t", "t", "t", "t", "t", "t", "t", "t", "t", "t", "t", "t", "t", "t", "t", "t", "t", "t", "t"]}