{"initial_reset_timestamp": 1619977483.9846692, "timestamps": [1619977485.334323, 1619977486.952026, 1619977487.5831385, 1619977488.401812, 1619977489.0059106, 1619977489.868229, 1619977490.3090115, 1619977491.4919868, 1619977492.6989884, 1619977493.182008, 1619977493.6242974, 1619977494.285888, 1619977494.771141, 1619977495.7322576, 1619977496.184722, 1619977496.6242464, 1619977497.4647086, 1619977498.170204, 1619977498.612173, 1619977499.6116486, 1619977500.2149575, 1619977500.6909935, 1619977501.2933812, 1619977501.7338789, 1619977502.587735, 1619977503.2790253, 1619977504.090867, 1619977505.6684768, 1619977506.3088965, 1619977507.194916, 1619977508.0420594, 1619977508.504447, 1619977509.543458, 1619977510.2816887, 1619977510.8519814, 1619977511.4600587, 1619977511.9003031, 1619977512.520684, 1619977513.0913007, 1619977513.9188898, 1619977514.3891716, 1619977514.9520655, 1619977515.9060626, 1619977516.4922433, 1619977517.1165454, 1619977517.5535226, 1619977518.2444441, 1619977519.086, 1619977519.5456052, 1619977520.6412444], "episode_lengths": [466, 685, 499, 678, 501, 715, 365, 998, 365, 382, 367, 550, 401, 806, 375, 365, 700, 595, 367, 842, 498, 401, 507, 371, 713, 579, 686, 659, 509, 728, 703, 381, 863, 611, 467, 510, 364, 519, 476, 689, 392, 469, 799, 491, 522, 364, 580, 705, 382, 925], "episode_rewards": [75.0, 390.0, 85.0, 380.0, 90.0, 200.0, 30.0, 200.0, 15.0, 15.0, 5.0, 85.0, 105.0, 210.0, 15.0, 5.0, 155.0, 110.0, 5.0, 155.0, 125.0, 75.0, 65.0, 55.0, 160.0, 140.0, 165.0, 125.0, 85.0, 145.0, 140.0, 75.0, 170.0, 95.0, 110.0, 70.0, 45.0, 80.0, 50.0, 140.0, 35.0, 110.0, 190.0, 75.0, 85.0, 15.0, 55.0, 85.0, 50.0, 465.0], "episode_types": ["t", "t", "t", "t", "t", "t", "t", "t", "t", "t", "t", "t", "t", "t", "t", "t", "t", "t", "t", "t", "t", "t", "t", "t", "t", "t", "t", "t", "t", "t", "t", "t", "t", "t", "t", "t", "t", "t", "t", "t", "t", "t", "t", "t", "t", "t", "t", "t", "t", "t", "t"]}