{"initial_reset_timestamp": 1619989965.3280926, "timestamps": [1619989967.6245577, 1619989969.892366, 1619989971.0708246, 1619989972.2649448, 1619989973.5182428, 1619989974.9831653, 1619989977.2628324, 1619989978.8332317, 1619989981.2533045, 1619989982.6726635, 1619989983.7331214, 1619989985.0581355, 1619989986.2075543, 1619989987.532459, 1619989988.9365556, 1619989990.1461432, 1619989991.2932792, 1619989992.7233546, 1619989994.0453248, 1619989996.8949459, 1619989998.4128315, 1619989999.7632327, 1619990000.7195206, 1619990001.9263031, 1619990004.6509373, 1619990006.281249, 1619990007.1820164, 1619990009.907327, 1619990011.1180708, 1619990012.5853894, 1619990014.1032832, 1619990016.0076962, 1619990017.4114566, 1619990018.6156197, 1619990019.7909894, 1619990021.3348734, 1619990022.2332199, 1619990023.587573, 1619990024.773188, 1619990026.0581837, 1619990027.2645397, 1619990028.6203458, 1619990030.0983193, 1619990030.9873242, 1619990031.8943517, 1619990033.1177487, 1619990034.4881372, 1619990035.756572, 1619990037.091086, 1619990038.5266566], "episode_lengths": [606, 580, 770, 791, 843, 990, 1517, 1066, 686, 941, 702, 885, 770, 886, 949, 806, 762, 960, 886, 1914, 1020, 897, 622, 806, 1824, 1096, 585, 907, 790, 983, 1023, 1258, 939, 803, 782, 1039, 585, 905, 788, 860, 799, 914, 993, 580, 590, 814, 917, 835, 899, 957], "episode_rewards": [330.0, 410.0, 465.0, 540.0, 570.0, 975.0, 1015.0, 600.0, 670.0, 600.0, 550.0, 605.0, 495.0, 745.0, 600.0, 445.0, 655.0, 555.0, 575.0, 1370.0, 605.0, 580.0, 350.0, 470.0, 1265.0, 525.0, 465.0, 580.0, 540.0, 770.0, 600.0, 970.0, 570.0, 515.0, 540.0, 800.0, 410.0, 525.0, 605.0, 715.0, 455.0, 570.0, 1005.0, 470.0, 475.0, 470.0, 690.0, 615.0, 600.0, 805.0], "episode_types": ["t", "t", "t", "t", "t", "t", "t", "t", "t", "t", "t", "t", "t", "t", "t", "t", "t", "t", "t", "t", "t", "t", "t", "t", "t", "t", "t", "t", "t", "t", "t", "t", "t", "t", "t", "t", "t", "t", "t", "t", "t", "t", "t", "t", "t", "t", "t", "t", "t", "t", "t"]}