{"initial_reset_timestamp": 1620021866.865932, "timestamps": [1620021868.3291428, 1620021870.1721938, 1620021870.9612849, 1620021871.295539, 1620021872.0177903, 1620021872.4573753, 1620021873.0508504, 1620021873.3952553, 1620021874.7024524, 1620021875.5490494, 1620021876.107272, 1620021876.903199, 1620021877.330642, 1620021878.1756752, 1620021878.9038672, 1620021879.4551477, 1620021880.4840744, 1620021880.925465, 1620021881.2400515, 1620021881.825925, 1620021882.2668056, 1620021883.049516, 1620021884.1143217, 1620021885.070988, 1620021885.7295105, 1620021886.1693358, 1620021886.9773815, 1620021888.3169599, 1620021888.640443, 1620021889.0684037, 1620021889.6271048, 1620021890.5698528, 1620021891.2485979, 1620021892.066539, 1620021892.5081935, 1620021893.3626719, 1620021893.8965542, 1620021894.3668535, 1620021894.6822984, 1620021895.112042, 1620021895.6600978, 1620021896.58742, 1620021897.1927857, 1620021897.5277982, 1620021898.3368537, 1620021899.0734472, 1620021899.5079362, 1620021899.843152, 1620021900.158686, 1620021900.5419328], "episode_lengths": [378, 695, 671, 285, 621, 377, 510, 294, 268, 712, 478, 687, 366, 732, 629, 475, 899, 380, 269, 506, 379, 680, 934, 842, 572, 379, 704, 292, 259, 366, 480, 821, 586, 708, 379, 743, 459, 404, 269, 370, 474, 810, 522, 286, 702, 608, 372, 286, 268, 291], "episode_rewards": [15.0, 150.0, 145.0, 35.0, 50.0, 15.0, 75.0, 60.0, 15.0, 105.0, 55.0, 65.0, 40.0, 15.0, 60.0, 95.0, 170.0, 30.0, 50.0, 70.0, 125.0, 330.0, 380.0, 150.0, 90.0, 40.0, 90.0, 40.0, 5.0, 30.0, 20.0, 150.0, 230.0, 110.0, 65.0, 80.0, 20.0, 50.0, 30.0, 65.0, 40.0, 180.0, 60.0, 35.0, 80.0, 50.0, 30.0, 35.0, 20.0, 55.0], "episode_types": ["t", "t", "t", "t", "t", "t", "t", "t", "t", "t", "t", "t", "t", "t", "t", "t", "t", "t", "t", "t", "t", "t", "t", "t", "t", "t", "t", "t", "t", "t", "t", "t", "t", "t", "t", "t", "t", "t", "t", "t", "t", "t", "t", "t", "t", "t", "t", "t", "t", "t", "t"]}