{"initial_reset_timestamp": 1619969186.2055879, "timestamps": [1619969188.1507828, 1619969190.5081077, 1619969191.4152553, 1619969192.100022, 1619969193.1668992, 1619969193.7663188, 1619969194.9017208, 1619969195.8128386, 1619969197.999548, 1619969198.9414594, 1619969200.2074769, 1619969200.675766, 1619969201.5896993, 1619969202.9691496, 1619969203.5972686, 1619969204.7375858, 1619969205.3593643, 1619969205.946774, 1619969206.9234378, 1619969207.6832895, 1619969208.7444856, 1619969209.757308, 1619969210.5046794, 1619969211.148495, 1619969211.7411199, 1619969212.518927, 1619969213.1254735, 1619969215.2052145, 1619969216.0179086, 1619969217.062398, 1619969217.9620245, 1619969218.578137, 1619969219.6518424, 1619969220.5055947, 1619969221.1007388, 1619969222.0094473, 1619969222.6609933, 1619969223.2347374, 1619969223.8201993, 1619969224.6628559, 1619969225.549324, 1619969226.527609, 1619969227.141219, 1619969228.1598494, 1619969228.7867875, 1619969229.472259, 1619969230.4172828, 1619969231.5707169, 1619969232.1595197, 1619969233.4605534], "episode_lengths": [726, 1041, 682, 510, 831, 486, 920, 714, 856, 715, 956, 372, 730, 1096, 508, 942, 509, 479, 804, 622, 871, 842, 617, 527, 485, 639, 495, 732, 629, 854, 732, 499, 892, 685, 470, 721, 487, 460, 466, 649, 724, 804, 498, 830, 508, 566, 781, 933, 474, 1063], "episode_rewards": [375.0, 230.0, 230.0, 135.0, 190.0, 190.0, 395.0, 165.0, 205.0, 145.0, 390.0, 110.0, 145.0, 265.0, 130.0, 430.0, 165.0, 175.0, 170.0, 215.0, 370.0, 225.0, 240.0, 175.0, 130.0, 125.0, 175.0, 165.0, 120.0, 255.0, 385.0, 135.0, 365.0, 205.0, 150.0, 150.0, 220.0, 140.0, 120.0, 260.0, 145.0, 180.0, 150.0, 200.0, 145.0, 240.0, 270.0, 390.0, 155.0, 505.0], "episode_types": ["t", "t", "t", "t", "t", "t", "t", "t", "t", "t", "t", "t", "t", "t", "t", "t", "t", "t", "t", "t", "t", "t", "t", "t", "t", "t", "t", "t", "t", "t", "t", "t", "t", "t", "t", "t", "t", "t", "t", "t", "t", "t", "t", "t", "t", "t", "t", "t", "t", "t", "t"]}