{"initial_reset_timestamp": 1619969334.3368626, "timestamps": [1619969335.2488945, 1619969336.9890714, 1619969338.2921631, 1619969339.0407853, 1619969339.91867, 1619969340.5753264, 1619969341.3516953, 1619969341.9220016, 1619969342.5343184, 1619969343.2624207, 1619969343.9162273, 1619969345.0298393, 1619969346.0773115, 1619969346.808229, 1619969347.441547, 1619969348.0436113, 1619969348.7258716, 1619969349.1587458, 1619969349.492584, 1619969350.5175617, 1619969351.3108132, 1619969351.7459, 1619969352.3907936, 1619969353.0295737, 1619969353.7054641, 1619969354.8500023, 1619969355.4987686, 1619969356.3759723, 1619969357.028266, 1619969357.6606781, 1619969358.1213381, 1619969358.458665, 1619969359.2040455, 1619969359.8561637, 1619969360.8109772, 1619969361.4415479, 1619969362.3549032, 1619969363.1298203, 1619969364.4665365, 1619969365.1199486, 1619969366.30234, 1619969366.953467, 1619969367.5212133, 1619969368.503013, 1619969368.8188834, 1619969369.488512, 1619969369.8804293, 1619969370.498685, 1619969371.5027666, 1619969372.4731517], "episode_lengths": [533, 1153, 1069, 601, 669, 518, 605, 420, 273, 520, 500, 922, 880, 591, 510, 488, 552, 352, 267, 802, 633, 285, 504, 514, 537, 926, 520, 507, 519, 509, 369, 267, 600, 525, 795, 509, 721, 625, 1069, 511, 947, 516, 436, 789, 245, 529, 301, 488, 806, 782], "episode_rewards": [185.0, 325.0, 285.0, 260.0, 210.0, 110.0, 285.0, 160.0, 80.0, 170.0, 210.0, 315.0, 320.0, 405.0, 160.0, 185.0, 215.0, 140.0, 50.0, 310.0, 155.0, 65.0, 210.0, 210.0, 225.0, 240.0, 215.0, 110.0, 160.0, 215.0, 180.0, 50.0, 160.0, 210.0, 370.0, 180.0, 230.0, 340.0, 460.0, 160.0, 235.0, 185.0, 50.0, 420.0, 45.0, 110.0, 50.0, 185.0, 310.0, 265.0], "episode_types": ["t", "t", "t", "t", "t", "t", "t", "t", "t", "t", "t", "t", "t", "t", "t", "t", "t", "t", "t", "t", "t", "t", "t", "t", "t", "t", "t", "t", "t", "t", "t", "t", "t", "t", "t", "t", "t", "t", "t", "t", "t", "t", "t", "t", "t", "t", "t", "t", "t", "t", "t"]}