{"initial_reset_timestamp": 1619975224.3342626, "timestamps": [1619975225.2275486, 1619975226.4554489, 1619975227.13979, 1619975227.6291113, 1619975228.6748888, 1619975229.3079796, 1619975230.3061132, 1619975230.6386366, 1619975232.1498873, 1619975233.2008867, 1619975233.5376933, 1619975234.0816693, 1619975234.6702428, 1619975235.563532, 1619975236.6425924, 1619975237.5701625, 1619975238.268982, 1619975238.9091759, 1619975239.6361766, 1619975240.436367, 1619975241.0449753, 1619975241.3922148, 1619975242.3624556, 1619975243.510029, 1619975244.2303874, 1619975244.6774035, 1619975245.6862125, 1619975247.2760031, 1619975247.9896781, 1619975248.5874953, 1619975249.1682115, 1619975250.150246, 1619975250.7686906, 1619975251.6644044, 1619975252.3826873, 1619975253.3974981, 1619975254.715082, 1619975255.551267, 1619975256.4020147, 1619975256.7384217, 1619975257.377968, 1619975257.9745903, 1619975258.775581, 1619975260.0450816, 1619975261.1700404, 1619975262.2317183, 1619975262.7442214, 1619975263.7367797, 1619975264.4896865, 1619975265.1140141], "episode_lengths": [510, 751, 525, 387, 846, 500, 807, 260, 988, 825, 265, 430, 470, 723, 873, 743, 555, 510, 580, 645, 486, 275, 791, 932, 583, 355, 814, 1056, 551, 478, 466, 799, 493, 731, 576, 815, 1072, 671, 682, 268, 513, 473, 650, 1037, 928, 859, 410, 809, 609, 503], "episode_rewards": [180.0, 260.0, 115.0, 60.0, 290.0, 125.0, 390.0, 70.0, 230.0, 245.0, 50.0, 50.0, 145.0, 300.0, 200.0, 290.0, 180.0, 125.0, 255.0, 285.0, 185.0, 120.0, 350.0, 390.0, 440.0, 155.0, 260.0, 405.0, 120.0, 235.0, 125.0, 350.0, 215.0, 290.0, 265.0, 295.0, 540.0, 215.0, 385.0, 50.0, 180.0, 170.0, 275.0, 575.0, 385.0, 235.0, 125.0, 520.0, 155.0, 245.0], "episode_types": ["t", "t", "t", "t", "t", "t", "t", "t", "t", "t", "t", "t", "t", "t", "t", "t", "t", "t", "t", "t", "t", "t", "t", "t", "t", "t", "t", "t", "t", "t", "t", "t", "t", "t", "t", "t", "t", "t", "t", "t", "t", "t", "t", "t", "t", "t", "t", "t", "t", "t", "t"]}