{"initial_reset_timestamp": 1619969492.0800056, "timestamps": [1619969494.5276062, 1619969496.9215214, 1619969498.2131357, 1619969499.1295462, 1619969500.5262742, 1619969501.4242282, 1619969502.3638759, 1619969503.9630778, 1619969506.2004187, 1619969507.0917428, 1619969508.0367372, 1619969508.8528996, 1619969510.1412094, 1619969511.2586532, 1619969512.292297, 1619969513.2876956, 1619969514.0225406, 1619969515.1463296, 1619969516.2759576, 1619969517.6243181, 1619969518.4456224, 1619969519.7185986, 1619969520.7084386, 1619969521.9129963, 1619969522.6506097, 1619969523.5921385, 1619969524.8090112, 1619969527.205222, 1619969528.1491396, 1619969529.2595508, 1619969530.694885, 1619969531.8341455, 1619969532.7089925, 1619969533.7039604, 1619969534.3199315, 1619969535.373034, 1619969536.486055, 1619969538.216805, 1619969539.2382612, 1619969540.0263407, 1619969540.829021, 1619969541.8721046, 1619969543.304383, 1619969544.0639508, 1619969544.7169142, 1619969545.6090336, 1619969546.8034246, 1619969548.9055269, 1619969550.2392523, 1619969551.5468931], "episode_lengths": [992, 846, 1032, 742, 1138, 711, 731, 1227, 826, 689, 706, 594, 952, 901, 830, 778, 588, 926, 933, 1115, 667, 1029, 695, 922, 578, 727, 953, 938, 715, 852, 1143, 925, 709, 813, 502, 830, 877, 1389, 783, 608, 618, 809, 1121, 585, 529, 719, 981, 1813, 1070, 1009], "episode_rewards": [435.0, 475.0, 390.0, 190.0, 220.0, 180.0, 190.0, 310.0, 260.0, 145.0, 285.0, 105.0, 445.0, 350.0, 175.0, 225.0, 180.0, 225.0, 180.0, 390.0, 200.0, 260.0, 130.0, 530.0, 100.0, 220.0, 295.0, 145.0, 225.0, 425.0, 335.0, 120.0, 205.0, 245.0, 75.0, 225.0, 325.0, 455.0, 245.0, 85.0, 320.0, 250.0, 550.0, 150.0, 75.0, 510.0, 250.0, 925.0, 255.0, 370.0], "episode_types": ["t", "t", "t", "t", "t", "t", "t", "t", "t", "t", "t", "t", "t", "t", "t", "t", "t", "t", "t", "t", "t", "t", "t", "t", "t", "t", "t", "t", "t", "t", "t", "t", "t", "t", "t", "t", "t", "t", "t", "t", "t", "t", "t", "t", "t", "t", "t", "t", "t", "t", "t"]}