{"initial_reset_timestamp": 1619974226.7467208, "timestamps": [1619974228.6339016, 1619974230.7082956, 1619974232.2007403, 1619974232.81097, 1619974233.5619037, 1619974234.329639, 1619974235.111759, 1619974235.888309, 1619974237.9608657, 1619974238.7585466, 1619974239.3627648, 1619974240.1351447, 1619974240.9482653, 1619974241.783238, 1619974242.5452518, 1619974243.3700864, 1619974244.0907733, 1619974244.7218792, 1619974245.547168, 1619974246.3697624, 1619974247.1767025, 1619974247.9558218, 1619974248.5647945, 1619974249.3600514, 1619974250.1733499, 1619974250.9847424, 1619974251.8208573, 1619974253.8751557, 1619974254.6545982, 1619974255.2658606, 1619974255.8620389, 1619974256.4611678, 1619974257.6454506, 1619974258.3594613, 1619974259.3082902, 1619974259.9135394, 1619974260.69596, 1619974261.6982455, 1619974262.419263, 1619974263.3468406, 1619974263.948136, 1619974264.5504076, 1619974264.9263704, 1619974265.5084429, 1619974265.8844626, 1619974266.610751, 1619974266.9955273, 1619974267.786557, 1619974268.3835561, 1619974269.0811703], "episode_lengths": [482, 606, 1161, 480, 587, 603, 608, 612, 616, 599, 470, 604, 634, 656, 600, 643, 568, 488, 643, 642, 636, 610, 475, 627, 643, 637, 659, 626, 608, 490, 478, 481, 960, 577, 769, 489, 627, 817, 586, 750, 484, 482, 305, 464, 300, 588, 307, 644, 481, 561], "episode_rewards": [105.0, 155.0, 240.0, 105.0, 155.0, 175.0, 155.0, 210.0, 210.0, 390.0, 105.0, 155.0, 380.0, 210.0, 170.0, 205.0, 120.0, 105.0, 210.0, 180.0, 210.0, 125.0, 105.0, 150.0, 210.0, 185.0, 180.0, 185.0, 170.0, 105.0, 105.0, 105.0, 460.0, 135.0, 210.0, 105.0, 175.0, 180.0, 310.0, 210.0, 105.0, 105.0, 75.0, 105.0, 75.0, 155.0, 75.0, 210.0, 105.0, 120.0], "episode_types": ["t", "t", "t", "t", "t", "t", "t", "t", "t", "t", "t", "t", "t", "t", "t", "t", "t", "t", "t", "t", "t", "t", "t", "t", "t", "t", "t", "t", "t", "t", "t", "t", "t", "t", "t", "t", "t", "t", "t", "t", "t", "t", "t", "t", "t", "t", "t", "t", "t", "t", "t"]}