{"initial_reset_timestamp": 1619967251.0751965, "timestamps": [1619967252.0684943, 1619967253.6496546, 1619967254.7631567, 1619967255.503579, 1619967256.2286494, 1619967257.069302, 1619967257.8836212, 1619967258.967321, 1619967260.1241667, 1619967260.915077, 1619967261.9013999, 1619967262.690944, 1619967263.5359251, 1619967264.2932599, 1619967265.194374, 1619967266.321701, 1619967267.03635, 1619967267.8112159, 1619967268.547083, 1619967269.406067, 1619967270.189877, 1619967270.9634736, 1619967272.0226738, 1619967272.7648358, 1619967273.5408463, 1619967274.2397816, 1619967275.0091832, 1619967275.9645157, 1619967276.7493045, 1619967277.644884, 1619967278.3491514, 1619967279.0786242, 1619967279.8520525, 1619967280.6049325, 1619967281.38426, 1619967282.1213021, 1619967282.8054442, 1619967283.550158, 1619967284.4644058, 1619967285.316032, 1619967286.0578887, 1619967286.795534, 1619967287.5136607, 1619967288.2530208, 1619967288.9986517, 1619967289.7393064, 1619967290.458415, 1619967291.2105258, 1619967292.025804, 1619967292.7623806], "episode_lengths": [441, 739, 686, 475, 475, 519, 500, 673, 603, 503, 596, 486, 513, 506, 598, 696, 450, 516, 482, 482, 503, 510, 685, 494, 499, 468, 516, 471, 513, 600, 469, 484, 508, 503, 506, 484, 455, 483, 603, 489, 455, 483, 475, 481, 485, 487, 475, 491, 536, 485], "episode_rewards": [5.0, 105.0, 15.0, 15.0, 5.0, 30.0, 5.0, 75.0, 20.0, 75.0, 55.0, 15.0, 105.0, 50.0, 215.0, 55.0, 15.0, 30.0, 0.0, 30.0, 35.0, 75.0, 50.0, 15.0, 15.0, 5.0, 50.0, 50.0, 50.0, 0.0, 35.0, 30.0, 30.0, 30.0, 30.0, 5.0, 5.0, 5.0, 5.0, 5.0, 30.0, 15.0, 5.0, 15.0, 35.0, 5.0, 50.0, 5.0, 75.0, 5.0], "episode_types": ["t", "t", "t", "t", "t", "t", "t", "t", "t", "t", "t", "t", "t", "t", "t", "t", "t", "t", "t", "t", "t", "t", "t", "t", "t", "t", "t", "t", "t", "t", "t", "t", "t", "t", "t", "t", "t", "t", "t", "t", "t", "t", "t", "t", "t", "t", "t", "t", "t", "t", "t"]}