{"initial_reset_timestamp": 1620019689.4064848, "timestamps": [1620019690.353986, 1620019691.7273674, 1620019692.7328355, 1620019693.4183855, 1620019694.1033947, 1620019694.8529515, 1620019695.573761, 1620019696.545391, 1620019697.671222, 1620019698.4329128, 1620019699.325388, 1620019700.0625246, 1620019700.7998426, 1620019701.5253673, 1620019702.3823037, 1620019703.445654, 1620019704.1118054, 1620019704.8573804, 1620019705.5556362, 1620019706.2585182, 1620019706.9854734, 1620019707.726983, 1620019708.7220464, 1620019709.4512274, 1620019710.1632068, 1620019710.8337474, 1620019711.573785, 1620019712.5043159, 1620019713.2791748, 1620019714.1424372, 1620019714.8248065, 1620019715.5266793, 1620019716.2715983, 1620019717.0442474, 1620019717.804214, 1620019718.5486448, 1620019719.2401857, 1620019719.967885, 1620019720.8725123, 1620019721.6197495, 1620019722.3145633, 1620019723.0506675, 1620019723.7744498, 1620019724.5232308, 1620019725.306404, 1620019726.0869727, 1620019726.819499, 1620019727.5671852, 1620019728.3773236, 1620019729.1117468], "episode_lengths": [441, 739, 686, 475, 475, 519, 500, 673, 603, 503, 596, 486, 513, 506, 598, 696, 450, 516, 482, 482, 503, 510, 685, 494, 499, 468, 516, 471, 513, 600, 469, 484, 508, 503, 506, 484, 455, 483, 603, 489, 455, 483, 475, 481, 485, 487, 475, 491, 536, 485], "episode_rewards": [5.0, 105.0, 15.0, 15.0, 5.0, 30.0, 5.0, 75.0, 20.0, 75.0, 55.0, 15.0, 105.0, 50.0, 215.0, 55.0, 15.0, 30.0, 0.0, 30.0, 35.0, 75.0, 50.0, 15.0, 15.0, 5.0, 50.0, 50.0, 50.0, 0.0, 35.0, 30.0, 30.0, 30.0, 30.0, 5.0, 5.0, 5.0, 5.0, 5.0, 30.0, 15.0, 5.0, 15.0, 35.0, 5.0, 50.0, 5.0, 75.0, 5.0], "episode_types": ["t", "t", "t", "t", "t", "t", "t", "t", "t", "t", "t", "t", "t", "t", "t", "t", "t", "t", "t", "t", "t", "t", "t", "t", "t", "t", "t", "t", "t", "t", "t", "t", "t", "t", "t", "t", "t", "t", "t", "t", "t", "t", "t", "t", "t", "t", "t", "t", "t", "t", "t"]}