{"initial_reset_timestamp": 1619988121.431649, "timestamps": [1619988125.1619225, 1619988127.724435, 1619988128.6515937, 1619988130.3342357, 1619988131.5522354, 1619988132.8482459, 1619988134.1334147, 1619988135.4801614, 1619988139.212223, 1619988141.149, 1619988142.627179, 1619988143.9663365, 1619988145.284305, 1619988146.6276944, 1619988147.8615925, 1619988151.5218093, 1619988152.7112658, 1619988154.0002909, 1619988155.2923098, 1619988156.5312366, 1619988157.8877726, 1619988159.3981633, 1619988160.9539196, 1619988162.0473814, 1619988163.4271004, 1619988165.1403975, 1619988166.8382182, 1619988169.697202, 1619988172.082168, 1619988173.3359537, 1619988176.3038123, 1619988177.9538493, 1619988179.2251549, 1619988182.331945, 1619988183.3224473, 1619988184.5541668, 1619988185.9816368, 1619988187.4650607, 1619988188.9849858, 1619988190.311153, 1619988191.2333038, 1619988193.7477055, 1619988195.0572228, 1619988196.3745441, 1619988198.0778658, 1619988200.968696, 1619988202.3921356, 1619988203.7263694, 1619988206.1788588, 1619988209.256632], "episode_lengths": [1473, 750, 558, 1050, 762, 806, 802, 841, 1422, 1217, 916, 844, 818, 842, 758, 2310, 739, 798, 799, 780, 849, 947, 964, 683, 852, 1070, 1062, 905, 1456, 782, 1854, 1023, 787, 1960, 601, 761, 894, 925, 954, 838, 558, 1567, 819, 816, 1061, 1782, 886, 831, 1522, 1921], "episode_rewards": [870.0, 500.0, 315.0, 600.0, 495.0, 515.0, 545.0, 515.0, 1135.0, 800.0, 775.0, 600.0, 660.0, 520.0, 695.0, 1570.0, 745.0, 515.0, 480.0, 515.0, 495.0, 570.0, 580.0, 745.0, 545.0, 525.0, 545.0, 555.0, 895.0, 465.0, 1145.0, 510.0, 515.0, 1130.0, 310.0, 545.0, 535.0, 570.0, 770.0, 575.0, 480.0, 910.0, 605.0, 745.0, 520.0, 1165.0, 525.0, 525.0, 950.0, 935.0], "episode_types": ["t", "t", "t", "t", "t", "t", "t", "t", "t", "t", "t", "t", "t", "t", "t", "t", "t", "t", "t", "t", "t", "t", "t", "t", "t", "t", "t", "t", "t", "t", "t", "t", "t", "t", "t", "t", "t", "t", "t", "t", "t", "t", "t", "t", "t", "t", "t", "t", "t", "t", "t"]}