{"initial_reset_timestamp": 1619988392.7829368, "timestamps": [1619988394.6004999, 1619988396.412467, 1619988397.2352276, 1619988398.0181756, 1619988398.7850182, 1619988399.5854976, 1619988400.3954551, 1619988401.2506936, 1619988403.042359, 1619988404.0026178, 1619988404.785047, 1619988405.5342174, 1619988406.323773, 1619988407.141204, 1619988407.9447203, 1619988409.268853, 1619988410.1840804, 1619988410.987509, 1619988411.7586722, 1619988412.5447505, 1619988413.5533605, 1619988414.5489428, 1619988415.3388615, 1619988416.1174185, 1619988417.0347786, 1619988417.8254185, 1619988418.822357, 1619988420.6139777, 1619988421.423742, 1619988422.2905774, 1619988423.3118913, 1619988424.50922, 1619988425.2880557, 1619988426.330566, 1619988427.0636134, 1619988427.84537, 1619988428.6428764, 1619988429.433449, 1619988430.8492684, 1619988431.7563624, 1619988432.627294, 1619988433.4902859, 1619988434.2795157, 1619988435.061603, 1619988435.8540704, 1619988436.8684428, 1619988437.6669168, 1619988438.584659, 1619988439.4343872, 1619988441.0954363], "episode_lengths": [642, 642, 639, 632, 625, 642, 645, 693, 633, 746, 637, 608, 635, 666, 642, 1086, 749, 648, 631, 637, 814, 823, 641, 633, 752, 642, 814, 634, 642, 706, 831, 989, 631, 840, 599, 640, 643, 647, 1174, 736, 714, 695, 642, 633, 637, 817, 645, 751, 697, 1404], "episode_rewards": [210.0, 210.0, 210.0, 210.0, 210.0, 210.0, 180.0, 225.0, 210.0, 260.0, 210.0, 215.0, 210.0, 210.0, 210.0, 320.0, 240.0, 210.0, 180.0, 210.0, 210.0, 260.0, 210.0, 240.0, 280.0, 210.0, 305.0, 210.0, 180.0, 440.0, 245.0, 670.0, 180.0, 315.0, 155.0, 210.0, 380.0, 430.0, 780.0, 260.0, 210.0, 210.0, 210.0, 180.0, 210.0, 415.0, 180.0, 270.0, 210.0, 430.0], "episode_types": ["t", "t", "t", "t", "t", "t", "t", "t", "t", "t", "t", "t", "t", "t", "t", "t", "t", "t", "t", "t", "t", "t", "t", "t", "t", "t", "t", "t", "t", "t", "t", "t", "t", "t", "t", "t", "t", "t", "t", "t", "t", "t", "t", "t", "t", "t", "t", "t", "t", "t", "t"]}