{"initial_reset_timestamp": 1619999241.1384335, "timestamps": [1619999243.5835426, 1619999246.0914373, 1619999247.164881, 1619999249.1058877, 1619999251.3703792, 1619999252.5674357, 1619999254.5620408, 1619999256.9572792, 1619999260.4539585, 1619999261.4733338, 1619999262.6706202, 1619999264.6806204, 1619999265.8852913, 1619999267.0884552, 1619999268.1066291, 1619999269.8360686, 1619999270.8912442, 1619999272.8839176, 1619999275.1152792, 1619999276.3840904, 1619999277.5498052, 1619999278.5499656, 1619999279.7800105, 1619999282.1298616, 1619999283.4135258, 1619999284.1656396, 1619999285.523915, 1619999287.7601018, 1619999288.6062548, 1619999289.843306, 1619999291.056036, 1619999292.3571656, 1619999293.4084027, 1619999294.4433832, 1619999295.6827745, 1619999296.8305905, 1619999298.0837324, 1619999299.009834, 1619999301.243711, 1619999302.3606098, 1619999303.4452002, 1619999304.5502114, 1619999305.7374196, 1619999306.723472, 1619999308.44523, 1619999310.643151, 1619999311.6100776, 1619999312.3786902, 1619999313.5104146, 1619999315.8108363], "episode_lengths": [781, 819, 739, 1360, 1616, 850, 1421, 1704, 1503, 697, 849, 1429, 850, 856, 715, 1210, 749, 1403, 1582, 905, 829, 705, 881, 1681, 913, 516, 972, 646, 562, 879, 859, 924, 738, 720, 887, 806, 902, 646, 1586, 790, 761, 789, 844, 686, 1210, 1567, 683, 526, 803, 1633], "episode_rewards": [600.0, 800.0, 800.0, 1120.0, 1630.0, 600.0, 1205.0, 1295.0, 1235.0, 800.0, 600.0, 1175.0, 800.0, 600.0, 545.0, 905.0, 600.0, 1085.0, 1065.0, 600.0, 800.0, 545.0, 570.0, 1375.0, 545.0, 435.0, 600.0, 550.0, 620.0, 600.0, 575.0, 605.0, 570.0, 580.0, 600.0, 975.0, 600.0, 745.0, 1205.0, 575.0, 745.0, 600.0, 600.0, 510.0, 1020.0, 1375.0, 540.0, 500.0, 800.0, 1175.0], "episode_types": ["t", "t", "t", "t", "t", "t", "t", "t", "t", "t", "t", "t", "t", "t", "t", "t", "t", "t", "t", "t", "t", "t", "t", "t", "t", "t", "t", "t", "t", "t", "t", "t", "t", "t", "t", "t", "t", "t", "t", "t", "t", "t", "t", "t", "t", "t", "t", "t", "t", "t", "t"]}