{"initial_reset_timestamp": 1619979474.5771437, "timestamps": [1619979476.866318, 1619979478.763962, 1619979479.4578297, 1619979480.6479793, 1619979481.1974971, 1619979482.0700588, 1619979482.731352, 1619979483.3865342, 1619979485.2922137, 1619979485.9438157, 1619979486.9504447, 1619979487.417001, 1619979488.083409, 1619979488.6166918, 1619979489.3320973, 1619979489.9615319, 1619979491.2990065, 1619979491.9813027, 1619979492.344219, 1619979492.9712427, 1619979493.6194007, 1619979494.2844443, 1619979495.5139184, 1619979496.1265237, 1619979496.9132335, 1619979497.7755651, 1619979498.3481853, 1619979500.6722753, 1619979501.1741598, 1619979501.8229406, 1619979502.469093, 1619979503.0374744, 1619979503.6833556, 1619979504.6176133, 1619979505.1377735, 1619979506.1362176, 1619979506.9114528, 1619979507.7112312, 1619979508.3628743, 1619979509.555329, 1619979510.4440515, 1619979511.3460162, 1619979512.5199609, 1619979512.9087486, 1619979513.6676488, 1619979514.3381455, 1619979515.1644132, 1619979516.1548178, 1619979517.1354399, 1619979518.1547065], "episode_lengths": [742, 475, 524, 950, 433, 692, 520, 517, 489, 493, 793, 365, 531, 419, 568, 498, 1102, 541, 289, 498, 519, 527, 993, 487, 624, 685, 452, 804, 375, 513, 510, 448, 509, 747, 413, 798, 614, 638, 518, 966, 707, 722, 943, 308, 601, 530, 659, 797, 799, 813], "episode_rewards": [415.0, 40.0, 155.0, 270.0, 105.0, 135.0, 120.0, 90.0, 125.0, 110.0, 305.0, 30.0, 170.0, 35.0, 170.0, 115.0, 605.0, 110.0, 60.0, 80.0, 125.0, 80.0, 250.0, 75.0, 200.0, 130.0, 105.0, 155.0, 55.0, 65.0, 125.0, 105.0, 90.0, 150.0, 75.0, 180.0, 140.0, 140.0, 115.0, 255.0, 350.0, 225.0, 200.0, 50.0, 150.0, 90.0, 215.0, 320.0, 325.0, 170.0], "episode_types": ["t", "t", "t", "t", "t", "t", "t", "t", "t", "t", "t", "t", "t", "t", "t", "t", "t", "t", "t", "t", "t", "t", "t", "t", "t", "t", "t", "t", "t", "t", "t", "t", "t", "t", "t", "t", "t", "t", "t", "t", "t", "t", "t", "t", "t", "t", "t", "t", "t", "t", "t"]}