{"initial_reset_timestamp": 1619968667.060354, "timestamps": [1619968668.1369698, 1619968669.9269383, 1619968670.968885, 1619968671.9554877, 1619968672.9948943, 1619968673.8180904, 1619968674.5065558, 1619968675.6673121, 1619968677.2166574, 1619968678.0839589, 1619968678.801139, 1619968679.6917567, 1619968680.0671513, 1619968680.6519938, 1619968681.5024245, 1619968682.0900967, 1619968683.0289838, 1619968683.919525, 1619968684.3024838, 1619968685.0264952, 1619968685.992541, 1619968686.7707026, 1619968687.6479309, 1619968688.3480315, 1619968689.0573955, 1619968689.7495298, 1619968690.4350216, 1619968691.349698, 1619968692.4692376, 1619968693.2390208, 1619968693.8829172, 1619968694.7170885, 1619968695.533224, 1619968696.6585767, 1619968697.5126336, 1619968698.404151, 1619968699.224659, 1619968699.8991294, 1619968700.9700215, 1619968701.909037, 1619968703.0873928, 1619968704.0775204, 1619968705.0744557, 1619968705.7197368, 1619968706.3262749, 1619968707.1056194, 1619968707.7562244, 1619968708.38983, 1619968708.7358909, 1619968709.5713751], "episode_lengths": [606, 1139, 790, 794, 848, 669, 499, 902, 981, 690, 570, 695, 281, 410, 672, 467, 768, 731, 268, 504, 692, 582, 652, 529, 525, 505, 481, 493, 900, 623, 517, 665, 600, 815, 601, 637, 595, 521, 877, 770, 957, 806, 798, 516, 477, 613, 515, 498, 268, 661], "episode_rewards": [225.0, 285.0, 285.0, 290.0, 210.0, 245.0, 160.0, 290.0, 445.0, 315.0, 205.0, 200.0, 105.0, 110.0, 105.0, 155.0, 335.0, 290.0, 50.0, 185.0, 185.0, 270.0, 230.0, 160.0, 285.0, 300.0, 130.0, 180.0, 545.0, 255.0, 190.0, 260.0, 285.0, 285.0, 130.0, 435.0, 135.0, 215.0, 330.0, 365.0, 405.0, 320.0, 320.0, 185.0, 225.0, 165.0, 210.0, 185.0, 50.0, 245.0], "episode_types": ["t", "t", "t", "t", "t", "t", "t", "t", "t", "t", "t", "t", "t", "t", "t", "t", "t", "t", "t", "t", "t", "t", "t", "t", "t", "t", "t", "t", "t", "t", "t", "t", "t", "t", "t", "t", "t", "t", "t", "t", "t", "t", "t", "t", "t", "t", "t", "t", "t", "t", "t"]}