{"initial_reset_timestamp": 1620020595.0401883, "timestamps": [1620020596.402076, 1620020597.9008453, 1620020599.283849, 1620020600.2261083, 1620020601.0952275, 1620020602.0806684, 1620020603.0248723, 1620020604.0784535, 1620020605.5716317, 1620020607.2513835, 1620020608.0950954, 1620020609.661758, 1620020610.394327, 1620020611.9642916, 1620020612.8372877, 1620020614.4746726, 1620020615.4342303, 1620020616.2700374, 1620020617.1519904, 1620020619.2753663, 1620020620.3500109, 1620020621.4709086, 1620020623.1183662, 1620020624.2772007, 1620020625.4421008, 1620020626.2807975, 1620020627.1099467, 1620020628.767995, 1620020629.8993976, 1620020631.4550354, 1620020632.5879796, 1620020633.5074942, 1620020635.180714, 1620020636.3426843, 1620020637.2144141, 1620020637.9700844, 1620020639.5900583, 1620020640.7286606, 1620020641.5937874, 1620020642.4730463, 1620020643.8217926, 1620020644.7491539, 1620020645.9108286, 1620020646.88077, 1620020647.7481277, 1620020648.6030266, 1620020649.527424, 1620020650.407428, 1620020651.5444407, 1620020652.8214688], "episode_lengths": [453, 513, 737, 509, 471, 533, 510, 570, 527, 903, 454, 847, 394, 851, 471, 899, 523, 454, 477, 1149, 579, 602, 898, 627, 630, 454, 447, 604, 602, 845, 617, 501, 917, 632, 475, 410, 885, 617, 469, 474, 737, 502, 632, 527, 472, 463, 502, 476, 618, 695], "episode_rewards": [80.0, 115.0, 120.0, 115.0, 110.0, 135.0, 110.0, 110.0, 115.0, 205.0, 80.0, 155.0, 80.0, 185.0, 120.0, 135.0, 150.0, 80.0, 110.0, 200.0, 115.0, 85.0, 160.0, 95.0, 130.0, 80.0, 110.0, 125.0, 150.0, 130.0, 155.0, 115.0, 165.0, 140.0, 110.0, 110.0, 130.0, 125.0, 110.0, 110.0, 465.0, 65.0, 185.0, 120.0, 110.0, 110.0, 55.0, 110.0, 325.0, 170.0], "episode_types": ["t", "t", "t", "t", "t", "t", "t", "t", "t", "t", "t", "t", "t", "t", "t", "t", "t", "t", "t", "t", "t", "t", "t", "t", "t", "t", "t", "t", "t", "t", "t", "t", "t", "t", "t", "t", "t", "t", "t", "t", "t", "t", "t", "t", "t", "t", "t", "t", "t", "t", "t"]}