{"initial_reset_timestamp": 1619986833.239565, "timestamps": [1619986835.047138, 1619986837.0776453, 1619986838.4568474, 1619986839.7627015, 1619986840.7291327, 1619986842.0784807, 1619986843.9175038, 1619986844.6894805, 1619986846.72618, 1619986848.5961058, 1619986849.4099286, 1619986850.215228, 1619986851.5642707, 1619986852.377437, 1619986853.4476428, 1619986854.2981927, 1619986855.6516285, 1619986856.1592486, 1619986856.9550338, 1619986858.2744765, 1619986859.0491645, 1619986859.8264534, 1619986861.1834548, 1619986862.5143964, 1619986863.8037267, 1619986865.069309, 1619986865.6153336, 1619986868.646055, 1619986869.941207, 1619986871.4365382, 1619986872.1964326, 1619986873.4809635, 1619986874.9725049, 1619986875.7186534, 1619986877.3212187, 1619986878.159873, 1619986878.7650325, 1619986880.0560935, 1619986880.8497152, 1619986882.3509748, 1619986883.649583, 1619986884.9561517, 1619986886.2753246, 1619986887.0544178, 1619986887.9342098, 1619986889.2582493, 1619986890.5578284, 1619986891.8141744, 1619986892.5579925, 1619986893.0609164], "episode_lengths": [363, 491, 832, 805, 598, 836, 1161, 477, 494, 1147, 499, 495, 832, 503, 661, 523, 836, 310, 491, 815, 479, 479, 858, 840, 818, 799, 342, 809, 799, 963, 482, 822, 957, 475, 1034, 539, 384, 820, 506, 958, 829, 838, 841, 497, 559, 842, 834, 805, 473, 315], "episode_rewards": [60.0, 180.0, 230.0, 160.0, 250.0, 215.0, 345.0, 145.0, 150.0, 265.0, 165.0, 110.0, 160.0, 135.0, 255.0, 135.0, 210.0, 55.0, 140.0, 370.0, 125.0, 170.0, 215.0, 620.0, 180.0, 335.0, 75.0, 165.0, 110.0, 245.0, 105.0, 180.0, 260.0, 110.0, 280.0, 345.0, 105.0, 210.0, 160.0, 265.0, 215.0, 225.0, 410.0, 160.0, 130.0, 215.0, 180.0, 155.0, 90.0, 30.0], "episode_types": ["t", "t", "t", "t", "t", "t", "t", "t", "t", "t", "t", "t", "t", "t", "t", "t", "t", "t", "t", "t", "t", "t", "t", "t", "t", "t", "t", "t", "t", "t", "t", "t", "t", "t", "t", "t", "t", "t", "t", "t", "t", "t", "t", "t", "t", "t", "t", "t", "t", "t", "t"]}