{"initial_reset_timestamp": 1619987287.6902525, "timestamps": [1619987289.7115824, 1619987292.1830409, 1619987293.225475, 1619987294.3099914, 1619987294.8961153, 1619987295.5840209, 1619987296.4035313, 1619987297.5836246, 1619987299.381577, 1619987300.2307572, 1619987301.4726968, 1619987302.6085167, 1619987303.4898088, 1619987304.4926577, 1619987305.9151275, 1619987306.6591718, 1619987307.7273662, 1619987308.7421355, 1619987309.5409544, 1619987310.4986818, 1619987311.362121, 1619987312.069175, 1619987313.2230542, 1619987313.8259604, 1619987314.6636178, 1619987315.9722624, 1619987317.082037, 1619987318.8919296, 1619987320.3843358, 1619987321.4088438, 1619987322.3436203, 1619987323.4792614, 1619987324.6628222, 1619987325.9534094, 1619987326.6583884, 1619987327.867858, 1619987328.7870178, 1619987329.9900324, 1619987331.1801841, 1619987331.9935172, 1619987333.070774, 1619987334.1988752, 1619987335.639084, 1619987336.5494027, 1619987337.757441, 1619987338.5939405, 1619987339.7937953, 1619987340.8240998, 1619987341.4507744, 1619987342.503946], "episode_lengths": [468, 713, 632, 669, 358, 422, 503, 733, 317, 490, 746, 685, 526, 600, 859, 441, 645, 610, 476, 571, 517, 421, 697, 359, 502, 787, 666, 343, 884, 606, 557, 683, 711, 770, 419, 737, 550, 719, 716, 483, 645, 672, 875, 541, 721, 496, 717, 617, 368, 630], "episode_rewards": [150.0, 185.0, 240.0, 180.0, 180.0, 105.0, 245.0, 335.0, 80.0, 65.0, 345.0, 535.0, 235.0, 275.0, 485.0, 120.0, 260.0, 305.0, 180.0, 235.0, 180.0, 110.0, 305.0, 70.0, 180.0, 305.0, 275.0, 40.0, 385.0, 180.0, 320.0, 355.0, 415.0, 280.0, 210.0, 410.0, 260.0, 325.0, 535.0, 185.0, 270.0, 520.0, 425.0, 255.0, 365.0, 175.0, 455.0, 340.0, 60.0, 280.0], "episode_types": ["t", "t", "t", "t", "t", "t", "t", "t", "t", "t", "t", "t", "t", "t", "t", "t", "t", "t", "t", "t", "t", "t", "t", "t", "t", "t", "t", "t", "t", "t", "t", "t", "t", "t", "t", "t", "t", "t", "t", "t", "t", "t", "t", "t", "t", "t", "t", "t", "t", "t", "t"]}