{"initial_reset_timestamp": 1619998424.8446164, "timestamps": [1619998428.5571222, 1619998432.2048936, 1619998433.291517, 1619998434.3351116, 1619998436.8650234, 1619998438.9966533, 1619998440.3094604, 1619998441.5315943, 1619998444.1884289, 1619998446.353577, 1619998447.3250406, 1619998449.902374, 1619998450.9594948, 1619998452.288276, 1619998453.5914261, 1619998454.7345295, 1619998456.1584666, 1619998458.2519708, 1619998460.3626451, 1619998461.679698, 1619998462.8048573, 1619998465.0865917, 1619998467.41863, 1619998468.5981216, 1619998470.7248862, 1619998471.799832, 1619998473.702911, 1619998476.1766915, 1619998478.4203942, 1619998479.4371922, 1619998481.9025114, 1619998484.1295495, 1619998485.2943165, 1619998486.5249271, 1619998487.6524916, 1619998489.8814075, 1619998491.1394384, 1619998492.0896797, 1619998493.224033, 1619998495.3518486, 1619998496.4590242, 1619998497.6600413, 1619998499.8970008, 1619998501.0650053, 1619998502.236301, 1619998503.3764765, 1619998505.7660117, 1619998507.8949196, 1619998509.0950458, 1619998511.3829842], "episode_lengths": [1662, 1585, 740, 731, 1783, 1507, 922, 868, 930, 1509, 674, 1828, 739, 941, 932, 811, 1011, 1478, 1489, 936, 795, 1623, 1658, 836, 1501, 759, 1331, 796, 1557, 710, 1764, 1581, 825, 871, 791, 1580, 890, 667, 801, 1509, 782, 850, 1577, 823, 823, 804, 1696, 1505, 843, 1612], "episode_rewards": [1400.0, 1235.0, 805.0, 545.0, 1175.0, 1175.0, 600.0, 600.0, 575.0, 1200.0, 750.0, 1375.0, 545.0, 600.0, 600.0, 540.0, 800.0, 1125.0, 1205.0, 600.0, 800.0, 1575.0, 1405.0, 600.0, 1205.0, 600.0, 1070.0, 540.0, 1120.0, 575.0, 1175.0, 1155.0, 600.0, 605.0, 545.0, 1085.0, 600.0, 570.0, 600.0, 1175.0, 540.0, 600.0, 1500.0, 800.0, 575.0, 605.0, 1200.0, 1205.0, 575.0, 1410.0], "episode_types": ["t", "t", "t", "t", "t", "t", "t", "t", "t", "t", "t", "t", "t", "t", "t", "t", "t", "t", "t", "t", "t", "t", "t", "t", "t", "t", "t", "t", "t", "t", "t", "t", "t", "t", "t", "t", "t", "t", "t", "t", "t", "t", "t", "t", "t", "t", "t", "t", "t", "t", "t"]}