{"initial_reset_timestamp": 1619970009.0283868, "timestamps": [1619970009.8996222, 1619970010.908259, 1619970011.5698206, 1619970011.8759623, 1619970012.5082588, 1619970013.1099575, 1619970014.2271597, 1619970014.8857698, 1619970015.661989, 1619970016.3323822, 1619970016.9870872, 1619970018.2919295, 1619970018.960409, 1619970020.2515385, 1619970020.9932342, 1619970021.7444904, 1619970022.3406723, 1619970023.21946, 1619970023.9757767, 1619970024.7303464, 1619970025.0814922, 1619970025.430563, 1619970025.7800267, 1619970026.1477885, 1619970026.784588, 1619970027.1218872, 1619970027.7326043, 1619970028.8077767, 1619970029.8208566, 1619970030.4539926, 1619970031.3415456, 1619970032.017423, 1619970032.378722, 1619970032.8136005, 1619970033.8789382, 1619970034.3125768, 1619970035.1275725, 1619970036.244804, 1619970036.5880241, 1619970037.4438686, 1619970038.5971255, 1619970039.035607, 1619970039.724774, 1619970040.3371887, 1619970040.8143702, 1619970041.3911417, 1619970042.1677215, 1619970042.7614057, 1619970043.4163537, 1619970044.1700437], "episode_lengths": [485, 583, 505, 241, 508, 480, 916, 519, 411, 509, 520, 1063, 539, 1055, 590, 606, 463, 700, 610, 601, 272, 274, 273, 292, 505, 268, 483, 629, 794, 494, 701, 535, 278, 336, 849, 338, 654, 885, 264, 688, 940, 343, 547, 489, 378, 453, 623, 468, 521, 593], "episode_rewards": [205.0, 160.0, 180.0, 65.0, 210.0, 110.0, 365.0, 180.0, 90.0, 215.0, 245.0, 435.0, 255.0, 320.0, 210.0, 230.0, 90.0, 200.0, 310.0, 215.0, 95.0, 70.0, 100.0, 110.0, 125.0, 50.0, 185.0, 400.0, 290.0, 170.0, 190.0, 130.0, 80.0, 95.0, 325.0, 60.0, 270.0, 210.0, 50.0, 385.0, 315.0, 40.0, 215.0, 225.0, 155.0, 125.0, 260.0, 150.0, 195.0, 210.0], "episode_types": ["t", "t", "t", "t", "t", "t", "t", "t", "t", "t", "t", "t", "t", "t", "t", "t", "t", "t", "t", "t", "t", "t", "t", "t", "t", "t", "t", "t", "t", "t", "t", "t", "t", "t", "t", "t", "t", "t", "t", "t", "t", "t", "t", "t", "t", "t", "t", "t", "t", "t", "t"]}