{"initial_reset_timestamp": 1619986274.1712365, "timestamps": [1619986276.4783685, 1619986279.1163888, 1619986280.2424664, 1619986281.3927429, 1619986282.3480191, 1619986283.3953507, 1619986284.6098514, 1619986285.8769922, 1619986288.304707, 1619986289.9518988, 1619986290.9771683, 1619986292.5405037, 1619986293.4127657, 1619986294.6870434, 1619986296.2918708, 1619986297.2692146, 1619986298.3282146, 1619986299.3927658, 1619986300.4677649, 1619986301.8920164, 1619986303.2757807, 1619986304.6035967, 1619986305.7859886, 1619986306.8951888, 1619986307.9996521, 1619986308.995193, 1619986309.8639324, 1619986312.5092654, 1619986313.5430121, 1619986315.1774302, 1619986316.3904073, 1619986317.410421, 1619986318.570036, 1619986319.8027453, 1619986320.9707696, 1619986322.289799, 1619986323.5044603, 1619986325.416849, 1619986326.648192, 1619986328.0121605, 1619986329.4293706, 1619986330.6203353, 1619986332.1906135, 1619986333.974284, 1619986335.0147617, 1619986335.9025905, 1619986336.905525, 1619986338.0265532, 1619986339.595157, 1619986340.74416], "episode_lengths": [614, 825, 689, 721, 582, 644, 755, 786, 707, 1017, 633, 962, 537, 789, 996, 596, 662, 654, 651, 870, 858, 812, 723, 677, 670, 602, 528, 809, 600, 1000, 719, 606, 692, 731, 695, 789, 718, 1186, 748, 847, 887, 733, 975, 1122, 639, 541, 612, 688, 969, 709], "episode_rewards": [210.0, 430.0, 335.0, 315.0, 260.0, 385.0, 470.0, 635.0, 560.0, 530.0, 335.0, 445.0, 200.0, 430.0, 650.0, 240.0, 300.0, 330.0, 335.0, 465.0, 515.0, 590.0, 275.0, 390.0, 370.0, 240.0, 315.0, 380.0, 245.0, 495.0, 285.0, 280.0, 360.0, 360.0, 510.0, 515.0, 260.0, 775.0, 335.0, 575.0, 565.0, 285.0, 655.0, 555.0, 360.0, 230.0, 380.0, 390.0, 485.0, 390.0], "episode_types": ["t", "t", "t", "t", "t", "t", "t", "t", "t", "t", "t", "t", "t", "t", "t", "t", "t", "t", "t", "t", "t", "t", "t", "t", "t", "t", "t", "t", "t", "t", "t", "t", "t", "t", "t", "t", "t", "t", "t", "t", "t", "t", "t", "t", "t", "t", "t", "t", "t", "t", "t"]}