{"initial_reset_timestamp": 1619985633.894076, "timestamps": [1619985635.9410944, 1619985638.147358, 1619985639.2029462, 1619985639.969088, 1619985641.2754192, 1619985642.0724242, 1619985642.9491947, 1619985643.6722872, 1619985645.521163, 1619985646.3395972, 1619985646.9732323, 1619985648.2651427, 1619985649.266949, 1619985650.2899997, 1619985651.1522102, 1619985651.8971798, 1619985652.7672296, 1619985653.5716608, 1619985654.3246646, 1619985655.0939991, 1619985655.910992, 1619985657.2167785, 1619985657.9879024, 1619985658.7723665, 1619985659.5239491, 1619985660.4506946, 1619985661.4675615, 1619985663.2374732, 1619985664.1160345, 1619985665.1702452, 1619985665.9774568, 1619985667.0045621, 1619985667.864906, 1619985669.071705, 1619985669.8531318, 1619985670.7147014, 1619985671.808924, 1619985672.7039628, 1619985673.7592278, 1619985674.642981, 1619985675.6659195, 1619985676.452734, 1619985677.3088453, 1619985678.1904435, 1619985679.017858, 1619985679.753811, 1619985680.5002408, 1619985681.2727258, 1619985682.4320443, 1619985683.6229894], "episode_lengths": [844, 945, 843, 621, 1078, 648, 713, 593, 696, 639, 510, 1052, 809, 833, 699, 603, 706, 652, 606, 626, 659, 1083, 618, 635, 621, 759, 839, 619, 698, 863, 658, 841, 694, 990, 635, 704, 907, 715, 870, 725, 844, 642, 696, 719, 664, 599, 597, 629, 961, 975], "episode_rewards": [320.0, 455.0, 515.0, 195.0, 330.0, 240.0, 260.0, 285.0, 260.0, 155.0, 180.0, 535.0, 320.0, 295.0, 245.0, 230.0, 285.0, 200.0, 160.0, 230.0, 170.0, 360.0, 115.0, 210.0, 215.0, 340.0, 315.0, 195.0, 260.0, 315.0, 190.0, 320.0, 265.0, 535.0, 230.0, 260.0, 350.0, 245.0, 350.0, 315.0, 485.0, 255.0, 285.0, 300.0, 205.0, 230.0, 175.0, 430.0, 435.0, 315.0], "episode_types": ["t", "t", "t", "t", "t", "t", "t", "t", "t", "t", "t", "t", "t", "t", "t", "t", "t", "t", "t", "t", "t", "t", "t", "t", "t", "t", "t", "t", "t", "t", "t", "t", "t", "t", "t", "t", "t", "t", "t", "t", "t", "t", "t", "t", "t", "t", "t", "t", "t", "t", "t"]}