{"initial_reset_timestamp": 1619971959.106864, "timestamps": [1619971959.98634, 1619971960.6023257, 1619971961.2430496, 1619971962.0821016, 1619971962.4149854, 1619971964.3042188, 1619971965.4828188, 1619971966.409295, 1619971967.4265, 1619971968.26498, 1619971968.8939943, 1619971969.7841926, 1619971970.385761, 1619971971.0351558, 1619971972.025915, 1619971973.0217984, 1619971973.9689162, 1619971974.620275, 1619971975.2639577, 1619971975.9366086, 1619971976.7205963, 1619971977.352371, 1619971978.3164294, 1619971979.5391078, 1619971980.309529, 1619971981.0366707, 1619971981.8250532, 1619971982.8757539, 1619971983.67866, 1619971984.007595, 1619971984.8677604, 1619971985.5061078, 1619971986.3252485, 1619971987.3886578, 1619971988.12783, 1619971988.4656162, 1619971988.830452, 1619971989.4455192, 1619971990.3790476, 1619971991.1361778, 1619971991.6298926, 1619971991.9712098, 1619971993.1283858, 1619971993.7287564, 1619971994.8244803, 1619971995.6664174, 1619971996.7018452, 1619971997.906666, 1619971998.7559175, 1619971999.4027], "episode_lengths": [511, 288, 509, 691, 267, 1645, 991, 770, 627, 652, 505, 723, 480, 521, 806, 803, 772, 517, 512, 538, 626, 504, 775, 993, 617, 586, 636, 644, 622, 258, 690, 511, 655, 859, 598, 265, 289, 488, 760, 610, 391, 273, 945, 479, 890, 684, 844, 986, 683, 521], "episode_rewards": [160.0, 105.0, 210.0, 210.0, 50.0, 745.0, 325.0, 215.0, 230.0, 240.0, 215.0, 315.0, 180.0, 215.0, 310.0, 490.0, 285.0, 185.0, 155.0, 185.0, 215.0, 185.0, 245.0, 510.0, 285.0, 320.0, 285.0, 310.0, 160.0, 30.0, 215.0, 200.0, 435.0, 275.0, 190.0, 50.0, 80.0, 205.0, 270.0, 225.0, 215.0, 20.0, 565.0, 160.0, 300.0, 215.0, 445.0, 285.0, 210.0, 215.0], "episode_types": ["t", "t", "t", "t", "t", "t", "t", "t", "t", "t", "t", "t", "t", "t", "t", "t", "t", "t", "t", "t", "t", "t", "t", "t", "t", "t", "t", "t", "t", "t", "t", "t", "t", "t", "t", "t", "t", "t", "t", "t", "t", "t", "t", "t", "t", "t", "t", "t", "t", "t", "t"]}