{"initial_reset_timestamp": 1620020000.8902671, "timestamps": [1620020002.6533628, 1620020004.2133965, 1620020005.0583014, 1620020006.4317586, 1620020007.9324653, 1620020009.0579083, 1620020010.1918416, 1620020011.5009384, 1620020013.3468964, 1620020014.1739426, 1620020015.6169283, 1620020016.5605407, 1620020017.8143742, 1620020019.2447553, 1620020020.9173133, 1620020021.7318077, 1620020023.1922054, 1620020024.6197166, 1620020025.8657713, 1620020026.9438055, 1620020027.7099736, 1620020028.9141066, 1620020029.9949386, 1620020031.289933, 1620020032.7209227, 1620020034.1308112, 1620020035.0821087, 1620020036.789599, 1620020037.916834, 1620020038.739378, 1620020040.0729804, 1620020041.2314527, 1620020043.1070626, 1620020044.2457607, 1620020045.4948962, 1620020046.7909296, 1620020047.3746765, 1620020048.3385649, 1620020049.508343, 1620020050.6124961, 1620020052.0122976, 1620020052.9070065, 1620020053.6654356, 1620020054.4650488, 1620020055.8346593, 1620020056.6373713, 1620020057.9653022, 1620020059.4918048, 1620020060.885781, 1620020061.77342], "episode_lengths": [817, 704, 524, 869, 949, 704, 722, 829, 880, 512, 910, 592, 797, 903, 1062, 507, 921, 909, 788, 677, 484, 762, 687, 821, 899, 889, 596, 802, 706, 514, 834, 733, 1213, 703, 803, 831, 371, 587, 716, 683, 845, 534, 473, 491, 829, 473, 791, 898, 805, 517], "episode_rewards": [265.0, 530.0, 195.0, 55.0, 100.0, 180.0, 445.0, 260.0, 305.0, 170.0, 260.0, 140.0, 240.0, 495.0, 350.0, 100.0, 170.0, 555.0, 180.0, 100.0, 70.0, 390.0, 280.0, 215.0, 325.0, 330.0, 175.0, 340.0, 160.0, 150.0, 410.0, 145.0, 545.0, 120.0, 140.0, 245.0, 45.0, 50.0, 120.0, 285.0, 250.0, 110.0, 130.0, 230.0, 285.0, 20.0, 250.0, 180.0, 360.0, 130.0], "episode_types": ["t", "t", "t", "t", "t", "t", "t", "t", "t", "t", "t", "t", "t", "t", "t", "t", "t", "t", "t", "t", "t", "t", "t", "t", "t", "t", "t", "t", "t", "t", "t", "t", "t", "t", "t", "t", "t", "t", "t", "t", "t", "t", "t", "t", "t", "t", "t", "t", "t", "t", "t"]}