{"initial_reset_timestamp": 1619967567.4695523, "timestamps": [1619967568.964349, 1619967569.9769323, 1619967571.0914314, 1619967571.87437, 1619967572.6030107, 1619967573.3114002, 1619967574.0607977, 1619967575.4429133, 1619967576.5662196, 1619967577.151292, 1619967577.8566852, 1619967578.9219427, 1619967580.0196712, 1619967580.7127385, 1619967581.4059703, 1619967582.1291866, 1619967583.4391296, 1619967583.8909068, 1619967584.5934198, 1619967585.0325875, 1619967585.644652, 1619967586.647708, 1619967587.3590224, 1619967588.144733, 1619967589.2479815, 1619967589.8455744, 1619967590.7745757, 1619967592.66309, 1619967593.622692, 1619967594.6627975, 1619967595.3910031, 1619967596.4711835, 1619967597.0277624, 1619967598.5498977, 1619967599.6130662, 1619967600.0537276, 1619967600.778364, 1619967601.879068, 1619967603.258604, 1619967603.7248142, 1619967604.4337943, 1619967605.835885, 1619967606.8443267, 1619967607.6071107, 1619967608.3048246, 1619967609.2350528, 1619967609.6750968, 1619967610.2428067, 1619967611.3002079, 1619967612.3857646], "episode_lengths": [702, 392, 712, 511, 474, 459, 488, 903, 471, 360, 461, 697, 722, 451, 449, 473, 864, 295, 460, 286, 397, 658, 466, 514, 725, 392, 608, 965, 617, 686, 475, 706, 363, 1001, 699, 286, 464, 723, 909, 303, 464, 919, 660, 499, 455, 611, 286, 371, 686, 711], "episode_rewards": [10.0, 35.0, 20.0, 15.0, 60.0, 95.0, 10.0, 300.0, 70.0, 10.0, 25.0, 20.0, 75.0, 10.0, 5.0, 60.0, 250.0, 5.0, 25.0, 25.0, 45.0, 30.0, 40.0, 30.0, 10.0, 15.0, 55.0, 235.0, 90.0, 110.0, 45.0, 85.0, 5.0, 160.0, 20.0, 20.0, 60.0, 105.0, 100.0, 20.0, 10.0, 135.0, 75.0, 65.0, 5.0, 35.0, 25.0, 15.0, 65.0, 140.0], "episode_types": ["t", "t", "t", "t", "t", "t", "t", "t", "t", "t", "t", "t", "t", "t", "t", "t", "t", "t", "t", "t", "t", "t", "t", "t", "t", "t", "t", "t", "t", "t", "t", "t", "t", "t", "t", "t", "t", "t", "t", "t", "t", "t", "t", "t", "t", "t", "t", "t", "t", "t", "t"]}