{"initial_reset_timestamp": 1619984060.6436331, "timestamps": [1619984062.1023197, 1619984064.0432827, 1619984064.7168617, 1619984065.4761114, 1619984066.5764694, 1619984067.4535055, 1619984068.3341122, 1619984069.2389288, 1619984071.123817, 1619984071.7598727, 1619984072.8839452, 1619984073.8784037, 1619984075.1308343, 1619984075.9692686, 1619984077.0651495, 1619984077.692455, 1619984078.8523135, 1619984079.595874, 1619984080.7417614, 1619984081.6362133, 1619984082.2411532, 1619984083.0519736, 1619984084.187022, 1619984085.090534, 1619984086.8966918, 1619984087.6469028, 1619984088.865519, 1619984090.654782, 1619984091.4483178, 1619984092.4883077, 1619984093.072269, 1619984093.903701, 1619984094.3648095, 1619984095.0161242, 1619984095.5438657, 1619984096.2574027, 1619984097.2338583, 1619984098.0003934, 1619984098.6300154, 1619984099.1913137, 1619984099.8907135, 1619984101.0553799, 1619984101.8080118, 1619984102.453877, 1619984103.5999074, 1619984104.6791165, 1619984105.4767258, 1619984106.93473, 1619984107.971547, 1619984108.6995482], "episode_lengths": [358, 639, 392, 458, 670, 528, 531, 547, 607, 368, 680, 606, 761, 510, 664, 376, 710, 445, 696, 538, 361, 490, 691, 489, 685, 278, 744, 591, 488, 646, 355, 508, 276, 399, 318, 434, 606, 471, 380, 342, 427, 753, 471, 393, 697, 659, 488, 920, 650, 444], "episode_rewards": [185.0, 480.0, 80.0, 200.0, 295.0, 260.0, 210.0, 165.0, 270.0, 115.0, 380.0, 360.0, 355.0, 310.0, 335.0, 110.0, 515.0, 80.0, 190.0, 190.0, 115.0, 220.0, 175.0, 190.0, 370.0, 95.0, 405.0, 270.0, 230.0, 545.0, 120.0, 215.0, 100.0, 170.0, 140.0, 195.0, 230.0, 155.0, 110.0, 90.0, 230.0, 590.0, 200.0, 100.0, 185.0, 350.0, 145.0, 685.0, 390.0, 105.0], "episode_types": ["t", "t", "t", "t", "t", "t", "t", "t", "t", "t", "t", "t", "t", "t", "t", "t", "t", "t", "t", "t", "t", "t", "t", "t", "t", "t", "t", "t", "t", "t", "t", "t", "t", "t", "t", "t", "t", "t", "t", "t", "t", "t", "t", "t", "t", "t", "t", "t", "t", "t", "t"]}