{"initial_reset_timestamp": 1619999637.0474815, "timestamps": [1619999640.7467558, 1619999643.2993205, 1619999645.9705784, 1619999648.2787032, 1619999649.4576871, 1619999651.8796575, 1619999653.0772328, 1619999655.599932, 1619999658.0369132, 1619999660.2231526, 1619999661.4107897, 1619999663.6076145, 1619999664.838556, 1619999665.9221942, 1619999668.2071378, 1619999670.7672088, 1619999671.9311404, 1619999673.6771042, 1619999674.8426752, 1619999676.0263188, 1619999677.1477878, 1619999678.3110821, 1619999680.569421, 1619999682.8465564, 1619999685.136656, 1619999688.3232265, 1619999690.6006942, 1619999693.0041661, 1619999694.1249719, 1619999695.2682128, 1619999696.2860322, 1619999697.5774162, 1619999698.6875257, 1619999701.0989952, 1619999702.3775551, 1619999703.581429, 1619999705.9973776, 1619999708.1813312, 1619999709.2487903, 1619999710.4465897, 1619999711.5810678, 1619999713.044744, 1619999714.1559827, 1619999715.2830408, 1619999718.0474749, 1619999719.1846344, 1619999720.2268713, 1619999722.5981371, 1619999723.7974603, 1619999724.8209975], "episode_lengths": [1642, 850, 1889, 1635, 840, 1711, 847, 1797, 786, 1529, 838, 1558, 866, 762, 1628, 1825, 822, 1229, 827, 841, 798, 820, 1604, 1622, 1642, 2279, 1632, 760, 768, 803, 720, 914, 782, 1721, 908, 850, 1714, 1545, 760, 848, 801, 1050, 792, 800, 1968, 802, 734, 1698, 848, 718], "episode_rewards": [1120.0, 600.0, 1375.0, 1095.0, 570.0, 1325.0, 605.0, 1205.0, 570.0, 1145.0, 600.0, 935.0, 580.0, 570.0, 1235.0, 1175.0, 605.0, 810.0, 600.0, 600.0, 570.0, 575.0, 1230.0, 1345.0, 1200.0, 2060.0, 1345.0, 600.0, 605.0, 575.0, 540.0, 600.0, 540.0, 1405.0, 770.0, 545.0, 1150.0, 1630.0, 600.0, 575.0, 570.0, 775.0, 800.0, 600.0, 1205.0, 570.0, 570.0, 1375.0, 600.0, 545.0], "episode_types": ["t", "t", "t", "t", "t", "t", "t", "t", "t", "t", "t", "t", "t", "t", "t", "t", "t", "t", "t", "t", "t", "t", "t", "t", "t", "t", "t", "t", "t", "t", "t", "t", "t", "t", "t", "t", "t", "t", "t", "t", "t", "t", "t", "t", "t", "t", "t", "t", "t", "t", "t"]}