{"initial_reset_timestamp": 1619975467.098407, "timestamps": [1619975468.1023636, 1619975468.7042418, 1619975469.3987863, 1619975470.0047808, 1619975470.601876, 1619975471.2179847, 1619975471.5399234, 1619975472.0358899, 1619975472.6101334, 1619975473.1610851, 1619975473.7365248, 1619975474.3460498, 1619975475.145518, 1619975475.765715, 1619975476.714532, 1619975477.327566, 1619975478.1423116, 1619975478.9815342, 1619975479.685608, 1619975480.228523, 1619975480.826622, 1619975481.3252196, 1619975482.1446302, 1619975482.7256603, 1619975483.8394182, 1619975484.3577573, 1619975485.0671427, 1619975485.6496956, 1619975486.5151439, 1619975487.0729795, 1619975487.9688869, 1619975488.542327, 1619975489.1223845, 1619975489.8684688, 1619975490.481322, 1619975491.1356752, 1619975492.2713716, 1619975493.252276, 1619975493.9745111, 1619975495.0615287, 1619975495.6689699, 1619975496.0070722, 1619975496.3539565, 1619975496.9775562, 1619975497.9275823, 1619975498.5550153, 1619975499.1277375, 1619975499.7599986, 1619975500.4543896, 1619975501.438887], "episode_lengths": [599, 281, 578, 504, 497, 517, 265, 411, 255, 453, 482, 509, 669, 516, 803, 513, 687, 709, 594, 450, 501, 414, 687, 483, 953, 434, 594, 268, 723, 462, 753, 478, 483, 626, 515, 548, 971, 831, 610, 923, 510, 282, 291, 520, 809, 526, 481, 529, 580, 842], "episode_rewards": [410.0, 105.0, 290.0, 185.0, 150.0, 185.0, 50.0, 65.0, 35.0, 110.0, 60.0, 160.0, 140.0, 125.0, 260.0, 180.0, 255.0, 225.0, 255.0, 115.0, 160.0, 65.0, 240.0, 160.0, 365.0, 225.0, 210.0, 50.0, 200.0, 85.0, 270.0, 185.0, 115.0, 215.0, 210.0, 215.0, 395.0, 550.0, 180.0, 420.0, 140.0, 120.0, 65.0, 210.0, 520.0, 185.0, 185.0, 110.0, 200.0, 390.0], "episode_types": ["t", "t", "t", "t", "t", "t", "t", "t", "t", "t", "t", "t", "t", "t", "t", "t", "t", "t", "t", "t", "t", "t", "t", "t", "t", "t", "t", "t", "t", "t", "t", "t", "t", "t", "t", "t", "t", "t", "t", "t", "t", "t", "t", "t", "t", "t", "t", "t", "t", "t", "t"]}