{"initial_reset_timestamp": 1619995989.148014, "timestamps": [1619995992.9825983, 1619995995.4231555, 1619995996.5345943, 1619995998.645789, 1619996001.165464, 1619996002.2934272, 1619996005.7813375, 1619996006.9808314, 1619996009.5865986, 1619996012.154351, 1619996013.041812, 1619996014.2894032, 1619996015.4859142, 1619996016.5891762, 1619996019.1342382, 1619996020.389635, 1619996021.8161757, 1619996022.9737813, 1619996025.0652657, 1619996026.438065, 1619996027.5683112, 1619996030.2626245, 1619996033.2118547, 1619996035.1133065, 1619996036.099732, 1619996037.219258, 1619996038.1205525, 1619996040.5059123, 1619996041.675432, 1619996044.27672, 1619996047.1297119, 1619996048.422059, 1619996051.1620955, 1619996052.094065, 1619996053.1341472, 1619996054.3597567, 1619996056.8336697, 1619996057.998725, 1619996059.381064, 1619996062.0666926, 1619996065.2437632, 1619996066.4006739, 1619996068.600511, 1619996069.752792, 1619996070.8360136, 1619996072.280628, 1619996073.3594947, 1619996074.6990018, 1619996075.88962, 1619996078.2376432], "episode_lengths": [1726, 752, 751, 1469, 1786, 796, 2473, 851, 895, 1806, 619, 884, 845, 772, 1801, 891, 1019, 811, 1484, 968, 797, 1924, 2099, 1332, 688, 790, 633, 742, 803, 1829, 2013, 917, 1944, 653, 730, 867, 1769, 825, 984, 1900, 2242, 820, 1552, 816, 759, 1028, 763, 956, 836, 1658], "episode_rewards": [1345.0, 545.0, 800.0, 1070.0, 1160.0, 605.0, 2265.0, 800.0, 600.0, 1155.0, 545.0, 600.0, 600.0, 545.0, 1015.0, 600.0, 545.0, 545.0, 1375.0, 640.0, 600.0, 1430.0, 1550.0, 1040.0, 570.0, 600.0, 570.0, 575.0, 600.0, 1300.0, 1270.0, 600.0, 1095.0, 570.0, 605.0, 800.0, 1545.0, 570.0, 600.0, 1330.0, 1770.0, 570.0, 1345.0, 570.0, 600.0, 575.0, 570.0, 600.0, 545.0, 1175.0], "episode_types": ["t", "t", "t", "t", "t", "t", "t", "t", "t", "t", "t", "t", "t", "t", "t", "t", "t", "t", "t", "t", "t", "t", "t", "t", "t", "t", "t", "t", "t", "t", "t", "t", "t", "t", "t", "t", "t", "t", "t", "t", "t", "t", "t", "t", "t", "t", "t", "t", "t", "t", "t"]}