{"initial_reset_timestamp": 1619978611.7002172, "timestamps": [1619978614.0170612, 1619978616.485579, 1619978617.6957355, 1619978618.9212096, 1619978619.977859, 1619978621.1554465, 1619978622.3276565, 1619978623.508352, 1619978625.9671118, 1619978627.2882068, 1619978628.4943762, 1619978629.5316935, 1619978630.700675, 1619978631.9044218, 1619978633.0794003, 1619978634.2517433, 1619978635.395051, 1619978636.567384, 1619978637.558162, 1619978638.7262452, 1619978639.906331, 1619978641.1013877, 1619978642.1372755, 1619978643.298424, 1619978644.4685364, 1619978645.4546494, 1619978646.6197102, 1619978649.0412693, 1619978650.2287066, 1619978651.4471695, 1619978652.6602774, 1619978653.824711, 1619978655.0115578, 1619978656.1785297, 1619978657.177209, 1619978658.3411043, 1619978659.5185716, 1619978660.5528667, 1619978661.7107399, 1619978662.4908216, 1619978663.6961365, 1619978664.8658507, 1619978665.841498, 1619978667.0413315, 1619978668.020887, 1619978669.1886408, 1619978670.364295, 1619978671.4981258, 1619978672.6572816, 1619978673.8194962], "episode_lengths": [638, 733, 733, 759, 653, 733, 731, 734, 733, 806, 755, 647, 733, 755, 734, 738, 717, 733, 616, 733, 742, 746, 653, 733, 733, 617, 733, 733, 733, 759, 760, 733, 746, 733, 627, 733, 740, 650, 729, 486, 760, 740, 614, 755, 616, 733, 742, 717, 733, 733], "episode_rewards": [210.0, 260.0, 260.0, 240.0, 180.0, 260.0, 260.0, 285.0, 260.0, 320.0, 240.0, 210.0, 260.0, 240.0, 260.0, 270.0, 240.0, 260.0, 185.0, 260.0, 260.0, 240.0, 180.0, 260.0, 260.0, 185.0, 260.0, 260.0, 260.0, 240.0, 260.0, 260.0, 240.0, 285.0, 210.0, 260.0, 260.0, 180.0, 260.0, 110.0, 240.0, 260.0, 185.0, 240.0, 185.0, 260.0, 260.0, 240.0, 260.0, 260.0], "episode_types": ["t", "t", "t", "t", "t", "t", "t", "t", "t", "t", "t", "t", "t", "t", "t", "t", "t", "t", "t", "t", "t", "t", "t", "t", "t", "t", "t", "t", "t", "t", "t", "t", "t", "t", "t", "t", "t", "t", "t", "t", "t", "t", "t", "t", "t", "t", "t", "t", "t", "t", "t"]}