{"initial_reset_timestamp": 1619986379.4794538, "timestamps": [1619986381.7572083, 1619986384.0558183, 1619986385.1336956, 1619986386.1350362, 1619986387.169365, 1619986388.2162333, 1619986389.2116017, 1619986390.2278814, 1619986392.4636042, 1619986393.8048263, 1619986394.886901, 1619986395.921481, 1619986396.952216, 1619986397.9944296, 1619986398.9240215, 1619986399.919073, 1619986400.9613364, 1619986402.007777, 1619986403.0541494, 1619986404.113218, 1619986405.1587973, 1619986406.1990454, 1619986407.2322, 1619986408.262184, 1619986409.5077808, 1619986410.5446777, 1619986411.535501, 1619986413.7762322, 1619986414.7743154, 1619986415.8078623, 1619986416.7842398, 1619986417.787969, 1619986418.777402, 1619986419.805246, 1619986420.8661003, 1619986421.835542, 1619986422.8766181, 1619986423.9092994, 1619986424.9491732, 1619986425.8983798, 1619986426.9445593, 1619986427.9362378, 1619986428.9627311, 1619986430.0054066, 1619986431.0225885, 1619986432.015345, 1619986432.9992304, 1619986434.0153108, 1619986435.0563, 1619986436.050551], "episode_lengths": [638, 642, 647, 619, 642, 647, 620, 630, 623, 818, 668, 642, 641, 642, 580, 620, 642, 651, 645, 658, 651, 643, 642, 643, 775, 645, 619, 623, 599, 637, 609, 623, 613, 641, 659, 598, 645, 642, 642, 590, 651, 613, 639, 646, 631, 617, 613, 629, 647, 619], "episode_rewards": [155.0, 155.0, 135.0, 155.0, 155.0, 180.0, 155.0, 185.0, 135.0, 455.0, 155.0, 155.0, 180.0, 155.0, 120.0, 155.0, 180.0, 155.0, 155.0, 155.0, 180.0, 180.0, 155.0, 180.0, 275.0, 180.0, 210.0, 135.0, 135.0, 185.0, 120.0, 155.0, 155.0, 180.0, 155.0, 155.0, 155.0, 155.0, 155.0, 320.0, 180.0, 155.0, 155.0, 180.0, 210.0, 135.0, 135.0, 185.0, 180.0, 135.0], "episode_types": ["t", "t", "t", "t", "t", "t", "t", "t", "t", "t", "t", "t", "t", "t", "t", "t", "t", "t", "t", "t", "t", "t", "t", "t", "t", "t", "t", "t", "t", "t", "t", "t", "t", "t", "t", "t", "t", "t", "t", "t", "t", "t", "t", "t", "t", "t", "t", "t", "t", "t", "t"]}