{"initial_reset_timestamp": 1619979532.3469036, "timestamps": [1619979534.0472493, 1619979536.310831, 1619979536.808518, 1619979537.2889845, 1619979537.7655714, 1619979538.8779514, 1619979539.370546, 1619979539.851107, 1619979542.0418375, 1619979543.2489712, 1619979543.7281392, 1619979544.2099376, 1619979545.3863716, 1619979546.306641, 1619979546.8041143, 1619979547.2877421, 1619979547.7710383, 1619979549.7220848, 1619979550.2175438, 1619979550.701905, 1619979551.181144, 1619979551.6706138, 1619979552.5808184, 1619979553.0648942, 1619979554.2460568, 1619979555.2054417, 1619979555.6884093, 1619979557.8655832, 1619979558.3905005, 1619979558.8740053, 1619979559.4320128, 1619979560.1980362, 1619979561.410119, 1619979562.341264, 1619979563.3040378, 1619979564.215259, 1619979565.1317399, 1619979566.0704799, 1619979566.598627, 1619979567.4303193, 1619979568.38437, 1619979568.865799, 1619979569.3435135, 1619979570.5067384, 1619979570.98629, 1619979571.4648843, 1619979571.9510114, 1619979572.4304, 1619979572.9110088, 1619979573.8834352], "episode_lengths": [292, 613, 293, 297, 293, 692, 305, 297, 593, 730, 292, 292, 725, 566, 303, 292, 293, 1214, 303, 293, 292, 297, 556, 293, 728, 592, 293, 571, 303, 292, 335, 468, 738, 565, 587, 557, 561, 573, 321, 508, 581, 292, 292, 714, 292, 292, 297, 293, 292, 595], "episode_rewards": [50.0, 210.0, 50.0, 75.0, 50.0, 285.0, 105.0, 75.0, 210.0, 245.0, 50.0, 50.0, 480.0, 135.0, 105.0, 50.0, 50.0, 445.0, 105.0, 50.0, 50.0, 75.0, 110.0, 50.0, 230.0, 175.0, 50.0, 120.0, 105.0, 50.0, 50.0, 75.0, 430.0, 120.0, 155.0, 120.0, 140.0, 180.0, 80.0, 125.0, 355.0, 50.0, 75.0, 285.0, 50.0, 50.0, 75.0, 50.0, 50.0, 210.0], "episode_types": ["t", "t", "t", "t", "t", "t", "t", "t", "t", "t", "t", "t", "t", "t", "t", "t", "t", "t", "t", "t", "t", "t", "t", "t", "t", "t", "t", "t", "t", "t", "t", "t", "t", "t", "t", "t", "t", "t", "t", "t", "t", "t", "t", "t", "t", "t", "t", "t", "t", "t", "t"]}