{"initial_reset_timestamp": 1619981095.3604572, "timestamps": [1619981096.6878395, 1619981098.261343, 1619981099.0752692, 1619981099.7352173, 1619981100.3347242, 1619981100.7052608, 1619981101.3449037, 1619981101.9779813, 1619981103.7196894, 1619981104.4936783, 1619981104.8768728, 1619981105.4920697, 1619981106.109233, 1619981106.8476593, 1619981107.4457912, 1619981108.0401645, 1619981108.7948668, 1619981109.552475, 1619981110.303384, 1619981111.1943598, 1619981111.9168794, 1619981112.8013923, 1619981113.4071436, 1619981113.999834, 1619981114.7292705, 1619981115.4588923, 1619981116.2445374, 1619981117.948701, 1619981118.7345004, 1619981119.3962286, 1619981119.7575204, 1619981120.4785802, 1619981121.0984352, 1619981121.7276585, 1619981122.3469195, 1619981123.0778604, 1619981123.984796, 1619981124.3549633, 1619981124.7227926, 1619981125.481863, 1619981126.1004992, 1619981126.8546755, 1619981127.5896616, 1619981128.3047566, 1619981129.0173404, 1619981129.613085, 1619981129.9507477, 1619981130.6632874, 1619981131.2457545, 1619981131.967129], "episode_lengths": [296, 480, 650, 541, 491, 296, 508, 508, 597, 603, 307, 492, 494, 594, 482, 481, 614, 605, 614, 735, 592, 731, 494, 484, 600, 602, 647, 590, 627, 540, 293, 589, 508, 516, 508, 601, 750, 296, 296, 623, 508, 627, 612, 596, 587, 490, 276, 589, 482, 596], "episode_rewards": [80.0, 140.0, 180.0, 130.0, 120.0, 80.0, 130.0, 130.0, 155.0, 210.0, 90.0, 105.0, 125.0, 155.0, 120.0, 120.0, 410.0, 210.0, 210.0, 440.0, 180.0, 460.0, 110.0, 110.0, 240.0, 185.0, 210.0, 385.0, 185.0, 135.0, 95.0, 155.0, 130.0, 135.0, 130.0, 180.0, 260.0, 80.0, 80.0, 210.0, 135.0, 395.0, 180.0, 155.0, 135.0, 125.0, 75.0, 155.0, 120.0, 140.0], "episode_types": ["t", "t", "t", "t", "t", "t", "t", "t", "t", "t", "t", "t", "t", "t", "t", "t", "t", "t", "t", "t", "t", "t", "t", "t", "t", "t", "t", "t", "t", "t", "t", "t", "t", "t", "t", "t", "t", "t", "t", "t", "t", "t", "t", "t", "t", "t", "t", "t", "t", "t", "t"]}