{"initial_reset_timestamp": 1619970982.8829412, "timestamps": [1619970984.9840198, 1619970986.7851512, 1619970987.3908648, 1619970988.1605012, 1619970988.8157868, 1619970989.687982, 1619970990.2120302, 1619970990.8605673, 1619970992.6365461, 1619970993.50112, 1619970994.1203778, 1619970994.80602, 1619970995.8069048, 1619970996.4740577, 1619970996.9885678, 1619970997.6301384, 1619970998.5842645, 1619970999.2806664, 1619970999.9030614, 1619971001.1238596, 1619971001.7539275, 1619971002.6581202, 1619971003.790552, 1619971004.5893824, 1619971005.3226836, 1619971006.2141292, 1619971006.8112884, 1619971008.6544616, 1619971009.4671693, 1619971010.072959, 1619971010.8857462, 1619971011.90501, 1619971012.93197, 1619971013.5244293, 1619971014.3415966, 1619971015.3563826, 1619971016.5518398, 1619971017.0575442, 1619971017.6382287, 1619971018.4331377, 1619971019.0385005, 1619971019.582345, 1619971020.0926557, 1619971021.033913, 1619971022.6493247, 1619971023.3051608, 1619971024.2998562, 1619971025.0346682, 1619971025.9008384, 1619971026.4551747], "episode_lengths": [644, 416, 468, 616, 522, 703, 413, 512, 414, 667, 493, 542, 808, 533, 409, 508, 768, 555, 493, 1007, 510, 759, 938, 658, 602, 726, 483, 436, 640, 485, 665, 830, 862, 477, 663, 828, 996, 409, 473, 648, 490, 434, 415, 781, 1346, 527, 821, 591, 709, 448], "episode_rewards": [380.0, 230.0, 290.0, 320.0, 245.0, 365.0, 215.0, 185.0, 225.0, 240.0, 275.0, 200.0, 395.0, 155.0, 225.0, 155.0, 345.0, 270.0, 210.0, 315.0, 255.0, 550.0, 405.0, 355.0, 230.0, 255.0, 160.0, 230.0, 315.0, 275.0, 335.0, 325.0, 425.0, 270.0, 190.0, 375.0, 545.0, 225.0, 190.0, 270.0, 255.0, 225.0, 230.0, 390.0, 900.0, 245.0, 355.0, 240.0, 330.0, 225.0], "episode_types": ["t", "t", "t", "t", "t", "t", "t", "t", "t", "t", "t", "t", "t", "t", "t", "t", "t", "t", "t", "t", "t", "t", "t", "t", "t", "t", "t", "t", "t", "t", "t", "t", "t", "t", "t", "t", "t", "t", "t", "t", "t", "t", "t", "t", "t", "t", "t", "t", "t", "t", "t"]}