{"initial_reset_timestamp": 1619976650.8495996, "timestamps": [1619976653.142397, 1619976655.6401265, 1619976656.7702284, 1619976657.4090502, 1619976658.4594405, 1619976659.3646183, 1619976660.4019504, 1619976661.210106, 1619976663.2856362, 1619976664.4483106, 1619976665.0441701, 1619976666.3633535, 1619976667.0310328, 1619976667.729648, 1619976668.2674193, 1619976668.7618563, 1619976669.248349, 1619976669.7458894, 1619976670.2860827, 1619976671.0233943, 1619976671.6533153, 1619976672.1389294, 1619976672.7739177, 1619976673.2578487, 1619976674.5877573, 1619976675.6322176, 1619976676.4669545, 1619976678.6011386, 1619976679.0807245, 1619976679.7346926, 1619976680.3374465, 1619976681.2283666, 1619976682.2528243, 1619976683.2704625, 1619976684.3064404, 1619976684.6665113, 1619976685.7025406, 1619976686.323859, 1619976686.8908083, 1619976687.5212946, 1619976688.156046, 1619976688.7289543, 1619976689.7705698, 1619976690.302891, 1619976691.376568, 1619976692.1523643, 1619976692.9568934, 1619976694.1254358, 1619976694.9460342, 1619976695.706236], "episode_lengths": [794, 937, 903, 513, 852, 734, 858, 651, 621, 928, 476, 1077, 536, 563, 432, 395, 390, 399, 437, 595, 507, 390, 514, 389, 1097, 849, 681, 669, 364, 521, 483, 727, 833, 832, 841, 286, 845, 501, 460, 512, 512, 459, 848, 433, 878, 630, 661, 968, 671, 625], "episode_rewards": [165.0, 455.0, 220.0, 140.0, 450.0, 220.0, 395.0, 250.0, 265.0, 270.0, 145.0, 240.0, 130.0, 415.0, 235.0, 170.0, 175.0, 170.0, 210.0, 150.0, 230.0, 200.0, 175.0, 185.0, 350.0, 445.0, 230.0, 260.0, 135.0, 160.0, 215.0, 320.0, 250.0, 195.0, 180.0, 95.0, 210.0, 180.0, 210.0, 175.0, 150.0, 90.0, 420.0, 200.0, 475.0, 240.0, 265.0, 315.0, 300.0, 250.0], "episode_types": ["t", "t", "t", "t", "t", "t", "t", "t", "t", "t", "t", "t", "t", "t", "t", "t", "t", "t", "t", "t", "t", "t", "t", "t", "t", "t", "t", "t", "t", "t", "t", "t", "t", "t", "t", "t", "t", "t", "t", "t", "t", "t", "t", "t", "t", "t", "t", "t", "t", "t", "t"]}