{"initial_reset_timestamp": 1619996398.69337, "timestamps": [1619996402.347627, 1619996406.1374981, 1619996408.8302357, 1619996411.2163622, 1619996412.5225153, 1619996413.667178, 1619996414.6649206, 1619996415.933856, 1619996419.6232762, 1619996420.9718225, 1619996422.7558997, 1619996424.8915844, 1619996425.898244, 1619996427.1640654, 1619996428.5759401, 1619996429.7110205, 1619996431.1019807, 1619996433.4427464, 1619996434.3831747, 1619996435.3181715, 1619996436.2663913, 1619996438.399143, 1619996439.6258407, 1619996441.989944, 1619996443.049437, 1619996444.150907, 1619996446.3934448, 1619996450.2883215, 1619996451.601714, 1619996454.1452546, 1619996456.4005663, 1619996460.015305, 1619996462.3815217, 1619996463.774654, 1619996464.9359941, 1619996465.982297, 1619996467.0285244, 1619996468.2232032, 1619996469.6021, 1619996471.868363, 1619996473.1981814, 1619996475.4139225, 1619996476.496564, 1619996477.6731582, 1619996478.646653, 1619996479.7472005, 1619996482.0091746, 1619996484.3458242, 1619996485.4522026, 1619996487.7917461], "episode_lengths": [1607, 1707, 1896, 1710, 931, 814, 705, 897, 1643, 938, 1256, 1515, 716, 891, 1011, 803, 991, 1667, 662, 658, 664, 1523, 865, 1677, 750, 780, 1593, 1784, 916, 1816, 1615, 2588, 1694, 995, 827, 736, 741, 852, 982, 1609, 951, 1580, 769, 837, 685, 773, 1606, 1651, 777, 1671], "episode_rewards": [1320.0, 1175.0, 1350.0, 1175.0, 600.0, 605.0, 600.0, 545.0, 1600.0, 600.0, 820.0, 1385.0, 600.0, 600.0, 600.0, 600.0, 575.0, 1315.0, 600.0, 545.0, 600.0, 1150.0, 575.0, 1100.0, 570.0, 605.0, 1175.0, 1130.0, 600.0, 1630.0, 1200.0, 1800.0, 1170.0, 600.0, 570.0, 570.0, 800.0, 600.0, 600.0, 1405.0, 770.0, 1550.0, 575.0, 600.0, 550.0, 605.0, 1175.0, 1100.0, 600.0, 1170.0], "episode_types": ["t", "t", "t", "t", "t", "t", "t", "t", "t", "t", "t", "t", "t", "t", "t", "t", "t", "t", "t", "t", "t", "t", "t", "t", "t", "t", "t", "t", "t", "t", "t", "t", "t", "t", "t", "t", "t", "t", "t", "t", "t", "t", "t", "t", "t", "t", "t", "t", "t", "t", "t"]}