{"initial_reset_timestamp": 1619981352.4160528, "timestamps": [1619981354.451258, 1619981356.5609822, 1619981357.4415927, 1619981358.2240856, 1619981359.1468892, 1619981359.8934288, 1619981360.756422, 1619981362.5398948, 1619981364.6063821, 1619981365.5210595, 1619981366.2992542, 1619981367.2165143, 1619981368.4040565, 1619981369.851046, 1619981371.169155, 1619981372.8592303, 1619981373.6596642, 1619981374.4224908, 1619981375.8486123, 1619981376.5458002, 1619981377.781125, 1619981378.525118, 1619981379.627833, 1619981380.6630561, 1619981381.4480534, 1619981382.219546, 1619981382.9680607, 1619981385.3168283, 1619981386.1489608, 1619981387.0497518, 1619981388.4013226, 1619981389.1175973, 1619981389.903343, 1619981391.007082, 1619981392.359703, 1619981393.2881634, 1619981394.056442, 1619981395.319581, 1619981396.0556939, 1619981396.926968, 1619981397.697037, 1619981399.0476153, 1619981399.7866907, 1619981400.5298445, 1619981401.726204, 1619981402.4692423, 1619981403.5601735, 1619981404.8024921, 1619981405.9068635, 1619981406.61856], "episode_lengths": [475, 488, 532, 483, 572, 461, 537, 1119, 519, 552, 482, 503, 477, 583, 515, 646, 487, 490, 924, 446, 801, 479, 715, 669, 505, 497, 482, 713, 512, 576, 873, 458, 502, 708, 868, 593, 499, 833, 476, 575, 512, 894, 484, 487, 796, 491, 725, 822, 731, 471], "episode_rewards": [30.0, 50.0, 50.0, 15.0, 105.0, 15.0, 75.0, 535.0, 75.0, 35.0, 105.0, 105.0, 30.0, 120.0, 75.0, 130.0, 50.0, 260.0, 110.0, 35.0, 345.0, 75.0, 115.0, 125.0, 105.0, 50.0, 50.0, 145.0, 30.0, 105.0, 160.0, 75.0, 30.0, 60.0, 75.0, 120.0, 30.0, 155.0, 75.0, 120.0, 75.0, 185.0, 50.0, 75.0, 140.0, 30.0, 65.0, 160.0, 290.0, 75.0], "episode_types": ["t", "t", "t", "t", "t", "t", "t", "t", "t", "t", "t", "t", "t", "t", "t", "t", "t", "t", "t", "t", "t", "t", "t", "t", "t", "t", "t", "t", "t", "t", "t", "t", "t", "t", "t", "t", "t", "t", "t", "t", "t", "t", "t", "t", "t", "t", "t", "t", "t", "t", "t"]}