{"initial_reset_timestamp": 1619977279.2445645, "timestamps": [1619977281.1850417, 1619977283.0471106, 1619977283.7069242, 1619977284.347082, 1619977284.994245, 1619977285.5873413, 1619977286.5903964, 1619977287.2116442, 1619977289.1205459, 1619977289.7191565, 1619977291.051798, 1619977292.302541, 1619977293.0458903, 1619977293.8303194, 1619977294.440588, 1619977295.690265, 1619977296.8143291, 1619977297.658096, 1619977298.4229863, 1619977299.0567641, 1619977299.8760505, 1619977300.62365, 1619977301.2749033, 1619977302.2643287, 1619977302.9140544, 1619977303.517716, 1619977304.4076033, 1619977306.5542202, 1619977307.198712, 1619977307.9829562, 1619977308.6156957, 1619977309.0190241, 1619977309.6129315, 1619977310.4652345, 1619977311.4121072, 1619977312.4907215, 1619977313.1062617, 1619977313.6614504, 1619977314.8925927, 1619977315.4404442, 1619977316.237204, 1619977317.0647948, 1619977317.721564, 1619977318.4347625, 1619977319.3169808, 1619977320.0671778, 1619977321.087618, 1619977321.963911, 1619977322.5643773, 1619977323.454544], "episode_lengths": [537, 477, 521, 508, 510, 465, 798, 489, 477, 458, 1069, 1006, 586, 620, 483, 1005, 902, 671, 611, 503, 655, 591, 518, 793, 518, 481, 713, 645, 485, 619, 496, 316, 469, 676, 754, 862, 489, 438, 995, 432, 632, 659, 518, 566, 705, 596, 820, 699, 472, 707], "episode_rewards": [90.0, 70.0, 35.0, 20.0, 40.0, 15.0, 125.0, 50.0, 45.0, 10.0, 195.0, 190.0, 15.0, 225.0, 50.0, 180.0, 150.0, 60.0, 140.0, 80.0, 60.0, 40.0, 5.0, 125.0, 20.0, 100.0, 140.0, 70.0, 65.0, 15.0, 15.0, 5.0, 10.0, 95.0, 120.0, 140.0, 25.0, 30.0, 240.0, 5.0, 50.0, 55.0, 65.0, 35.0, 135.0, 20.0, 195.0, 45.0, 65.0, 170.0], "episode_types": ["t", "t", "t", "t", "t", "t", "t", "t", "t", "t", "t", "t", "t", "t", "t", "t", "t", "t", "t", "t", "t", "t", "t", "t", "t", "t", "t", "t", "t", "t", "t", "t", "t", "t", "t", "t", "t", "t", "t", "t", "t", "t", "t", "t", "t", "t", "t", "t", "t", "t", "t"]}