{"initial_reset_timestamp": 1619973597.0322783, "timestamps": [1619973597.9006562, 1619973598.8347337, 1619973599.2118573, 1619973599.8614461, 1619973600.3961105, 1619973600.8819034, 1619973601.475518, 1619973602.5039494, 1619973603.0954635, 1619973603.7878928, 1619973604.506424, 1619973604.854031, 1619973605.5292768, 1619973606.060558, 1619973606.9343328, 1619973607.5607653, 1619973608.2252042, 1619973608.5636048, 1619973609.867522, 1619973611.0039911, 1619973612.0939062, 1619973612.8652017, 1619973613.8022828, 1619973614.4754875, 1619973615.4451833, 1619973615.9939387, 1619973616.981597, 1619973617.8916328, 1619973618.489504, 1619973619.1488156, 1619973619.7809741, 1619973620.4509423, 1619973620.7898183, 1619973621.1289468, 1619973622.084279, 1619973623.078344, 1619973623.7254128, 1619973624.447947, 1619973624.9730656, 1619973625.3006291, 1619973626.1098835, 1619973627.025793, 1619973627.5996947, 1619973628.301745, 1619973629.1886134, 1619973629.7829463, 1619973630.3478785, 1619973631.0252824, 1619973631.7690163, 1619973632.2271802], "episode_lengths": [489, 521, 281, 515, 421, 382, 468, 829, 273, 530, 570, 273, 535, 421, 702, 498, 533, 268, 1055, 916, 883, 617, 755, 534, 789, 433, 801, 508, 457, 524, 501, 532, 267, 267, 766, 811, 514, 585, 428, 267, 675, 774, 476, 582, 746, 490, 463, 557, 609, 376], "episode_rewards": [140.0, 155.0, 105.0, 125.0, 65.0, 185.0, 160.0, 295.0, 100.0, 100.0, 220.0, 100.0, 140.0, 80.0, 275.0, 185.0, 160.0, 50.0, 420.0, 275.0, 270.0, 210.0, 360.0, 160.0, 315.0, 75.0, 275.0, 180.0, 115.0, 215.0, 185.0, 155.0, 50.0, 50.0, 295.0, 310.0, 185.0, 210.0, 75.0, 50.0, 220.0, 340.0, 160.0, 160.0, 285.0, 225.0, 215.0, 210.0, 145.0, 155.0], "episode_types": ["t", "t", "t", "t", "t", "t", "t", "t", "t", "t", "t", "t", "t", "t", "t", "t", "t", "t", "t", "t", "t", "t", "t", "t", "t", "t", "t", "t", "t", "t", "t", "t", "t", "t", "t", "t", "t", "t", "t", "t", "t", "t", "t", "t", "t", "t", "t", "t", "t", "t", "t"]}