{"initial_reset_timestamp": 1619969805.4193592, "timestamps": [1619969807.8762743, 1619969810.6052492, 1619969812.3519435, 1619969813.0477095, 1619969813.7123098, 1619969815.123979, 1619969815.7398229, 1619969816.6370747, 1619969819.301687, 1619969820.3045332, 1619969821.4177995, 1619969822.6017914, 1619969823.6804662, 1619969825.0504081, 1619969825.7080264, 1619969826.4791915, 1619969827.624882, 1619969828.661786, 1619969829.2271316, 1619969830.2746353, 1619969831.2652867, 1619969832.0628653, 1619969833.0761454, 1619969833.7689376, 1619969834.9594114, 1619969835.8629222, 1619969836.4736998, 1619969838.242048, 1619969839.0044615, 1619969839.8768642, 1619969840.4801862, 1619969841.095114, 1619969841.8539648, 1619969842.2622602, 1619969842.7435334, 1619969843.3698423, 1619969843.971722, 1619969845.076415, 1619969845.906622, 1619969847.0437062, 1619969847.8987317, 1619969848.4745271, 1619969849.3051836, 1619969850.1916113, 1619969850.8152926, 1619969851.5818777, 1619969852.795242, 1619969853.7659686, 1619969854.463042, 1619969854.997756], "episode_lengths": [1012, 1161, 1447, 549, 521, 1149, 483, 703, 1139, 779, 886, 948, 858, 1113, 513, 604, 944, 834, 436, 830, 777, 625, 803, 538, 962, 715, 479, 449, 603, 724, 494, 501, 623, 328, 392, 511, 488, 921, 676, 943, 706, 469, 680, 724, 503, 630, 1007, 796, 565, 437], "episode_rewards": [495.0, 345.0, 430.0, 115.0, 95.0, 255.0, 155.0, 50.0, 540.0, 335.0, 235.0, 325.0, 405.0, 305.0, 120.0, 185.0, 450.0, 240.0, 45.0, 210.0, 160.0, 190.0, 155.0, 125.0, 360.0, 205.0, 105.0, 80.0, 180.0, 305.0, 105.0, 75.0, 215.0, 30.0, 95.0, 145.0, 110.0, 145.0, 130.0, 195.0, 180.0, 110.0, 80.0, 120.0, 60.0, 100.0, 275.0, 170.0, 170.0, 65.0], "episode_types": ["t", "t", "t", "t", "t", "t", "t", "t", "t", "t", "t", "t", "t", "t", "t", "t", "t", "t", "t", "t", "t", "t", "t", "t", "t", "t", "t", "t", "t", "t", "t", "t", "t", "t", "t", "t", "t", "t", "t", "t", "t", "t", "t", "t", "t", "t", "t", "t", "t", "t", "t"]}