{"initial_reset_timestamp": 1619967715.9051533, "timestamps": [1619967717.4585552, 1619967718.7815015, 1619967719.4169607, 1619967720.188915, 1619967720.736804, 1619967721.3127992, 1619967722.3914125, 1619967723.2637064, 1619967724.3219085, 1619967725.9207003, 1619967727.0073576, 1619967727.6873446, 1619967728.2584913, 1619967729.0397637, 1619967729.7273858, 1619967730.370412, 1619967731.1032867, 1619967731.7476025, 1619967732.4326303, 1619967733.117759, 1619967734.5419095, 1619967735.4771054, 1619967736.1780686, 1619967737.205284, 1619967737.7655454, 1619967738.4197342, 1619967739.2614634, 1619967740.5039845, 1619967741.293428, 1619967741.9325008, 1619967742.4760184, 1619967743.9591985, 1619967744.7256804, 1619967745.4833143, 1619967746.133168, 1619967746.9235573, 1619967747.6818404, 1619967748.2815082, 1619967748.9537556, 1619967750.3520737, 1619967751.0492685, 1619967752.1895595, 1619967752.7024376, 1619967753.991794, 1619967754.5422957, 1619967755.3074172, 1619967755.9180753, 1619967756.4828398, 1619967757.6477685, 1619967758.8912084], "episode_lengths": [700, 572, 475, 604, 429, 458, 867, 692, 417, 1209, 819, 511, 427, 586, 519, 483, 547, 494, 516, 516, 1079, 693, 523, 784, 429, 496, 627, 486, 603, 503, 430, 1177, 608, 527, 527, 655, 620, 486, 538, 1153, 560, 930, 413, 1059, 436, 607, 460, 429, 837, 1016], "episode_rewards": [220.0, 120.0, 50.0, 125.0, 65.0, 50.0, 240.0, 135.0, 75.0, 205.0, 315.0, 120.0, 90.0, 140.0, 120.0, 55.0, 125.0, 50.0, 125.0, 125.0, 415.0, 230.0, 150.0, 315.0, 65.0, 120.0, 180.0, 125.0, 155.0, 180.0, 65.0, 260.0, 155.0, 55.0, 80.0, 180.0, 225.0, 180.0, 125.0, 425.0, 140.0, 210.0, 50.0, 215.0, 60.0, 425.0, 75.0, 65.0, 260.0, 285.0], "episode_types": ["t", "t", "t", "t", "t", "t", "t", "t", "t", "t", "t", "t", "t", "t", "t", "t", "t", "t", "t", "t", "t", "t", "t", "t", "t", "t", "t", "t", "t", "t", "t", "t", "t", "t", "t", "t", "t", "t", "t", "t", "t", "t", "t", "t", "t", "t", "t", "t", "t", "t", "t"]}