{"initial_reset_timestamp": 1619982296.6157248, "timestamps": [1619982298.1023993, 1619982299.7516885, 1619982300.544073, 1619982301.2380598, 1619982301.9809332, 1619982302.4830108, 1619982303.1230576, 1619982303.6425443, 1619982305.4483395, 1619982306.4603958, 1619982307.207262, 1619982308.2054589, 1619982308.7790196, 1619982309.6708577, 1619982310.488006, 1619982311.475687, 1619982312.2226279, 1619982312.6460893, 1619982313.6729326, 1619982314.1366112, 1619982314.975265, 1619982316.3613465, 1619982317.1830509, 1619982317.643982, 1619982319.0182872, 1619982319.8342476, 1619982320.6096466, 1619982322.406079, 1619982323.5086982, 1619982324.2419329, 1619982325.0046282, 1619982325.6670308, 1619982326.3158848, 1619982327.0117934, 1619982327.7758417, 1619982328.7377067, 1619982329.4009075, 1619982330.5470808, 1619982330.9721844, 1619982331.557074, 1619982332.2313278, 1619982332.6530817, 1619982333.4751859, 1619982334.299477, 1619982334.922774, 1619982335.5000787, 1619982336.0913148, 1619982336.6397882, 1619982337.0596247, 1619982337.620521], "episode_lengths": [420, 563, 661, 589, 633, 423, 536, 438, 697, 858, 639, 850, 486, 766, 704, 850, 637, 358, 886, 392, 721, 1204, 710, 395, 1209, 708, 691, 696, 973, 653, 685, 593, 570, 621, 668, 848, 580, 1021, 366, 512, 589, 363, 727, 722, 541, 503, 512, 479, 364, 489], "episode_rewards": [210.0, 220.0, 270.0, 230.0, 315.0, 155.0, 255.0, 185.0, 230.0, 315.0, 295.0, 490.0, 240.0, 320.0, 300.0, 270.0, 280.0, 80.0, 290.0, 65.0, 245.0, 615.0, 245.0, 210.0, 225.0, 500.0, 330.0, 225.0, 605.0, 235.0, 565.0, 280.0, 210.0, 235.0, 315.0, 295.0, 305.0, 255.0, 185.0, 170.0, 245.0, 140.0, 295.0, 220.0, 220.0, 180.0, 215.0, 110.0, 150.0, 155.0], "episode_types": ["t", "t", "t", "t", "t", "t", "t", "t", "t", "t", "t", "t", "t", "t", "t", "t", "t", "t", "t", "t", "t", "t", "t", "t", "t", "t", "t", "t", "t", "t", "t", "t", "t", "t", "t", "t", "t", "t", "t", "t", "t", "t", "t", "t", "t", "t", "t", "t", "t", "t", "t"]}