{"initial_reset_timestamp": 1619975997.6118896, "timestamps": [1619975998.357658, 1619975999.1904857, 1619975999.9619493, 1619976000.7937975, 1619976001.2598958, 1619976001.8033993, 1619976002.3814833, 1619976003.4721239, 1619976004.5313606, 1619976005.1282907, 1619976005.477207, 1619976005.8545444, 1619976006.2044609, 1619976006.5531728, 1619976006.9026873, 1619976007.2775333, 1619976008.5127091, 1619976009.1438632, 1619976009.8800547, 1619976010.766297, 1619976011.861104, 1619976012.9928386, 1619976013.8252754, 1619976014.254806, 1619976014.6701143, 1619976015.1793218, 1619976015.786846, 1619976017.1324713, 1619976017.9582245, 1619976019.0481129, 1619976019.383758, 1619976019.8357658, 1619976020.1485195, 1619976020.879796, 1619976021.2165248, 1619976022.1192415, 1619976022.5719066, 1619976023.013721, 1619976023.8086414, 1619976024.634882, 1619976025.022731, 1619976025.3575678, 1619976025.871468, 1619976026.4209175, 1619976026.980396, 1619976027.4271219, 1619976028.3456428, 1619976028.9253805, 1619976029.3812623, 1619976029.7169118], "episode_lengths": [286, 345, 621, 693, 388, 453, 485, 929, 526, 475, 286, 311, 288, 286, 286, 309, 1053, 530, 618, 748, 931, 843, 608, 310, 300, 372, 531, 420, 587, 967, 285, 386, 269, 639, 286, 785, 388, 377, 689, 715, 329, 285, 440, 472, 480, 384, 800, 500, 389, 285], "episode_rewards": [20.0, 35.0, 330.0, 330.0, 85.0, 35.0, 125.0, 270.0, 170.0, 210.0, 5.0, 5.0, 40.0, 5.0, 5.0, 5.0, 405.0, 125.0, 315.0, 410.0, 270.0, 170.0, 230.0, 5.0, 50.0, 30.0, 125.0, 20.0, 85.0, 335.0, 5.0, 55.0, 5.0, 315.0, 5.0, 220.0, 20.0, 80.0, 230.0, 210.0, 75.0, 5.0, 70.0, 85.0, 20.0, 35.0, 375.0, 55.0, 20.0, 5.0], "episode_types": ["t", "t", "t", "t", "t", "t", "t", "t", "t", "t", "t", "t", "t", "t", "t", "t", "t", "t", "t", "t", "t", "t", "t", "t", "t", "t", "t", "t", "t", "t", "t", "t", "t", "t", "t", "t", "t", "t", "t", "t", "t", "t", "t", "t", "t", "t", "t", "t", "t", "t", "t"]}