{"initial_reset_timestamp": 1619973325.415496, "timestamps": [1619973327.5895305, 1619973329.7726495, 1619973330.5518377, 1619973331.3089643, 1619973332.201745, 1619973333.0970736, 1619973333.9810283, 1619973334.745981, 1619973336.7336237, 1619973337.3619666, 1619973338.1754978, 1619973338.9881318, 1619973339.715237, 1619973340.460452, 1619973341.3371465, 1619973342.225091, 1619973343.0376043, 1619973343.6387315, 1619973344.529754, 1619973345.307068, 1619973346.1153085, 1619973346.854467, 1619973347.7506316, 1619973348.551203, 1619973349.4433064, 1619973350.2526267, 1619973351.1476538, 1619973353.436492, 1619973354.3572347, 1619973355.1436088, 1619973355.9569383, 1619973356.8546598, 1619973357.7504125, 1619973359.095494, 1619973359.9958694, 1619973360.8839214, 1619973361.7729218, 1619973362.6727378, 1619973363.579304, 1619973364.3991203, 1619973365.2148073, 1619973365.9734933, 1619973366.7752607, 1619973367.4955177, 1619973368.30372, 1619973369.0774205, 1619973369.8792806, 1619973370.6817203, 1619973371.5750763, 1619973372.3760931], "episode_lengths": [728, 728, 617, 615, 724, 724, 724, 619, 592, 489, 658, 656, 596, 605, 716, 723, 661, 489, 728, 632, 662, 600, 733, 657, 724, 658, 728, 820, 724, 636, 661, 733, 728, 1112, 728, 728, 724, 728, 743, 662, 662, 618, 657, 592, 662, 634, 661, 655, 728, 657], "episode_rewards": [260.0, 240.0, 180.0, 180.0, 260.0, 260.0, 285.0, 210.0, 180.0, 105.0, 155.0, 210.0, 185.0, 180.0, 240.0, 240.0, 180.0, 105.0, 240.0, 210.0, 180.0, 155.0, 260.0, 180.0, 290.0, 155.0, 240.0, 500.0, 250.0, 210.0, 180.0, 240.0, 240.0, 590.0, 240.0, 240.0, 260.0, 240.0, 240.0, 180.0, 180.0, 185.0, 180.0, 155.0, 180.0, 210.0, 180.0, 380.0, 240.0, 180.0], "episode_types": ["t", "t", "t", "t", "t", "t", "t", "t", "t", "t", "t", "t", "t", "t", "t", "t", "t", "t", "t", "t", "t", "t", "t", "t", "t", "t", "t", "t", "t", "t", "t", "t", "t", "t", "t", "t", "t", "t", "t", "t", "t", "t", "t", "t", "t", "t", "t", "t", "t", "t", "t"]}