{"initial_reset_timestamp": 1619971634.4022133, "timestamps": [1619971635.2865906, 1619971636.1853511, 1619971636.971739, 1619971637.6294165, 1619971638.5532296, 1619971639.0429373, 1619971639.897413, 1619971641.3071458, 1619971642.029734, 1619971642.3786213, 1619971642.7172241, 1619971643.3209226, 1619971643.9937944, 1619971644.7246451, 1619971646.0537148, 1619971646.5173097, 1619971647.262677, 1619971648.258548, 1619971649.0243144, 1619971649.8440406, 1619971650.1461022, 1619971650.9875894, 1619971651.3323154, 1619971651.9817693, 1619971652.8896332, 1619971653.4424644, 1619971654.0154202, 1619971655.0330899, 1619971655.3910463, 1619971655.7252705, 1619971656.3596873, 1619971657.5543096, 1619971658.1921759, 1619971658.6610262, 1619971659.291655, 1619971659.9193842, 1619971660.5063035, 1619971661.8350005, 1619971662.4853823, 1619971663.1074612, 1619971663.7044942, 1619971664.4587972, 1619971665.4475036, 1619971665.7878969, 1619971666.7745218, 1619971667.407276, 1619971667.7495415, 1619971668.4287188, 1619971669.490714, 1619971669.8329222], "episode_lengths": [501, 489, 611, 528, 753, 390, 690, 1150, 380, 260, 267, 487, 542, 587, 1088, 372, 601, 811, 616, 659, 239, 688, 277, 525, 743, 446, 461, 600, 266, 265, 510, 973, 512, 374, 508, 501, 473, 1080, 517, 496, 480, 601, 800, 268, 802, 509, 271, 543, 865, 268], "episode_rewards": [160.0, 130.0, 215.0, 130.0, 290.0, 150.0, 245.0, 330.0, 110.0, 25.0, 35.0, 215.0, 225.0, 215.0, 485.0, 130.0, 215.0, 425.0, 175.0, 215.0, 55.0, 500.0, 90.0, 160.0, 290.0, 265.0, 165.0, 205.0, 50.0, 50.0, 185.0, 430.0, 210.0, 125.0, 180.0, 185.0, 155.0, 220.0, 160.0, 100.0, 230.0, 185.0, 270.0, 30.0, 305.0, 180.0, 70.0, 110.0, 255.0, 50.0], "episode_types": ["t", "t", "t", "t", "t", "t", "t", "t", "t", "t", "t", "t", "t", "t", "t", "t", "t", "t", "t", "t", "t", "t", "t", "t", "t", "t", "t", "t", "t", "t", "t", "t", "t", "t", "t", "t", "t", "t", "t", "t", "t", "t", "t", "t", "t", "t", "t", "t", "t", "t", "t"]}