{"initial_reset_timestamp": 1619967661.644447, "timestamps": [1619967662.8023014, 1619967663.7007313, 1619967664.8163598, 1619967665.4782412, 1619967665.9633691, 1619967666.9281042, 1619967667.4156504, 1619967668.1648784, 1619967668.7952642, 1619967670.1295667, 1619967670.8835933, 1619967671.6395476, 1619967672.9758136, 1619967673.5910273, 1619967674.073911, 1619967674.7599983, 1619967675.1182988, 1619967676.1215005, 1619967676.7377548, 1619967677.4335825, 1619967678.099432, 1619967678.4086168, 1619967678.7532837, 1619967679.7881246, 1619967680.4496622, 1619967681.077432, 1619967681.8533964, 1619967682.8775957, 1619967683.2428467, 1619967683.8939693, 1619967684.566891, 1619967685.2174428, 1619967686.1837194, 1619967686.82368, 1619967687.47997, 1619967688.4790344, 1619967688.81478, 1619967689.8845267, 1619967690.7155504, 1619967691.30199, 1619967692.1748815, 1619967692.665638, 1619967693.5540128, 1619967694.3472965, 1619967694.6709485, 1619967695.3539097, 1619967696.448029, 1619967697.2315557, 1619967697.8787627, 1619967698.3276563], "episode_lengths": [673, 490, 827, 505, 369, 740, 369, 580, 294, 1050, 596, 601, 1059, 480, 377, 533, 280, 791, 484, 546, 523, 239, 265, 826, 524, 496, 611, 600, 272, 516, 530, 516, 778, 511, 526, 794, 259, 863, 660, 466, 685, 388, 713, 637, 256, 532, 869, 613, 502, 344], "episode_rewards": [230.0, 155.0, 335.0, 150.0, 60.0, 245.0, 95.0, 260.0, 85.0, 275.0, 215.0, 300.0, 225.0, 150.0, 95.0, 130.0, 105.0, 190.0, 125.0, 210.0, 170.0, 55.0, 50.0, 280.0, 210.0, 150.0, 115.0, 185.0, 65.0, 185.0, 190.0, 185.0, 270.0, 180.0, 180.0, 290.0, 90.0, 285.0, 190.0, 215.0, 260.0, 110.0, 445.0, 225.0, 35.0, 155.0, 335.0, 185.0, 155.0, 65.0], "episode_types": ["t", "t", "t", "t", "t", "t", "t", "t", "t", "t", "t", "t", "t", "t", "t", "t", "t", "t", "t", "t", "t", "t", "t", "t", "t", "t", "t", "t", "t", "t", "t", "t", "t", "t", "t", "t", "t", "t", "t", "t", "t", "t", "t", "t", "t", "t", "t", "t", "t", "t", "t"]}