{"initial_reset_timestamp": 1619967998.8258705, "timestamps": [1619968000.5203738, 1619968002.4134636, 1619968003.5562463, 1619968004.5096555, 1619968005.4590738, 1619968006.2194664, 1619968007.1049905, 1619968008.2427669, 1619968009.854476, 1619968010.674202, 1619968011.5488338, 1619968012.659627, 1619968013.7230005, 1619968014.668458, 1619968015.9656267, 1619968017.1153705, 1619968018.0385332, 1619968019.123754, 1619968019.860383, 1619968020.7749364, 1619968021.7148898, 1619968022.5862973, 1619968023.2981071, 1619968023.7466073, 1619968024.6539419, 1619968025.786541, 1619968026.237568, 1619968027.6581259, 1619968028.883061, 1619968029.904562, 1619968030.8448322, 1619968031.6067536, 1619968032.5794969, 1619968033.3642082, 1619968034.88602, 1619968035.3188424, 1619968036.5435104, 1619968037.5173564, 1619968038.4713986, 1619968039.2035625, 1619968040.8456423, 1619968041.7460432, 1619968042.665904, 1619968043.6207495, 1619968044.480135, 1619968045.3935153, 1619968046.4976628, 1619968047.7009873, 1619968048.781622, 1619968049.7076268], "episode_lengths": [731, 818, 735, 621, 617, 493, 576, 744, 699, 520, 568, 727, 696, 615, 756, 641, 612, 721, 480, 588, 616, 573, 464, 292, 596, 747, 295, 592, 804, 672, 615, 498, 639, 517, 1014, 278, 813, 642, 634, 485, 1109, 599, 611, 636, 570, 606, 742, 805, 720, 616], "episode_rewards": [285.0, 485.0, 270.0, 180.0, 210.0, 105.0, 135.0, 460.0, 265.0, 110.0, 180.0, 470.0, 460.0, 210.0, 455.0, 210.0, 210.0, 260.0, 110.0, 210.0, 180.0, 180.0, 105.0, 80.0, 180.0, 290.0, 110.0, 165.0, 300.0, 180.0, 210.0, 105.0, 210.0, 210.0, 315.0, 55.0, 320.0, 180.0, 210.0, 120.0, 620.0, 210.0, 180.0, 210.0, 155.0, 210.0, 260.0, 300.0, 440.0, 180.0], "episode_types": ["t", "t", "t", "t", "t", "t", "t", "t", "t", "t", "t", "t", "t", "t", "t", "t", "t", "t", "t", "t", "t", "t", "t", "t", "t", "t", "t", "t", "t", "t", "t", "t", "t", "t", "t", "t", "t", "t", "t", "t", "t", "t", "t", "t", "t", "t", "t", "t", "t", "t", "t"]}