{"initial_reset_timestamp": 1620020460.7227535, "timestamps": [1620020462.2734337, 1620020463.7814765, 1620020464.7703106, 1620020465.7761436, 1620020466.248238, 1620020467.5029705, 1620020468.6786876, 1620020469.4526901, 1620020470.466349, 1620020471.098716, 1620020472.4467819, 1620020472.9201152, 1620020473.698286, 1620020475.2943254, 1620020476.0438964, 1620020477.0589232, 1620020478.959893, 1620020479.9760492, 1620020480.935738, 1620020482.2407103, 1620020483.792133, 1620020484.4906685, 1620020485.6195776, 1620020487.225725, 1620020488.1621835, 1620020489.4538271, 1620020490.4232194, 1620020491.429006, 1620020493.0841799, 1620020493.768754, 1620020494.5376391, 1620020496.0475638, 1620020497.2281399, 1620020498.2447326, 1620020499.6508868, 1620020500.3289845, 1620020501.5524404, 1620020502.2689536, 1620020503.695267, 1620020505.226172, 1620020506.2005134, 1620020506.8537276, 1620020508.0173547, 1620020508.7646124, 1620020509.2417033, 1620020510.402103, 1620020511.4644122, 1620020512.5675747, 1620020513.285876, 1620020514.445863], "episode_lengths": [625, 582, 613, 640, 298, 797, 740, 488, 300, 379, 843, 293, 488, 1016, 472, 641, 1219, 647, 610, 840, 998, 443, 704, 1032, 594, 824, 612, 299, 1048, 430, 486, 965, 757, 648, 901, 431, 786, 453, 917, 988, 621, 410, 741, 473, 300, 740, 677, 701, 455, 741], "episode_rewards": [260.0, 260.0, 260.0, 240.0, 90.0, 330.0, 335.0, 170.0, 90.0, 135.0, 440.0, 90.0, 230.0, 370.0, 160.0, 230.0, 670.0, 445.0, 235.0, 395.0, 545.0, 170.0, 195.0, 585.0, 225.0, 385.0, 420.0, 120.0, 595.0, 105.0, 160.0, 555.0, 305.0, 225.0, 580.0, 115.0, 340.0, 180.0, 555.0, 350.0, 235.0, 110.0, 255.0, 150.0, 90.0, 275.0, 270.0, 375.0, 180.0, 315.0], "episode_types": ["t", "t", "t", "t", "t", "t", "t", "t", "t", "t", "t", "t", "t", "t", "t", "t", "t", "t", "t", "t", "t", "t", "t", "t", "t", "t", "t", "t", "t", "t", "t", "t", "t", "t", "t", "t", "t", "t", "t", "t", "t", "t", "t", "t", "t", "t", "t", "t", "t", "t", "t"]}