{"initial_reset_timestamp": 1619980437.8751204, "timestamps": [1619980440.0369534, 1619980442.2383263, 1619980443.5266109, 1619980444.5090992, 1619980445.400138, 1619980446.5044413, 1619980448.1079216, 1619980449.0244758, 1619980451.1564746, 1619980452.0728123, 1619980453.0485363, 1619980453.9967828, 1619980454.9297867, 1619980455.8937829, 1619980457.417233, 1619980458.3331375, 1619980459.278307, 1619980460.1987953, 1619980461.1009247, 1619980462.0564885, 1619980463.8488755, 1619980464.345912, 1619980465.4806917, 1619980466.4317148, 1619980467.3383284, 1619980468.3239772, 1619980469.277021, 1619980471.509967, 1619980472.665485, 1619980473.6281238, 1619980474.9013705, 1619980476.0148964, 1619980477.5954115, 1619980478.5577183, 1619980479.535209, 1619980481.1141236, 1619980482.2696598, 1619980483.4613984, 1619980484.6084404, 1619980485.5843751, 1619980486.7909586, 1619980487.9824886, 1619980488.9762821, 1619980489.754904, 1619980490.6556368, 1619980491.5334737, 1619980492.603345, 1619980494.1593552, 1619980495.1712477, 1619980496.3260236], "episode_lengths": [595, 599, 815, 631, 572, 713, 1053, 593, 587, 574, 628, 608, 601, 624, 1001, 588, 610, 595, 581, 607, 1137, 306, 710, 591, 562, 611, 592, 618, 699, 589, 778, 698, 997, 597, 608, 993, 722, 745, 717, 610, 754, 744, 617, 492, 584, 565, 690, 1012, 648, 746], "episode_rewards": [180.0, 155.0, 315.0, 210.0, 145.0, 255.0, 530.0, 135.0, 135.0, 110.0, 210.0, 210.0, 180.0, 210.0, 340.0, 140.0, 155.0, 180.0, 130.0, 180.0, 450.0, 75.0, 250.0, 210.0, 110.0, 180.0, 210.0, 180.0, 255.0, 190.0, 285.0, 425.0, 370.0, 165.0, 180.0, 350.0, 285.0, 260.0, 260.0, 155.0, 260.0, 470.0, 135.0, 105.0, 210.0, 105.0, 280.0, 555.0, 210.0, 290.0], "episode_types": ["t", "t", "t", "t", "t", "t", "t", "t", "t", "t", "t", "t", "t", "t", "t", "t", "t", "t", "t", "t", "t", "t", "t", "t", "t", "t", "t", "t", "t", "t", "t", "t", "t", "t", "t", "t", "t", "t", "t", "t", "t", "t", "t", "t", "t", "t", "t", "t", "t", "t", "t"]}