{"initial_reset_timestamp": 1620000865.0495694, "timestamps": [1620000867.2049818, 1620000869.9552088, 1620000871.644062, 1620000873.909894, 1620000874.726608, 1620000876.8301623, 1620000878.0427692, 1620000880.5415337, 1620000884.145231, 1620000885.0515656, 1620000886.2178802, 1620000887.5722156, 1620000888.9989436, 1620000889.9266846, 1620000891.1280215, 1620000892.7761064, 1620000894.104077, 1620000895.3466847, 1620000896.2811553, 1620000897.4950793, 1620000900.1533885, 1620000901.5313056, 1620000902.8230088, 1620000904.0232198, 1620000904.9120333, 1620000906.1754322, 1620000907.0607493, 1620000909.8342922, 1620000911.7248096, 1620000912.7804525, 1620000915.4240043, 1620000916.795996, 1620000919.407822, 1620000921.3479717, 1620000922.351477, 1620000923.5991437, 1620000924.8588066, 1620000927.622373, 1620000930.2050228, 1620000931.6028893, 1620000932.9100578, 1620000935.1733954, 1620000937.8572261, 1620000939.432297, 1620000940.8624876, 1620000941.8859518, 1620000943.3396027, 1620000946.1506028, 1620000947.4448879, 1620000948.5839632], "episode_lengths": [548, 938, 1184, 1581, 558, 1470, 852, 1758, 1548, 601, 795, 949, 1002, 633, 841, 1152, 937, 882, 638, 854, 1889, 970, 913, 841, 606, 895, 601, 1010, 1312, 726, 1875, 958, 1844, 1367, 687, 878, 888, 1952, 1813, 983, 916, 1578, 1887, 1118, 1010, 700, 1034, 1978, 903, 800], "episode_rewards": [390.0, 775.0, 600.0, 1155.0, 650.0, 1095.0, 545.0, 1220.0, 955.0, 355.0, 335.0, 525.0, 575.0, 565.0, 775.0, 600.0, 605.0, 605.0, 360.0, 580.0, 1175.0, 575.0, 605.0, 745.0, 420.0, 600.0, 350.0, 800.0, 545.0, 480.0, 1250.0, 495.0, 1160.0, 745.0, 345.0, 740.0, 600.0, 1295.0, 1170.0, 490.0, 525.0, 970.0, 1265.0, 800.0, 575.0, 385.0, 600.0, 1340.0, 515.0, 570.0], "episode_types": ["t", "t", "t", "t", "t", "t", "t", "t", "t", "t", "t", "t", "t", "t", "t", "t", "t", "t", "t", "t", "t", "t", "t", "t", "t", "t", "t", "t", "t", "t", "t", "t", "t", "t", "t", "t", "t", "t", "t", "t", "t", "t", "t", "t", "t", "t", "t", "t", "t", "t", "t"]}