{"initial_reset_timestamp": 1619985018.2953572, "timestamps": [1619985020.3645794, 1619985022.3981724, 1619985023.8535807, 1619985024.9426298, 1619985026.0162463, 1619985027.3050025, 1619985028.3973708, 1619985029.708634, 1619985032.3925977, 1619985033.5384421, 1619985034.8643534, 1619985036.1694744, 1619985037.271703, 1619985038.6148982, 1619985039.4468665, 1619985040.594641, 1619985041.8828316, 1619985043.1222699, 1619985043.8465786, 1619985044.6841152, 1619985045.9998403, 1619985046.824086, 1619985048.0842597, 1619985049.1694465, 1619985049.924046, 1619985050.904579, 1619985052.184846, 1619985054.7688692, 1619985056.0630505, 1619985056.8826847, 1619985058.198074, 1619985058.9246893, 1619985059.741209, 1619985061.0210752, 1619985062.1087322, 1619985063.209499, 1619985064.552056, 1619985065.3286586, 1619985066.0536103, 1619985066.8826396, 1619985068.176727, 1619985069.2928379, 1619985070.0605829, 1619985071.3977869, 1619985072.1554546, 1619985073.2694979, 1619985074.4261436, 1619985075.2529936, 1619985076.6218958, 1619985077.9377277], "episode_lengths": [490, 480, 831, 691, 699, 840, 707, 855, 855, 714, 848, 830, 702, 860, 529, 731, 821, 797, 459, 535, 848, 529, 808, 695, 481, 631, 817, 855, 810, 515, 841, 463, 517, 818, 694, 699, 855, 494, 457, 529, 836, 717, 477, 836, 471, 696, 721, 512, 854, 820], "episode_rewards": [80.0, 35.0, 180.0, 110.0, 115.0, 120.0, 115.0, 155.0, 155.0, 80.0, 190.0, 140.0, 70.0, 155.0, 95.0, 80.0, 120.0, 165.0, 40.0, 125.0, 155.0, 95.0, 110.0, 35.0, 45.0, 160.0, 130.0, 320.0, 335.0, 60.0, 120.0, 105.0, 80.0, 140.0, 80.0, 75.0, 130.0, 115.0, 40.0, 55.0, 160.0, 110.0, 45.0, 160.0, 45.0, 80.0, 105.0, 95.0, 160.0, 120.0], "episode_types": ["t", "t", "t", "t", "t", "t", "t", "t", "t", "t", "t", "t", "t", "t", "t", "t", "t", "t", "t", "t", "t", "t", "t", "t", "t", "t", "t", "t", "t", "t", "t", "t", "t", "t", "t", "t", "t", "t", "t", "t", "t", "t", "t", "t", "t", "t", "t", "t", "t", "t", "t"]}