{"initial_reset_timestamp": 1619974901.7163148, "timestamps": [1619974902.3501694, 1619974903.3185544, 1619974904.485936, 1619974905.2446613, 1619974905.553715, 1619974906.1784685, 1619974906.5585003, 1619974907.5545743, 1619974908.6356018, 1619974909.3345747, 1619974909.950239, 1619974910.7571216, 1619974911.1764386, 1619974911.8391585, 1619974912.42936, 1619974912.7684677, 1619974913.629388, 1619974913.9759545, 1619974914.8656201, 1619974915.7038612, 1619974916.5763123, 1619974917.2645237, 1619974917.8964856, 1619974919.6811695, 1619974920.4379492, 1619974920.9410143, 1619974921.5427995, 1619974922.7189167, 1619974923.344502, 1619974923.96764, 1619974924.968323, 1619974926.265058, 1619974927.0365317, 1619974927.590939, 1619974928.080721, 1619974928.458143, 1619974929.0560715, 1619974929.7193508, 1619974930.206625, 1619974930.8284032, 1619974931.8201568, 1619974932.4973428, 1619974933.1318476, 1619974934.1573172, 1619974934.5301862, 1619974935.3593647, 1619974935.705572, 1619974936.079798, 1619974936.9553652, 1619974937.2846], "episode_lengths": [305, 555, 955, 614, 242, 501, 302, 815, 656, 545, 493, 644, 330, 529, 472, 267, 690, 273, 716, 673, 700, 550, 507, 1512, 602, 396, 476, 731, 482, 498, 813, 1057, 617, 443, 388, 298, 477, 535, 389, 499, 809, 538, 499, 832, 293, 655, 273, 297, 707, 257], "episode_rewards": [60.0, 215.0, 425.0, 175.0, 50.0, 160.0, 80.0, 275.0, 285.0, 140.0, 135.0, 210.0, 85.0, 155.0, 225.0, 50.0, 220.0, 100.0, 255.0, 235.0, 245.0, 295.0, 210.0, 635.0, 215.0, 90.0, 110.0, 250.0, 155.0, 210.0, 445.0, 220.0, 145.0, 95.0, 150.0, 50.0, 160.0, 155.0, 105.0, 215.0, 505.0, 360.0, 160.0, 365.0, 95.0, 240.0, 100.0, 95.0, 315.0, 95.0], "episode_types": ["t", "t", "t", "t", "t", "t", "t", "t", "t", "t", "t", "t", "t", "t", "t", "t", "t", "t", "t", "t", "t", "t", "t", "t", "t", "t", "t", "t", "t", "t", "t", "t", "t", "t", "t", "t", "t", "t", "t", "t", "t", "t", "t", "t", "t", "t", "t", "t", "t", "t", "t"]}