{"initial_reset_timestamp": 1619983175.2266212, "timestamps": [1619983176.4994988, 1619983177.665957, 1619983178.7625313, 1619983180.5607505, 1619983181.3302093, 1619983182.504033, 1619983183.2942932, 1619983184.0735755, 1619983185.9861708, 1619983186.7530632, 1619983187.459686, 1619983188.39291, 1619983188.9823961, 1619983189.7814517, 1619983191.2689724, 1619983192.0466604, 1619983193.1064074, 1619983193.8679924, 1619983194.6024058, 1619983195.8205276, 1619983196.6459434, 1619983197.4337714, 1619983198.5184116, 1619983199.2836432, 1619983200.055897, 1619983200.818495, 1619983202.130584, 1619983203.3934495, 1619983204.0362132, 1619983204.8475022, 1619983205.6195595, 1619983206.2246606, 1619983207.8055735, 1619983208.9288192, 1619983209.6910722, 1619983210.851234, 1619983212.3563364, 1619983213.1062305, 1619983213.9017773, 1619983215.1881442, 1619983215.9889777, 1619983216.787359, 1619983217.4496129, 1619983218.80806, 1619983220.1045141, 1619983221.1932628, 1619983221.9703772, 1619983222.9317489, 1619983223.664099, 1619983224.454572], "episode_lengths": [464, 370, 670, 1125, 474, 728, 513, 508, 491, 464, 438, 582, 363, 501, 932, 487, 667, 473, 456, 762, 517, 496, 681, 475, 485, 478, 829, 473, 400, 497, 484, 375, 996, 707, 477, 727, 948, 466, 500, 806, 502, 497, 414, 854, 815, 688, 484, 602, 457, 489], "episode_rewards": [15.0, 45.0, 60.0, 115.0, 50.0, 110.0, 70.0, 90.0, 105.0, 50.0, 55.0, 100.0, 50.0, 125.0, 190.0, 85.0, 80.0, 35.0, 120.0, 120.0, 145.0, 75.0, 140.0, 10.0, 85.0, 75.0, 60.0, 55.0, 20.0, 30.0, 50.0, 30.0, 220.0, 95.0, 85.0, 90.0, 75.0, 155.0, 60.0, 240.0, 105.0, 50.0, 110.0, 350.0, 130.0, 165.0, 40.0, 155.0, 80.0, 30.0], "episode_types": ["t", "t", "t", "t", "t", "t", "t", "t", "t", "t", "t", "t", "t", "t", "t", "t", "t", "t", "t", "t", "t", "t", "t", "t", "t", "t", "t", "t", "t", "t", "t", "t", "t", "t", "t", "t", "t", "t", "t", "t", "t", "t", "t", "t", "t", "t", "t", "t", "t", "t", "t"]}