{"initial_reset_timestamp": 1619968838.15286, "timestamps": [1619968838.7488341, 1619968839.7945547, 1619968840.5667756, 1619968841.1636083, 1619968841.5341809, 1619968842.52265, 1619968842.901237, 1619968843.5461822, 1619968844.423133, 1619968845.1507006, 1619968845.847555, 1619968846.5207527, 1619968847.2168689, 1619968847.8971384, 1619968848.5480306, 1619968849.451495, 1619968851.0834649, 1619968851.7604046, 1619968852.9043336, 1619968853.5110729, 1619968854.3175838, 1619968855.5499973, 1619968856.6667361, 1619968857.3133707, 1619968857.914779, 1619968858.7994347, 1619968859.3695316, 1619968860.6378882, 1619968861.6946664, 1619968862.3448606, 1619968863.1341162, 1619968863.9111757, 1619968864.2647407, 1619968864.5774193, 1619968865.7823355, 1619968866.1300192, 1619968867.0159473, 1619968868.3988733, 1619968869.2729726, 1619968870.013201, 1619968870.6162899, 1619968871.248579, 1619968871.7722676, 1619968872.5356095, 1619968873.5617478, 1619968874.1810732, 1619968874.8785942, 1619968875.533841, 1619968876.3279543, 1619968876.674614], "episode_lengths": [280, 600, 597, 473, 292, 801, 299, 518, 483, 555, 537, 502, 545, 515, 508, 711, 1344, 508, 889, 475, 635, 988, 904, 519, 481, 699, 433, 794, 808, 503, 588, 622, 273, 242, 970, 269, 672, 1077, 713, 596, 478, 492, 416, 608, 834, 498, 553, 524, 640, 273], "episode_rewards": [70.0, 95.0, 240.0, 125.0, 110.0, 465.0, 45.0, 130.0, 135.0, 250.0, 65.0, 185.0, 215.0, 110.0, 180.0, 510.0, 480.0, 180.0, 315.0, 160.0, 240.0, 120.0, 330.0, 185.0, 185.0, 185.0, 155.0, 565.0, 300.0, 105.0, 115.0, 225.0, 100.0, 70.0, 465.0, 45.0, 240.0, 305.0, 275.0, 345.0, 205.0, 130.0, 35.0, 445.0, 360.0, 195.0, 75.0, 205.0, 240.0, 65.0], "episode_types": ["t", "t", "t", "t", "t", "t", "t", "t", "t", "t", "t", "t", "t", "t", "t", "t", "t", "t", "t", "t", "t", "t", "t", "t", "t", "t", "t", "t", "t", "t", "t", "t", "t", "t", "t", "t", "t", "t", "t", "t", "t", "t", "t", "t", "t", "t", "t", "t", "t", "t", "t"]}