{"initial_reset_timestamp": 1619998832.8921888, "timestamps": [1619998835.3346152, 1619998838.0711634, 1619998840.4466574, 1619998842.8134704, 1619998843.8128388, 1619998846.0303707, 1619998847.264259, 1619998848.4710205, 1619998851.8385973, 1619998853.583944, 1619998854.8510134, 1619998856.9735947, 1619998859.4090486, 1619998861.8301148, 1619998864.0873885, 1619998865.9301717, 1619998866.906919, 1619998867.9531143, 1619998869.1629639, 1619998870.3974361, 1619998872.1042242, 1619998873.1325543, 1619998874.1090167, 1619998876.3200305, 1619998878.5798573, 1619998879.7538278, 1619998880.8023348, 1619998883.2671614, 1619998884.5231621, 1619998886.8748624, 1619998889.9419527, 1619998891.0288064, 1619998892.0444186, 1619998894.5950136, 1619998896.4088612, 1619998898.0541446, 1619998900.4786777, 1619998902.7343366, 1619998905.094622, 1619998906.827837, 1619998907.8435109, 1619998909.832294, 1619998910.9741251, 1619998912.0223396, 1619998913.1819139, 1619998914.246867, 1619998915.4658144, 1619998916.4950137, 1619998917.6768584, 1619998918.6423357], "episode_lengths": [730, 981, 1678, 1673, 700, 1581, 872, 848, 1412, 1201, 899, 1495, 1734, 1718, 1614, 1298, 685, 734, 850, 877, 1187, 715, 690, 1567, 1599, 832, 733, 799, 872, 1670, 2199, 766, 719, 1823, 1270, 1158, 1731, 1585, 1678, 1213, 713, 1414, 802, 738, 817, 752, 858, 722, 828, 681], "episode_rewards": [540.0, 570.0, 1370.0, 1775.0, 525.0, 1205.0, 600.0, 600.0, 990.0, 945.0, 600.0, 1345.0, 1375.0, 1200.0, 1175.0, 960.0, 575.0, 600.0, 515.0, 800.0, 980.0, 515.0, 600.0, 1400.0, 1085.0, 575.0, 520.0, 570.0, 600.0, 1430.0, 1830.0, 575.0, 600.0, 1175.0, 975.0, 865.0, 1120.0, 1375.0, 1150.0, 1030.0, 715.0, 1375.0, 605.0, 600.0, 545.0, 970.0, 695.0, 570.0, 540.0, 545.0], "episode_types": ["t", "t", "t", "t", "t", "t", "t", "t", "t", "t", "t", "t", "t", "t", "t", "t", "t", "t", "t", "t", "t", "t", "t", "t", "t", "t", "t", "t", "t", "t", "t", "t", "t", "t", "t", "t", "t", "t", "t", "t", "t", "t", "t", "t", "t", "t", "t", "t", "t", "t", "t"]}