{"initial_reset_timestamp": 1619972350.1958141, "timestamps": [1619972352.3726935, 1619972354.5804713, 1619972355.5223005, 1619972356.6292481, 1619972357.7908309, 1619972358.7610407, 1619972359.7379677, 1619972360.7067592, 1619972362.9225645, 1619972363.9352984, 1619972364.8234174, 1619972365.7696576, 1619972366.7472293, 1619972367.7231627, 1619972368.6809897, 1619972369.6528325, 1619972370.6123486, 1619972371.6026046, 1619972372.488668, 1619972373.4554987, 1619972374.536926, 1619972375.5125823, 1619972376.4984736, 1619972377.46992, 1619972378.4396446, 1619972379.4026685, 1619972380.3617127, 1619972382.6873927, 1619972383.6798134, 1619972384.6550345, 1619972385.6295803, 1619972386.6103616, 1619972387.5867982, 1619972388.5584223, 1619972389.5763514, 1619972390.5148299, 1619972391.485578, 1619972392.4621346, 1619972393.4330661, 1619972394.4469903, 1619972395.599259, 1619972396.7096128, 1619972397.4622989, 1619972398.4042866, 1619972399.3711383, 1619972400.344895, 1619972401.32613, 1619972402.2949774, 1619972403.4095976, 1619972404.382518], "episode_lengths": [613, 627, 598, 724, 760, 634, 640, 633, 633, 636, 572, 611, 633, 633, 621, 631, 623, 649, 578, 633, 708, 638, 643, 634, 633, 628, 628, 708, 629, 634, 633, 638, 637, 633, 662, 613, 631, 633, 633, 662, 751, 725, 490, 614, 628, 634, 636, 633, 726, 634], "episode_rewards": [155.0, 180.0, 160.0, 240.0, 260.0, 210.0, 180.0, 210.0, 210.0, 210.0, 105.0, 155.0, 210.0, 210.0, 210.0, 210.0, 180.0, 210.0, 120.0, 210.0, 210.0, 180.0, 180.0, 210.0, 210.0, 210.0, 210.0, 210.0, 180.0, 210.0, 180.0, 210.0, 210.0, 210.0, 180.0, 155.0, 210.0, 210.0, 210.0, 180.0, 260.0, 240.0, 105.0, 180.0, 210.0, 210.0, 410.0, 210.0, 240.0, 210.0], "episode_types": ["t", "t", "t", "t", "t", "t", "t", "t", "t", "t", "t", "t", "t", "t", "t", "t", "t", "t", "t", "t", "t", "t", "t", "t", "t", "t", "t", "t", "t", "t", "t", "t", "t", "t", "t", "t", "t", "t", "t", "t", "t", "t", "t", "t", "t", "t", "t", "t", "t", "t", "t"]}