{"initial_reset_timestamp": 1619985030.3414662, "timestamps": [1619985032.0452619, 1619985033.8673275, 1619985034.8091085, 1619985035.8006542, 1619985036.2835672, 1619985037.0191076, 1619985037.581123, 1619985038.0746229, 1619985039.8752677, 1619985040.530301, 1619985041.1629071, 1619985041.750122, 1619985042.4577346, 1619985043.081808, 1619985043.581451, 1619985044.4635906, 1619985045.2911334, 1619985045.776267, 1619985046.1448977, 1619985046.6377978, 1619985047.675024, 1619985048.1776545, 1619985049.3017912, 1619985049.6528864, 1619985050.4909992, 1619985050.959775, 1619985051.8347042, 1619985053.5367742, 1619985054.1670187, 1619985054.8774548, 1619985056.110829, 1619985056.993882, 1619985057.8000236, 1619985058.6295128, 1619985059.2437747, 1619985059.7348447, 1619985060.605463, 1619985061.114395, 1619985061.7311242, 1619985062.2079096, 1619985062.9699335, 1619985063.4195578, 1619985063.9927785, 1619985064.6074967, 1619985065.4848852, 1619985066.228876, 1619985066.8924437, 1619985067.4545572, 1619985068.2053392, 1619985069.0157442], "episode_lengths": [605, 693, 771, 846, 400, 616, 467, 409, 692, 523, 521, 484, 588, 521, 416, 748, 700, 407, 305, 412, 880, 417, 972, 292, 713, 392, 739, 627, 509, 593, 1044, 749, 678, 697, 510, 411, 737, 424, 514, 395, 643, 374, 475, 512, 742, 626, 561, 469, 628, 688], "episode_rewards": [185.0, 230.0, 470.0, 685.0, 50.0, 240.0, 105.0, 105.0, 275.0, 100.0, 145.0, 205.0, 270.0, 165.0, 95.0, 330.0, 535.0, 80.0, 25.0, 95.0, 385.0, 135.0, 870.0, 30.0, 500.0, 25.0, 335.0, 245.0, 130.0, 200.0, 510.0, 315.0, 275.0, 410.0, 170.0, 35.0, 280.0, 150.0, 190.0, 25.0, 265.0, 35.0, 205.0, 160.0, 340.0, 315.0, 220.0, 70.0, 155.0, 305.0], "episode_types": ["t", "t", "t", "t", "t", "t", "t", "t", "t", "t", "t", "t", "t", "t", "t", "t", "t", "t", "t", "t", "t", "t", "t", "t", "t", "t", "t", "t", "t", "t", "t", "t", "t", "t", "t", "t", "t", "t", "t", "t", "t", "t", "t", "t", "t", "t", "t", "t", "t", "t", "t"]}