{"initial_reset_timestamp": 1619979159.834004, "timestamps": [1619979161.499957, 1619979163.5965533, 1619979164.0803664, 1619979164.8286264, 1619979165.5932884, 1619979166.3901482, 1619979166.7857282, 1619979167.7134624, 1619979169.7970982, 1619979171.01061, 1619979171.9186091, 1619979172.6907694, 1619979173.0845087, 1619979173.6977592, 1619979174.3288593, 1619979175.2605696, 1619979175.9998398, 1619979176.606923, 1619979177.9122598, 1619979178.7093523, 1619979179.838017, 1619979180.7550669, 1619979181.518076, 1619979182.0018504, 1619979182.7494497, 1619979183.3516297, 1619979183.956082, 1619979185.6654332, 1619979186.432557, 1619979187.0409539, 1619979187.6613953, 1619979188.4786394, 1619979188.8603418, 1619979189.6195667, 1619979190.3605328, 1619979190.9783072, 1619979191.3716943, 1619979192.7213545, 1619979193.5072381, 1619979194.4495757, 1619979195.8698661, 1619979196.4791858, 1619979197.397381, 1619979198.1751559, 1619979198.535391, 1619979199.0357645, 1619979199.7726963, 1619979200.3617754, 1619979201.1945884, 1619979202.1030834], "episode_lengths": [308, 620, 362, 595, 607, 630, 310, 739, 626, 968, 728, 618, 310, 486, 498, 749, 592, 486, 1065, 641, 927, 738, 609, 384, 600, 479, 482, 341, 587, 478, 493, 652, 300, 607, 588, 474, 310, 1104, 628, 762, 1166, 487, 739, 625, 285, 400, 589, 470, 669, 730], "episode_rewards": [50.0, 210.0, 65.0, 165.0, 210.0, 215.0, 75.0, 270.0, 225.0, 560.0, 265.0, 225.0, 75.0, 110.0, 115.0, 260.0, 165.0, 110.0, 335.0, 420.0, 635.0, 255.0, 220.0, 95.0, 200.0, 140.0, 115.0, 55.0, 195.0, 75.0, 105.0, 210.0, 30.0, 155.0, 190.0, 110.0, 75.0, 390.0, 220.0, 260.0, 345.0, 140.0, 460.0, 215.0, 50.0, 100.0, 175.0, 120.0, 265.0, 290.0], "episode_types": ["t", "t", "t", "t", "t", "t", "t", "t", "t", "t", "t", "t", "t", "t", "t", "t", "t", "t", "t", "t", "t", "t", "t", "t", "t", "t", "t", "t", "t", "t", "t", "t", "t", "t", "t", "t", "t", "t", "t", "t", "t", "t", "t", "t", "t", "t", "t", "t", "t", "t", "t"]}