{"initial_reset_timestamp": 1619975412.2496367, "timestamps": [1619975414.5855002, 1619975416.4542055, 1619975416.8259974, 1619975417.2036626, 1619975417.8275573, 1619975418.5305076, 1619975418.8798141, 1619975419.6162865, 1619975421.7322981, 1619975422.3614225, 1619975423.0167825, 1619975423.3736734, 1619975424.0965106, 1619975424.686089, 1619975425.1872492, 1619975425.7601454, 1619975426.3817031, 1619975427.2685802, 1619975427.6173768, 1619975428.3594084, 1619975428.9943843, 1619975429.4964297, 1619975429.8467407, 1619975430.2202983, 1619975430.855691, 1619975431.5573683, 1619975431.897902, 1619975434.2989092, 1619975435.0802724, 1619975435.6391165, 1619975436.8025942, 1619975437.1623642, 1619975437.9110615, 1619975438.4649768, 1619975439.1979775, 1619975440.1335938, 1619975440.5047064, 1619975441.0928304, 1619975441.8823862, 1619975442.6552627, 1619975443.0282245, 1619975443.7793474, 1619975444.502795, 1619975445.3448803, 1619975445.9575725, 1619975447.1256561, 1619975447.8631063, 1619975448.4684658, 1619975449.644641, 1619975450.0118842], "episode_lengths": [892, 496, 288, 307, 510, 581, 280, 607, 687, 500, 535, 288, 595, 483, 411, 473, 512, 731, 284, 615, 523, 415, 284, 306, 526, 580, 280, 955, 622, 455, 974, 297, 630, 459, 605, 778, 302, 478, 654, 643, 304, 623, 595, 695, 508, 972, 610, 498, 982, 299], "episode_rewards": [315.0, 115.0, 20.0, 65.0, 60.0, 325.0, 30.0, 185.0, 140.0, 110.0, 95.0, 70.0, 175.0, 60.0, 30.0, 105.0, 70.0, 315.0, 55.0, 140.0, 60.0, 30.0, 35.0, 50.0, 95.0, 90.0, 40.0, 565.0, 105.0, 85.0, 360.0, 90.0, 40.0, 80.0, 130.0, 205.0, 50.0, 150.0, 395.0, 110.0, 60.0, 210.0, 375.0, 95.0, 65.0, 210.0, 205.0, 80.0, 155.0, 65.0], "episode_types": ["t", "t", "t", "t", "t", "t", "t", "t", "t", "t", "t", "t", "t", "t", "t", "t", "t", "t", "t", "t", "t", "t", "t", "t", "t", "t", "t", "t", "t", "t", "t", "t", "t", "t", "t", "t", "t", "t", "t", "t", "t", "t", "t", "t", "t", "t", "t", "t", "t", "t", "t"]}