{"initial_reset_timestamp": 1619989019.854143, "timestamps": [1619989021.6509175, 1619989023.2733102, 1619989024.1032698, 1619989025.110718, 1619989025.724087, 1619989026.3373294, 1619989026.95682, 1619989027.971143, 1619989029.7255578, 1619989030.3633833, 1619989030.978187, 1619989031.5985608, 1619989032.3623114, 1619989033.1671453, 1619989033.973627, 1619989034.992217, 1619989035.7768137, 1619989036.5267527, 1619989037.1517897, 1619989037.7633235, 1619989038.3668191, 1619989039.4023054, 1619989040.1874945, 1619989041.092613, 1619989041.7003155, 1619989042.6043046, 1619989043.2190378, 1619989045.0684123, 1619989045.896574, 1619989046.6814241, 1619989048.43939, 1619989049.042045, 1619989049.6462145, 1619989050.3909733, 1619989051.1895587, 1619989052.2152672, 1619989052.823295, 1619989053.6169724, 1619989054.2277355, 1619989055.1415927, 1619989055.709172, 1619989056.277817, 1619989056.8445992, 1619989057.4106846, 1619989057.980471, 1619989058.5458558, 1619989059.111928, 1619989059.6780329, 1619989060.4071393, 1619989061.172901], "episode_lengths": [639, 489, 646, 825, 489, 480, 489, 825, 616, 489, 489, 489, 601, 650, 650, 819, 629, 601, 489, 489, 489, 825, 627, 718, 489, 739, 489, 659, 639, 627, 1425, 489, 489, 593, 645, 825, 489, 639, 489, 738, 489, 490, 489, 489, 489, 489, 488, 487, 620, 635], "episode_rewards": [210.0, 105.0, 210.0, 235.0, 105.0, 105.0, 105.0, 235.0, 135.0, 105.0, 105.0, 105.0, 355.0, 210.0, 155.0, 440.0, 180.0, 155.0, 105.0, 105.0, 105.0, 235.0, 155.0, 385.0, 105.0, 210.0, 105.0, 180.0, 180.0, 155.0, 1060.0, 105.0, 105.0, 160.0, 180.0, 235.0, 105.0, 210.0, 105.0, 410.0, 105.0, 105.0, 105.0, 105.0, 105.0, 105.0, 105.0, 110.0, 180.0, 155.0], "episode_types": ["t", "t", "t", "t", "t", "t", "t", "t", "t", "t", "t", "t", "t", "t", "t", "t", "t", "t", "t", "t", "t", "t", "t", "t", "t", "t", "t", "t", "t", "t", "t", "t", "t", "t", "t", "t", "t", "t", "t", "t", "t", "t", "t", "t", "t", "t", "t", "t", "t", "t", "t"]}