{"initial_reset_timestamp": 1619974252.4773622, "timestamps": [1619974253.3648586, 1619974254.2503934, 1619974255.0179346, 1619974255.701651, 1619974256.675039, 1619974257.2387717, 1619974257.575151, 1619974258.0054862, 1619974259.0486913, 1619974259.6751719, 1619974260.0115657, 1619974260.6158736, 1619974261.2648933, 1619974261.903421, 1619974262.4886198, 1619974263.6983607, 1619974264.9404466, 1619974265.5440516, 1619974266.0307214, 1619974266.357284, 1619974266.6926215, 1619974267.3457513, 1619974267.9071467, 1619974268.5264914, 1619974269.1506023, 1619974269.9423404, 1619974270.624998, 1619974271.2125885, 1619974271.8365629, 1619974272.4530492, 1619974273.3691335, 1619974273.8880517, 1619974274.7601287, 1619974275.3794706, 1619974275.8191228, 1619974276.5649936, 1619974277.5117226, 1619974278.375033, 1619974279.0076926, 1619974279.6753576, 1619974280.5794322, 1619974281.181567, 1619974281.8058338, 1619974282.1849227, 1619974282.8992903, 1619974283.2284663, 1619974283.5782936, 1619974284.1830242, 1619974284.9699016, 1619974285.386688], "episode_lengths": [503, 501, 613, 550, 807, 447, 268, 345, 649, 491, 273, 481, 526, 518, 474, 997, 1024, 485, 390, 261, 273, 532, 456, 502, 503, 645, 546, 255, 482, 489, 733, 412, 696, 492, 344, 596, 759, 686, 500, 532, 736, 478, 492, 295, 574, 258, 273, 480, 626, 325], "episode_rewards": [130.0, 215.0, 210.0, 140.0, 245.0, 135.0, 50.0, 50.0, 305.0, 130.0, 125.0, 110.0, 180.0, 140.0, 85.0, 410.0, 310.0, 145.0, 95.0, 60.0, 100.0, 155.0, 155.0, 215.0, 160.0, 325.0, 160.0, 35.0, 140.0, 140.0, 215.0, 205.0, 225.0, 105.0, 65.0, 140.0, 265.0, 200.0, 180.0, 155.0, 390.0, 190.0, 140.0, 65.0, 250.0, 65.0, 80.0, 95.0, 335.0, 20.0], "episode_types": ["t", "t", "t", "t", "t", "t", "t", "t", "t", "t", "t", "t", "t", "t", "t", "t", "t", "t", "t", "t", "t", "t", "t", "t", "t", "t", "t", "t", "t", "t", "t", "t", "t", "t", "t", "t", "t", "t", "t", "t", "t", "t", "t", "t", "t", "t", "t", "t", "t", "t", "t"]}