{"initial_reset_timestamp": 1619978079.1800203, "timestamps": [1619978080.7401237, 1619978082.2366688, 1619978082.9799435, 1619978083.6662464, 1619978084.2424266, 1619978085.1058025, 1619978085.558651, 1619978086.5881808, 1619978087.9531176, 1619978088.801952, 1619978089.8490858, 1619978090.5747633, 1619978091.157127, 1619978091.9140818, 1619978092.490667, 1619978092.844491, 1619978093.7335474, 1619978094.3235216, 1619978095.1033947, 1619978096.0228076, 1619978096.8226244, 1619978097.548533, 1619978098.3816624, 1619978099.1603005, 1619978099.7350066, 1619978100.5473108, 1619978101.397358, 1619978103.303493, 1619978104.3135736, 1619978104.9433122, 1619978105.8021717, 1619978106.5838249, 1619978107.2131462, 1619978108.0183985, 1619978108.8638802, 1619978109.4633203, 1619978110.1791048, 1619978111.1002996, 1619978111.852982, 1619978112.3156323, 1619978112.9525573, 1619978113.6017234, 1619978114.4005475, 1619978115.0340319, 1619978115.623494, 1619978116.256085, 1619978117.074987, 1619978117.7388525, 1619978119.0435894, 1619978119.8103027], "episode_lengths": [511, 465, 604, 565, 474, 725, 370, 870, 361, 702, 881, 597, 477, 622, 474, 287, 748, 490, 651, 770, 669, 604, 698, 648, 472, 672, 713, 795, 833, 519, 713, 646, 512, 669, 712, 493, 593, 776, 628, 379, 523, 537, 665, 523, 487, 527, 676, 550, 1107, 647], "episode_rewards": [215.0, 135.0, 405.0, 260.0, 150.0, 350.0, 60.0, 295.0, 95.0, 275.0, 585.0, 235.0, 155.0, 225.0, 170.0, 70.0, 320.0, 225.0, 280.0, 405.0, 475.0, 230.0, 405.0, 240.0, 180.0, 220.0, 335.0, 320.0, 280.0, 110.0, 500.0, 235.0, 215.0, 255.0, 350.0, 170.0, 265.0, 390.0, 300.0, 65.0, 140.0, 185.0, 285.0, 195.0, 165.0, 185.0, 315.0, 150.0, 380.0, 265.0], "episode_types": ["t", "t", "t", "t", "t", "t", "t", "t", "t", "t", "t", "t", "t", "t", "t", "t", "t", "t", "t", "t", "t", "t", "t", "t", "t", "t", "t", "t", "t", "t", "t", "t", "t", "t", "t", "t", "t", "t", "t", "t", "t", "t", "t", "t", "t", "t", "t", "t", "t", "t", "t"]}