{"initial_reset_timestamp": 1619973925.404482, "timestamps": [1619973927.7076788, 1619973929.7553957, 1619973930.7235398, 1619973931.530126, 1619973932.437247, 1619973933.2402854, 1619973934.0088804, 1619973935.4685938, 1619973937.6733932, 1619973938.4793003, 1619973939.2914584, 1619973940.3100128, 1619973941.217627, 1619973942.2257943, 1619973943.1661751, 1619973943.5368555, 1619973944.2801757, 1619973945.0758958, 1619973946.0619977, 1619973946.8292584, 1619973947.626262, 1619973948.9449465, 1619973949.8608856, 1619973950.666309, 1619973951.6689296, 1619973952.6794207, 1619973953.615064, 1619973955.6402624, 1619973956.6674697, 1619973957.6114905, 1619973958.3739388, 1619973958.9676948, 1619973959.9744494, 1619973960.8834217, 1619973961.884692, 1619973962.6576905, 1619973963.5496523, 1619973964.4762185, 1619973965.2925127, 1619973966.0261297, 1619973967.01962, 1619973967.9485452, 1619973968.681175, 1619973969.9866333, 1619973970.7721503, 1619973971.500956, 1619973972.3077435, 1619973973.041066, 1619973973.85676, 1619973974.6373143], "episode_lengths": [824, 614, 762, 654, 727, 639, 615, 1207, 760, 623, 653, 821, 734, 821, 762, 292, 596, 641, 821, 626, 650, 1085, 734, 654, 821, 821, 762, 599, 815, 769, 613, 478, 822, 734, 821, 620, 736, 763, 660, 601, 821, 762, 596, 1088, 636, 596, 654, 599, 661, 628], "episode_rewards": [295.0, 135.0, 260.0, 155.0, 270.0, 155.0, 135.0, 355.0, 260.0, 155.0, 155.0, 315.0, 270.0, 315.0, 260.0, 30.0, 160.0, 155.0, 315.0, 155.0, 135.0, 520.0, 270.0, 185.0, 315.0, 315.0, 260.0, 135.0, 320.0, 265.0, 155.0, 105.0, 320.0, 270.0, 315.0, 155.0, 260.0, 265.0, 355.0, 155.0, 315.0, 260.0, 135.0, 375.0, 155.0, 135.0, 185.0, 135.0, 180.0, 155.0], "episode_types": ["t", "t", "t", "t", "t", "t", "t", "t", "t", "t", "t", "t", "t", "t", "t", "t", "t", "t", "t", "t", "t", "t", "t", "t", "t", "t", "t", "t", "t", "t", "t", "t", "t", "t", "t", "t", "t", "t", "t", "t", "t", "t", "t", "t", "t", "t", "t", "t", "t", "t", "t"]}