{"initial_reset_timestamp": 1619971471.3904886, "timestamps": [1619971472.434772, 1619971473.2566113, 1619971473.749815, 1619971474.402358, 1619971475.2007828, 1619971475.7334757, 1619971476.7332315, 1619971477.3835907, 1619971478.5491886, 1619971478.9666107, 1619971479.626456, 1619971480.1134014, 1619971480.6851304, 1619971481.2878785, 1619971482.171035, 1619971482.792941, 1619971483.3338943, 1619971484.565455, 1619971485.4827547, 1619971486.760211, 1619971487.9183493, 1619971488.9048247, 1619971489.6364567, 1619971489.9785798, 1619971491.3211389, 1619971492.4582, 1619971493.1778386, 1619971494.1528633, 1619971494.78134, 1619971495.5105257, 1619971495.846361, 1619971496.700746, 1619971497.5661805, 1619971498.1818771, 1619971498.9457982, 1619971499.870662, 1619971500.2013822, 1619971500.64859, 1619971501.7615414, 1619971502.6517305, 1619971503.259956, 1619971503.7238214, 1619971504.3533998, 1619971504.9504395, 1619971505.8088446, 1619971506.4460828, 1619971506.768357, 1619971507.097081, 1619971508.1792471, 1619971508.7615778], "episode_lengths": [627, 437, 378, 521, 644, 426, 812, 525, 505, 273, 474, 405, 468, 506, 753, 511, 445, 1036, 765, 1074, 965, 833, 618, 277, 1125, 956, 591, 598, 495, 601, 273, 705, 727, 505, 626, 775, 269, 367, 925, 743, 494, 380, 511, 487, 710, 536, 267, 268, 897, 473], "episode_rewards": [215.0, 235.0, 185.0, 105.0, 230.0, 160.0, 550.0, 140.0, 150.0, 55.0, 210.0, 115.0, 160.0, 230.0, 290.0, 130.0, 210.0, 315.0, 435.0, 220.0, 775.0, 395.0, 425.0, 120.0, 545.0, 365.0, 255.0, 180.0, 160.0, 195.0, 100.0, 415.0, 315.0, 210.0, 215.0, 255.0, 45.0, 165.0, 275.0, 255.0, 140.0, 160.0, 185.0, 100.0, 230.0, 180.0, 50.0, 50.0, 300.0, 135.0], "episode_types": ["t", "t", "t", "t", "t", "t", "t", "t", "t", "t", "t", "t", "t", "t", "t", "t", "t", "t", "t", "t", "t", "t", "t", "t", "t", "t", "t", "t", "t", "t", "t", "t", "t", "t", "t", "t", "t", "t", "t", "t", "t", "t", "t", "t", "t", "t", "t", "t", "t", "t", "t"]}