{"initial_reset_timestamp": 1619982725.1934476, "timestamps": [1619982726.7830253, 1619982728.2444234, 1619982729.2388628, 1619982730.376201, 1619982731.5585172, 1619982732.731655, 1619982734.0204525, 1619982735.1753218, 1619982736.7683432, 1619982737.9752345, 1619982739.1380005, 1619982740.3011577, 1619982741.4639823, 1619982742.6384733, 1619982743.6132805, 1619982744.7535582, 1619982745.9199867, 1619982746.9635665, 1619982748.1106796, 1619982749.1344197, 1619982750.1748588, 1619982751.3299425, 1619982751.8413055, 1619982753.0189579, 1619982754.2010798, 1619982755.3861165, 1619982756.546064, 1619982758.1078155, 1619982759.3048823, 1619982760.4816728, 1619982761.7841322, 1619982762.9601085, 1619982764.1406014, 1619982765.360784, 1619982766.4222128, 1619982767.598419, 1619982768.6328852, 1619982769.8393219, 1619982771.0144353, 1619982771.542159, 1619982772.7401302, 1619982773.9296257, 1619982775.2600744, 1619982776.2944853, 1619982777.2992897, 1619982778.5021617, 1619982779.7031035, 1619982780.8865674, 1619982782.0870078, 1619982783.2882953], "episode_lengths": [736, 647, 617, 736, 736, 738, 807, 724, 736, 738, 738, 737, 736, 737, 615, 727, 736, 663, 736, 644, 657, 738, 319, 736, 736, 736, 724, 724, 736, 736, 815, 736, 736, 759, 662, 738, 640, 736, 724, 319, 738, 728, 816, 636, 613, 738, 736, 724, 738, 738], "episode_rewards": [270.0, 410.0, 210.0, 270.0, 270.0, 270.0, 335.0, 285.0, 270.0, 270.0, 270.0, 270.0, 270.0, 270.0, 210.0, 290.0, 270.0, 180.0, 270.0, 210.0, 180.0, 270.0, 110.0, 270.0, 270.0, 270.0, 285.0, 285.0, 270.0, 270.0, 335.0, 270.0, 270.0, 260.0, 180.0, 270.0, 210.0, 270.0, 285.0, 110.0, 270.0, 290.0, 290.0, 210.0, 180.0, 270.0, 270.0, 260.0, 270.0, 270.0], "episode_types": ["t", "t", "t", "t", "t", "t", "t", "t", "t", "t", "t", "t", "t", "t", "t", "t", "t", "t", "t", "t", "t", "t", "t", "t", "t", "t", "t", "t", "t", "t", "t", "t", "t", "t", "t", "t", "t", "t", "t", "t", "t", "t", "t", "t", "t", "t", "t", "t", "t", "t", "t"]}