{"initial_reset_timestamp": 1619975391.6397653, "timestamps": [1619975392.2174902, 1619975393.1629803, 1619975393.5300574, 1619975394.5332372, 1619975395.2752843, 1619975396.154767, 1619975396.5003297, 1619975397.1306958, 1619975398.187442, 1619975398.6887534, 1619975399.3233495, 1619975400.0345979, 1619975400.9240682, 1619975401.8920074, 1619975402.695888, 1619975403.7366674, 1619975404.3110807, 1619975404.6285648, 1619975405.209096, 1619975405.7343256, 1619975406.311156, 1619975406.8877947, 1619975407.2427633, 1619975407.6087255, 1619975408.395848, 1619975409.1952856, 1619975410.2126694, 1619975411.6738605, 1619975412.5779521, 1619975413.0826936, 1619975413.6899147, 1619975414.246241, 1619975415.2747388, 1619975416.0439148, 1619975417.0284812, 1619975418.216633, 1619975419.2856755, 1619975420.0170312, 1619975420.867824, 1619975421.6808903, 1619975422.140442, 1619975422.6947494, 1619975423.2490811, 1619975423.6449833, 1619975424.2045908, 1619975424.7044723, 1619975425.5043573, 1619975426.4207516, 1619975427.5183816, 1619975428.1422782, 1619975428.9022129, 1619975429.5375822, 1619975430.567754, 1619975431.0440016, 1619975431.9033768, 1619975432.967359, 1619975433.3118777, 1619975434.3555932, 1619975435.1949368, 1619975435.6316679, 1619975436.3395238, 1619975436.676891, 1619975437.2858016, 1619975438.054035, 1619975439.0782998, 1619975439.9798672, 1619975440.2753837, 1619975440.5853164, 1619975441.7120621, 1619975442.5096443, 1619975442.8342035, 1619975443.5963793, 1619975444.2602222, 1619975444.917644, 1619975445.2478325, 1619975446.0541878, 1619975446.421649, 1619975447.0496428, 1619975447.6505642, 1619975448.4681003, 1619975449.2371664, 1619975449.692919, 1619975450.394468, 1619975450.995456, 1619975451.8378878, 1619975452.3215363, 1619975452.963864, 1619975453.5413792, 1619975454.4560835, 1619975455.3290133, 1619975455.903043, 1619975456.4269361, 1619975457.6777277, 1619975458.5564072, 1619975459.1978927, 1619975459.7885523, 1619975460.4200208, 1619975461.3875976, 1619975461.7760103, 1619975463.0617123], "episode_lengths": [255, 540, 268, 810, 599, 718, 274, 506, 640, 379, 506, 562, 716, 781, 643, 851, 459, 250, 465, 413, 472, 479, 291, 301, 658, 583, 516, 521, 507, 416, 527, 475, 796, 643, 843, 996, 883, 625, 754, 688, 382, 454, 452, 324, 458, 410, 667, 768, 911, 512, 631, 524, 860, 391, 714, 910, 284, 877, 692, 357, 582, 278, 513, 660, 651, 731, 241, 252, 942, 663, 267, 637, 549, 540, 268, 682, 299, 516, 495, 680, 640, 373, 581, 501, 706, 399, 522, 479, 754, 722, 475, 427, 1036, 709, 516, 476, 504, 781, 311, 1048], "episode_rewards": [35.0, 180.0, 30.0, 535.0, 255.0, 355.0, 65.0, 235.0, 125.0, 215.0, 215.0, 140.0, 275.0, 270.0, 210.0, 295.0, 135.0, 40.0, 90.0, 90.0, 130.0, 160.0, 105.0, 110.0, 535.0, 200.0, 185.0, 155.0, 205.0, 65.0, 295.0, 185.0, 290.0, 240.0, 410.0, 425.0, 450.0, 155.0, 390.0, 270.0, 215.0, 120.0, 35.0, 140.0, 110.0, 135.0, 245.0, 300.0, 485.0, 195.0, 215.0, 110.0, 340.0, 160.0, 200.0, 360.0, 55.0, 225.0, 395.0, 215.0, 350.0, 80.0, 180.0, 550.0, 240.0, 220.0, 65.0, 50.0, 295.0, 285.0, 50.0, 240.0, 135.0, 155.0, 50.0, 345.0, 115.0, 185.0, 160.0, 430.0, 230.0, 45.0, 285.0, 185.0, 305.0, 215.0, 215.0, 185.0, 245.0, 240.0, 185.0, 5.0, 245.0, 265.0, 215.0, 205.0, 215.0, 200.0, 70.0, 300.0], "episode_types": ["t", "t", "t", "t", "t", "t", "t", "t", "t", "t", "t", "t", "t", "t", "t", "t", "t", "t", "t", "t", "t", "t", "t", "t", "t", "t", "t", "t", "t", "t", "t", "t", "t", "t", "t", "t", "t", "t", "t", "t", "t", "t", "t", "t", "t", "t", "t", "t", "t", "t", "t", "t", "t", "t", "t", "t", "t", "t", "t", "t", "t", "t", "t", "t", "t", "t", "t", "t", "t", "t", "t", "t", "t", "t", "t", "t", "t", "t", "t", "t", "t", "t", "t", "t", "t", "t", "t", "t", "t", "t", "t", "t", "t", "t", "t", "t", "t", "t", "t", "t", "t"]}