{"initial_reset_timestamp": 1619971146.146924, "timestamps": [1619971147.0309563, 1619971148.1165612, 1619971149.2669735, 1619971149.910041, 1619971150.3635895, 1619971150.8959906, 1619971151.5516346, 1619971152.3428588, 1619971153.203756, 1619971154.4292717, 1619971155.0649915, 1619971155.451062, 1619971156.0793347, 1619971156.6870546, 1619971157.3085752, 1619971157.639194, 1619971158.33171, 1619971158.9676042, 1619971159.6560686, 1619971160.856181, 1619971161.467163, 1619971162.0976043, 1619971162.7519345, 1619971163.5940747, 1619971164.2585719, 1619971165.3463275, 1619971165.9537823, 1619971166.6259022, 1619971167.284735, 1619971167.9335124, 1619971168.595113, 1619971169.7510026, 1619971170.5040839, 1619971171.1482372, 1619971171.9029522, 1619971172.9530997, 1619971174.0168593, 1619971174.3260682, 1619971175.26895, 1619971175.8756993, 1619971177.123549, 1619971177.7178807, 1619971178.5995014, 1619971179.167383, 1619971179.9038262, 1619971180.8225791, 1619971181.4812393, 1619971182.1580563, 1619971182.9456048, 1619971183.8429048], "episode_lengths": [477, 655, 914, 517, 357, 423, 523, 637, 480, 980, 508, 304, 502, 486, 494, 261, 552, 512, 548, 976, 491, 502, 521, 675, 530, 887, 486, 330, 509, 518, 532, 942, 605, 516, 602, 848, 855, 242, 752, 483, 1009, 479, 714, 448, 590, 750, 524, 541, 630, 722], "episode_rewards": [160.0, 285.0, 550.0, 185.0, 45.0, 90.0, 130.0, 245.0, 205.0, 335.0, 185.0, 95.0, 210.0, 215.0, 150.0, 95.0, 160.0, 230.0, 195.0, 775.0, 180.0, 160.0, 180.0, 200.0, 135.0, 490.0, 215.0, 95.0, 210.0, 110.0, 155.0, 405.0, 190.0, 220.0, 230.0, 320.0, 260.0, 50.0, 155.0, 185.0, 485.0, 215.0, 335.0, 110.0, 235.0, 365.0, 130.0, 120.0, 260.0, 290.0], "episode_types": ["t", "t", "t", "t", "t", "t", "t", "t", "t", "t", "t", "t", "t", "t", "t", "t", "t", "t", "t", "t", "t", "t", "t", "t", "t", "t", "t", "t", "t", "t", "t", "t", "t", "t", "t", "t", "t", "t", "t", "t", "t", "t", "t", "t", "t", "t", "t", "t", "t", "t", "t"]}