{"initial_reset_timestamp": 1619983492.1375878, "timestamps": [1619983493.8630955, 1619983495.7086377, 1619983496.6289837, 1619983497.2494178, 1619983497.8419733, 1619983498.5242755, 1619983499.5619495, 1619983500.2139137, 1619983502.2620368, 1619983503.1495748, 1619983503.772252, 1619983504.6103115, 1619983505.2173107, 1619983505.6863203, 1619983506.4573631, 1619983507.1042185, 1619983508.03302, 1619983508.5031672, 1619983509.088045, 1619983510.2724285, 1619983510.9039662, 1619983511.8186326, 1619983512.6854336, 1619983513.6846354, 1619983514.2071471, 1619983515.103973, 1619983515.602878, 1619983517.188196, 1619983517.9638495, 1619983518.87587, 1619983520.0374053, 1619983521.034198, 1619983522.2343876, 1619983523.1225073, 1619983523.5989115, 1619983524.7288425, 1619983525.23017, 1619983525.696522, 1619983526.4406083, 1619983527.2908134, 1619983527.7472312, 1619983528.6186926, 1619983529.4915378, 1619983530.2534084, 1619983530.9175642, 1619983531.9165642, 1619983532.8205185, 1619983533.8943753, 1619983534.797, 1619983535.330542], "episode_lengths": [571, 652, 731, 491, 474, 540, 835, 516, 845, 700, 496, 681, 476, 374, 613, 513, 746, 369, 464, 964, 504, 729, 697, 812, 416, 723, 397, 474, 597, 723, 934, 785, 962, 710, 379, 913, 397, 372, 595, 694, 360, 695, 701, 601, 540, 797, 731, 878, 730, 424], "episode_rewards": [50.0, 110.0, 130.0, 65.0, 70.0, 85.0, 355.0, 85.0, 200.0, 70.0, 115.0, 205.0, 90.0, 35.0, 130.0, 40.0, 205.0, 50.0, 100.0, 230.0, 50.0, 310.0, 105.0, 340.0, 50.0, 105.0, 70.0, 30.0, 90.0, 65.0, 170.0, 105.0, 255.0, 135.0, 75.0, 485.0, 35.0, 60.0, 10.0, 120.0, 35.0, 205.0, 95.0, 75.0, 80.0, 165.0, 170.0, 320.0, 320.0, 20.0], "episode_types": ["t", "t", "t", "t", "t", "t", "t", "t", "t", "t", "t", "t", "t", "t", "t", "t", "t", "t", "t", "t", "t", "t", "t", "t", "t", "t", "t", "t", "t", "t", "t", "t", "t", "t", "t", "t", "t", "t", "t", "t", "t", "t", "t", "t", "t", "t", "t", "t", "t", "t", "t"]}