{"initial_reset_timestamp": 1619984499.5724528, "timestamps": [1619984501.3446484, 1619984503.327667, 1619984504.1743934, 1619984505.0016506, 1619984506.0182116, 1619984506.825906, 1619984507.6107352, 1619984508.684174, 1619984510.7973342, 1619984511.6492972, 1619984512.4184158, 1619984513.7679276, 1619984514.592513, 1619984515.6147401, 1619984516.40144, 1619984517.215094, 1619984518.055849, 1619984519.2340112, 1619984520.1942422, 1619984521.474056, 1619984523.02297, 1619984523.8731368, 1619984524.6939971, 1619984525.3175616, 1619984526.1151006, 1619984526.9109468, 1619984527.8917606, 1619984530.059387, 1619984530.8597274, 1619984531.6779437, 1619984532.8139317, 1619984533.6446254, 1619984534.4443114, 1619984535.4078562, 1619984536.2749193, 1619984537.089929, 1619984537.869208, 1619984538.688495, 1619984539.6746771, 1619984540.4930594, 1619984541.3183074, 1619984542.135629, 1619984543.0709167, 1619984543.8085058, 1619984544.5912037, 1619984545.5538507, 1619984546.3453352, 1619984547.2966526, 1619984548.063441, 1619984548.8162005], "episode_lengths": [501, 619, 497, 497, 618, 483, 475, 656, 703, 500, 463, 818, 496, 614, 476, 494, 509, 718, 583, 778, 952, 515, 496, 377, 482, 479, 594, 746, 468, 496, 696, 498, 481, 586, 526, 495, 473, 496, 596, 495, 501, 492, 597, 472, 505, 626, 504, 618, 495, 487], "episode_rewards": [210.0, 260.0, 180.0, 120.0, 260.0, 210.0, 155.0, 490.0, 460.0, 180.0, 155.0, 230.0, 210.0, 240.0, 210.0, 210.0, 155.0, 310.0, 210.0, 315.0, 820.0, 180.0, 180.0, 155.0, 180.0, 210.0, 265.0, 285.0, 180.0, 180.0, 320.0, 180.0, 180.0, 240.0, 180.0, 180.0, 210.0, 210.0, 240.0, 210.0, 180.0, 180.0, 245.0, 210.0, 155.0, 270.0, 180.0, 285.0, 180.0, 180.0], "episode_types": ["t", "t", "t", "t", "t", "t", "t", "t", "t", "t", "t", "t", "t", "t", "t", "t", "t", "t", "t", "t", "t", "t", "t", "t", "t", "t", "t", "t", "t", "t", "t", "t", "t", "t", "t", "t", "t", "t", "t", "t", "t", "t", "t", "t", "t", "t", "t", "t", "t", "t", "t"]}