{"initial_reset_timestamp": 1619983185.6209917, "timestamps": [1619983187.4056911, 1619983188.986947, 1619983189.9661548, 1619983190.3367155, 1619983190.7006593, 1619983191.6212614, 1619983192.2314463, 1619983193.1850374, 1619983194.8344758, 1619983195.6974049, 1619983196.5096884, 1619983197.5810025, 1619983198.166473, 1619983198.7474818, 1619983199.355262, 1619983199.720177, 1619983200.3005815, 1619983201.4981275, 1619983202.2087977, 1619983203.0020113, 1619983203.5868235, 1619983204.1394103, 1619983204.9778888, 1619983205.568715, 1619983206.1358094, 1619983206.8680425, 1619983207.2346315, 1619983209.0160198, 1619983209.4308052, 1619983210.2796805, 1619983210.874336, 1619983211.6327531, 1619983212.2829523, 1619983212.8979712, 1619983213.731912, 1619983214.5768065, 1619983215.203086, 1619983216.0892959, 1619983216.5482495, 1619983217.3943257, 1619983217.871161, 1619983218.234717, 1619983219.1896176, 1619983220.0750396, 1619983220.4400783, 1619983220.7829883, 1619983221.7782238, 1619983222.627347, 1619983222.9744933, 1619983223.3293307], "episode_lengths": [692, 516, 795, 300, 300, 763, 505, 808, 592, 695, 677, 904, 486, 477, 505, 300, 479, 1020, 596, 686, 508, 471, 709, 492, 464, 608, 300, 697, 328, 709, 485, 633, 536, 507, 697, 702, 517, 744, 380, 700, 398, 300, 808, 736, 300, 285, 834, 708, 285, 289], "episode_rewards": [150.0, 90.0, 165.0, 60.0, 60.0, 230.0, 120.0, 300.0, 175.0, 150.0, 210.0, 235.0, 160.0, 55.0, 135.0, 60.0, 145.0, 525.0, 200.0, 165.0, 125.0, 80.0, 225.0, 95.0, 105.0, 225.0, 60.0, 165.0, 50.0, 155.0, 110.0, 230.0, 85.0, 135.0, 200.0, 145.0, 170.0, 255.0, 65.0, 205.0, 130.0, 60.0, 285.0, 115.0, 60.0, 60.0, 270.0, 145.0, 50.0, 75.0], "episode_types": ["t", "t", "t", "t", "t", "t", "t", "t", "t", "t", "t", "t", "t", "t", "t", "t", "t", "t", "t", "t", "t", "t", "t", "t", "t", "t", "t", "t", "t", "t", "t", "t", "t", "t", "t", "t", "t", "t", "t", "t", "t", "t", "t", "t", "t", "t", "t", "t", "t", "t", "t"]}