{"initial_reset_timestamp": 1619974078.6220508, "timestamps": [1619974080.7707129, 1619974082.7114983, 1619974083.8976479, 1619974085.3004825, 1619974086.6223075, 1619974087.4833188, 1619974088.5474296, 1619974089.8315916, 1619974091.645723, 1619974092.962, 1619974093.9051425, 1619974094.9756827, 1619974095.7103286, 1619974096.3532422, 1619974096.9813492, 1619974098.010515, 1619974099.288431, 1619974100.6902544, 1619974101.3349416, 1619974102.0071332, 1619974103.0965059, 1619974103.8402033, 1619974105.5063822, 1619974107.0174866, 1619974108.207053, 1619974109.151745, 1619974109.927777, 1619974112.425266, 1619974113.8243637, 1619974115.512513, 1619974116.7903483, 1619974118.0492985, 1619974118.6601346, 1619974119.6654723, 1619974120.6450226, 1619974121.290088, 1619974122.0717063, 1619974123.478676, 1619974124.7809496, 1619974126.9361706, 1619974127.5445485, 1619974128.941165, 1619974130.3001761, 1619974131.2315779, 1619974132.0485487, 1619974132.8436236, 1619974134.3183103, 1619974135.6097162, 1619974136.5469935, 1619974137.8667626], "episode_lengths": [590, 460, 758, 915, 863, 557, 692, 840, 388, 835, 611, 696, 478, 415, 406, 671, 834, 916, 416, 435, 708, 480, 1095, 981, 777, 614, 503, 807, 897, 1101, 830, 820, 393, 653, 634, 417, 504, 917, 837, 1411, 394, 912, 884, 602, 528, 517, 962, 839, 606, 855], "episode_rewards": [265.0, 235.0, 240.0, 485.0, 420.0, 235.0, 205.0, 460.0, 95.0, 340.0, 220.0, 310.0, 265.0, 180.0, 235.0, 345.0, 640.0, 525.0, 160.0, 160.0, 165.0, 235.0, 355.0, 240.0, 505.0, 245.0, 180.0, 195.0, 270.0, 505.0, 260.0, 535.0, 240.0, 305.0, 255.0, 190.0, 80.0, 290.0, 250.0, 870.0, 195.0, 230.0, 255.0, 225.0, 160.0, 280.0, 540.0, 215.0, 230.0, 265.0], "episode_types": ["t", "t", "t", "t", "t", "t", "t", "t", "t", "t", "t", "t", "t", "t", "t", "t", "t", "t", "t", "t", "t", "t", "t", "t", "t", "t", "t", "t", "t", "t", "t", "t", "t", "t", "t", "t", "t", "t", "t", "t", "t", "t", "t", "t", "t", "t", "t", "t", "t", "t", "t"]}