{"initial_reset_timestamp": 1619971906.4831018, "timestamps": [1619971908.487907, 1619971911.1776137, 1619971911.958418, 1619971913.4769657, 1619971914.3282692, 1619971916.2171814, 1619971917.1122103, 1619971918.1370232, 1619971920.0939221, 1619971921.9983368, 1619971922.8972416, 1619971924.3097088, 1619971925.057083, 1619971925.8575203, 1619971926.8060038, 1619971927.77228, 1619971929.3730896, 1619971930.2581518, 1619971931.7024908, 1619971932.587691, 1619971933.454923, 1619971934.3892553, 1619971935.274873, 1619971936.0195794, 1619971937.5134592, 1619971938.9458632, 1619971939.8121157, 1619971941.8284628, 1619971943.7575917, 1619971945.250422, 1619971946.6558156, 1619971947.4348774, 1619971948.37566, 1619971949.398838, 1619971950.18189, 1619971951.016448, 1619971952.0222988, 1619971953.6244872, 1619971954.6514814, 1619971955.6012752, 1619971956.5733669, 1619971957.4997036, 1619971958.938616, 1619971960.3771527, 1619971961.2931554, 1619971962.1699398, 1619971963.8034139, 1619971964.7572234, 1619971965.6593645, 1619971967.1334944], "episode_lengths": [484, 903, 487, 987, 550, 1227, 580, 663, 473, 1219, 581, 914, 482, 517, 610, 623, 1039, 571, 938, 570, 560, 599, 570, 478, 974, 935, 563, 474, 1236, 960, 909, 502, 607, 661, 504, 538, 651, 1041, 663, 613, 628, 598, 936, 931, 592, 565, 1063, 613, 582, 958], "episode_rewards": [105.0, 165.0, 105.0, 420.0, 105.0, 385.0, 110.0, 195.0, 105.0, 195.0, 120.0, 160.0, 105.0, 105.0, 110.0, 110.0, 425.0, 120.0, 195.0, 105.0, 120.0, 125.0, 105.0, 105.0, 225.0, 210.0, 105.0, 105.0, 460.0, 210.0, 210.0, 105.0, 130.0, 135.0, 105.0, 75.0, 160.0, 215.0, 200.0, 110.0, 185.0, 105.0, 145.0, 160.0, 110.0, 105.0, 435.0, 165.0, 125.0, 430.0], "episode_types": ["t", "t", "t", "t", "t", "t", "t", "t", "t", "t", "t", "t", "t", "t", "t", "t", "t", "t", "t", "t", "t", "t", "t", "t", "t", "t", "t", "t", "t", "t", "t", "t", "t", "t", "t", "t", "t", "t", "t", "t", "t", "t", "t", "t", "t", "t", "t", "t", "t", "t", "t"]}