{"initial_reset_timestamp": 1619981807.038429, "timestamps": [1619981809.3250015, 1619981811.2998426, 1619981812.045728, 1619981812.523399, 1619981813.9133475, 1619981814.906181, 1619981815.894712, 1619981816.8520103, 1619981818.8162038, 1619981819.6576276, 1619981820.5107133, 1619981821.267802, 1619981822.2342024, 1619981823.133459, 1619981824.1931853, 1619981824.9202254, 1619981825.8340473, 1619981826.556145, 1619981827.6671557, 1619981828.670151, 1619981829.4171765, 1619981830.1455264, 1619981831.0905783, 1619981831.5746698, 1619981832.5177898, 1619981833.4179323, 1619981834.5491612, 1619981836.2419436, 1619981837.035868, 1619981837.9836836, 1619981838.9457135, 1619981839.8744726, 1619981841.0170765, 1619981841.7401078, 1619981842.7024715, 1619981843.446144, 1619981844.4976552, 1619981845.2609031, 1619981846.0245194, 1619981846.9790971, 1619981847.7876997, 1619981848.7667518, 1619981849.7543974, 1619981850.5190525, 1619981851.2613256, 1619981851.875741, 1619981852.6508543, 1619981853.611306, 1619981854.370267, 1619981855.2971497], "episode_lengths": [618, 428, 441, 291, 861, 613, 613, 593, 437, 508, 528, 473, 605, 561, 662, 451, 570, 454, 694, 620, 463, 456, 592, 301, 590, 564, 688, 279, 471, 581, 591, 568, 704, 443, 591, 454, 647, 464, 470, 592, 498, 604, 610, 473, 458, 376, 476, 590, 471, 570], "episode_rewards": [380.0, 85.0, 105.0, 30.0, 155.0, 210.0, 175.0, 210.0, 60.0, 75.0, 105.0, 105.0, 135.0, 165.0, 210.0, 30.0, 140.0, 75.0, 215.0, 135.0, 70.0, 105.0, 155.0, 30.0, 210.0, 120.0, 210.0, 15.0, 105.0, 135.0, 165.0, 110.0, 215.0, 85.0, 180.0, 215.0, 135.0, 50.0, 50.0, 135.0, 105.0, 380.0, 210.0, 55.0, 50.0, 70.0, 105.0, 115.0, 80.0, 135.0], "episode_types": ["t", "t", "t", "t", "t", "t", "t", "t", "t", "t", "t", "t", "t", "t", "t", "t", "t", "t", "t", "t", "t", "t", "t", "t", "t", "t", "t", "t", "t", "t", "t", "t", "t", "t", "t", "t", "t", "t", "t", "t", "t", "t", "t", "t", "t", "t", "t", "t", "t", "t", "t"]}