{"initial_reset_timestamp": 1619975695.3703406, "timestamps": [1619975696.454534, 1619975697.8575187, 1619975699.0419345, 1619975699.8109217, 1619975700.506885, 1619975701.2766035, 1619975702.0041726, 1619975703.275951, 1619975704.6011584, 1619975705.489363, 1619975706.216449, 1619975707.0922446, 1619975707.841511, 1619975708.5967565, 1619975709.3072593, 1619975710.2309914, 1619975711.3450453, 1619975712.1717405, 1619975712.9134526, 1619975713.7490985, 1619975714.573527, 1619975715.3017826, 1619975716.0132813, 1619975717.3267555, 1619975718.0240855, 1619975718.8858926, 1619975719.816264, 1619975721.371609, 1619975722.1051855, 1619975722.8267562, 1619975723.648722, 1619975724.3725405, 1619975725.4497352, 1619975726.127257, 1619975727.0057197, 1619975727.7366443, 1619975728.4384468, 1619975729.147751, 1619975729.7176943, 1619975730.3929749, 1619975731.1159508, 1619975731.8523378, 1619975732.8782756, 1619975733.6496565, 1619975735.1050527, 1619975736.0797553, 1619975737.2665856, 1619975737.972527, 1619975738.6533675, 1619975739.7679434], "episode_lengths": [616, 863, 973, 639, 584, 649, 618, 1088, 820, 729, 614, 737, 632, 649, 624, 815, 991, 715, 644, 731, 721, 635, 620, 1165, 601, 752, 816, 1052, 617, 625, 716, 630, 946, 584, 767, 638, 608, 616, 494, 587, 628, 636, 753, 578, 1297, 853, 1050, 615, 589, 980], "episode_rewards": [380.0, 300.0, 750.0, 410.0, 135.0, 210.0, 180.0, 585.0, 195.0, 260.0, 180.0, 460.0, 210.0, 210.0, 155.0, 210.0, 245.0, 455.0, 380.0, 270.0, 230.0, 210.0, 210.0, 380.0, 180.0, 240.0, 230.0, 575.0, 210.0, 180.0, 225.0, 210.0, 485.0, 170.0, 260.0, 210.0, 210.0, 140.0, 105.0, 145.0, 210.0, 410.0, 240.0, 135.0, 1020.0, 495.0, 425.0, 210.0, 120.0, 530.0], "episode_types": ["t", "t", "t", "t", "t", "t", "t", "t", "t", "t", "t", "t", "t", "t", "t", "t", "t", "t", "t", "t", "t", "t", "t", "t", "t", "t", "t", "t", "t", "t", "t", "t", "t", "t", "t", "t", "t", "t", "t", "t", "t", "t", "t", "t", "t", "t", "t", "t", "t", "t", "t"]}