{"initial_reset_timestamp": 1619978843.341653, "timestamps": [1619978845.2770267, 1619978847.5403728, 1619978848.607317, 1619978849.657182, 1619978850.49057, 1619978851.258763, 1619978852.2948875, 1619978853.24276, 1619978855.3455493, 1619978856.0528255, 1619978856.7468836, 1619978857.6449544, 1619978858.7424984, 1619978859.8101127, 1619978860.3719344, 1619978861.1220202, 1619978861.629015, 1619978862.4769607, 1619978863.3202565, 1619978864.3729324, 1619978865.068129, 1619978866.180063, 1619978866.8784952, 1619978867.629417, 1619978868.8144982, 1619978869.760153, 1619978870.314346, 1619978872.078506, 1619978872.8738613, 1619978873.6022112, 1619978874.759809, 1619978875.746762, 1619978876.7469647, 1619978877.407503, 1619978878.1536217, 1619978878.9331331, 1619978879.5518413, 1619978880.702678, 1619978881.4543083, 1619978882.3104231, 1619978882.9533923, 1619978883.9375498, 1619978884.8366458, 1619978885.42435, 1619978886.1702056, 1619978887.222291, 1619978887.7011704, 1619978888.1696844, 1619978889.043483, 1619978889.6677413], "episode_lengths": [505, 768, 849, 850, 666, 618, 845, 773, 654, 548, 556, 727, 903, 868, 452, 607, 408, 695, 682, 866, 557, 916, 567, 616, 989, 770, 447, 390, 615, 587, 950, 812, 806, 528, 607, 631, 494, 946, 610, 702, 514, 803, 733, 476, 601, 852, 386, 379, 704, 509], "episode_rewards": [165.0, 255.0, 405.0, 310.0, 160.0, 165.0, 350.0, 245.0, 285.0, 220.0, 205.0, 280.0, 550.0, 465.0, 55.0, 245.0, 200.0, 300.0, 160.0, 405.0, 255.0, 325.0, 245.0, 335.0, 415.0, 210.0, 95.0, 30.0, 210.0, 215.0, 370.0, 405.0, 390.0, 140.0, 270.0, 280.0, 125.0, 395.0, 260.0, 310.0, 140.0, 465.0, 530.0, 170.0, 240.0, 285.0, 110.0, 125.0, 200.0, 155.0], "episode_types": ["t", "t", "t", "t", "t", "t", "t", "t", "t", "t", "t", "t", "t", "t", "t", "t", "t", "t", "t", "t", "t", "t", "t", "t", "t", "t", "t", "t", "t", "t", "t", "t", "t", "t", "t", "t", "t", "t", "t", "t", "t", "t", "t", "t", "t", "t", "t", "t", "t", "t", "t"]}