{"initial_reset_timestamp": 1619977222.2412689, "timestamps": [1619977224.2470627, 1619977226.639331, 1619977227.8521297, 1619977228.8777483, 1619977229.8507862, 1619977231.1277194, 1619977232.1090596, 1619977233.307542, 1619977235.5094643, 1619977236.5823324, 1619977237.5347116, 1619977238.6976337, 1619977239.5293195, 1619977241.199779, 1619977243.21006, 1619977244.17971, 1619977245.3597512, 1619977246.5344803, 1619977247.695924, 1619977248.8487692, 1619977249.993548, 1619977251.1249058, 1619977252.09126, 1619977253.3707113, 1619977254.3594513, 1619977255.3629081, 1619977256.2985654, 1619977258.7486465, 1619977259.6866133, 1619977260.6822379, 1619977261.4601955, 1619977262.767531, 1619977263.7600217, 1619977264.5394077, 1619977265.514195, 1619977266.4556618, 1619977268.2730405, 1619977269.371277, 1619977270.561373, 1619977271.581035, 1619977272.6255558, 1619977273.58001, 1619977275.9286377, 1619977277.4729726, 1619977279.0304813, 1619977280.2181296, 1619977281.1695805, 1619977281.986988, 1619977282.9523573, 1619977283.9086382], "episode_lengths": [505, 744, 766, 638, 607, 805, 613, 753, 602, 654, 594, 735, 521, 1064, 1289, 609, 744, 739, 728, 727, 722, 711, 606, 806, 623, 630, 586, 750, 574, 622, 484, 829, 627, 488, 615, 593, 1167, 695, 754, 643, 659, 602, 1079, 628, 603, 631, 619, 531, 630, 628], "episode_rewards": [305.0, 260.0, 300.0, 180.0, 210.0, 330.0, 210.0, 275.0, 180.0, 410.0, 165.0, 270.0, 105.0, 350.0, 855.0, 210.0, 295.0, 490.0, 260.0, 240.0, 240.0, 235.0, 180.0, 290.0, 180.0, 210.0, 155.0, 260.0, 160.0, 210.0, 105.0, 520.0, 210.0, 355.0, 210.0, 155.0, 685.0, 210.0, 260.0, 210.0, 180.0, 155.0, 420.0, 410.0, 180.0, 210.0, 180.0, 75.0, 210.0, 210.0], "episode_types": ["t", "t", "t", "t", "t", "t", "t", "t", "t", "t", "t", "t", "t", "t", "t", "t", "t", "t", "t", "t", "t", "t", "t", "t", "t", "t", "t", "t", "t", "t", "t", "t", "t", "t", "t", "t", "t", "t", "t", "t", "t", "t", "t", "t", "t", "t", "t", "t", "t", "t", "t"]}