{"initial_reset_timestamp": 1619971310.144798, "timestamps": [1619971311.5556698, 1619971312.144466, 1619971312.8034306, 1619971313.5719957, 1619971314.1471207, 1619971314.7853637, 1619971315.4326441, 1619971316.303527, 1619971317.0058923, 1619971317.6725986, 1619971318.4957514, 1619971319.2058601, 1619971319.9203806, 1619971320.6441624, 1619971321.0007124, 1619971321.6619048, 1619971322.420488, 1619971323.2926297, 1619971323.9825132, 1619971324.397563, 1619971324.9958653, 1619971325.397102, 1619971326.0189736, 1619971326.3580663, 1619971327.076015, 1619971328.111922, 1619971329.0032704, 1619971329.7891965, 1619971330.4374077, 1619971331.055438, 1619971332.4664469, 1619971333.0866826, 1619971333.7162547, 1619971334.3877013, 1619971335.1805701, 1619971335.6081479, 1619971336.1887844, 1619971336.550757, 1619971337.0675685, 1619971337.732702, 1619971338.1183238, 1619971338.7079487, 1619971339.3195777, 1619971340.5122092, 1619971340.9377646, 1619971342.2378454, 1619971343.108268, 1619971343.7547293, 1619971344.4194548, 1619971345.2937844], "episode_lengths": [923, 261, 504, 619, 462, 509, 519, 713, 365, 517, 661, 567, 567, 587, 281, 525, 603, 703, 549, 328, 477, 317, 498, 268, 578, 855, 727, 429, 503, 492, 1157, 498, 508, 538, 645, 342, 463, 289, 413, 536, 304, 472, 493, 982, 338, 1064, 714, 521, 534, 711], "episode_rewards": [510.0, 25.0, 260.0, 280.0, 160.0, 185.0, 185.0, 320.0, 110.0, 210.0, 275.0, 240.0, 425.0, 240.0, 105.0, 95.0, 215.0, 225.0, 165.0, 100.0, 135.0, 110.0, 85.0, 50.0, 195.0, 390.0, 290.0, 30.0, 210.0, 110.0, 285.0, 215.0, 165.0, 110.0, 255.0, 110.0, 115.0, 80.0, 115.0, 185.0, 125.0, 120.0, 180.0, 325.0, 35.0, 320.0, 315.0, 215.0, 85.0, 465.0], "episode_types": ["t", "t", "t", "t", "t", "t", "t", "t", "t", "t", "t", "t", "t", "t", "t", "t", "t", "t", "t", "t", "t", "t", "t", "t", "t", "t", "t", "t", "t", "t", "t", "t", "t", "t", "t", "t", "t", "t", "t", "t", "t", "t", "t", "t", "t", "t", "t", "t", "t", "t", "t"]}