{"initial_reset_timestamp": 1620021286.050605, "timestamps": [1620021288.1813061, 1620021289.6699965, 1620021290.326582, 1620021290.9473355, 1620021291.5734558, 1620021292.1792247, 1620021292.8326519, 1620021293.3679156, 1620021294.8665602, 1620021295.5751505, 1620021296.193507, 1620021296.8243642, 1620021297.4384263, 1620021298.0223236, 1620021298.59283, 1620021299.2082033, 1620021299.8546963, 1620021300.6296382, 1620021301.4279087, 1620021302.0165246, 1620021302.9100893, 1620021303.8052402, 1620021304.4172678, 1620021305.0203092, 1620021305.686369, 1620021306.256456, 1620021306.8474576, 1620021308.5170393, 1620021309.1322367, 1620021309.736851, 1620021310.6489363, 1620021311.2306879, 1620021311.818785, 1620021312.4150672, 1620021313.0061216, 1620021313.6236305, 1620021314.8775887, 1620021315.5444696, 1620021316.3860478, 1620021316.9443939, 1620021317.5926623, 1620021318.4385724, 1620021319.090109, 1620021319.6841087, 1620021320.469203, 1620021321.0305808, 1620021321.7794294, 1620021322.6106586, 1620021323.3141246, 1620021323.9787202], "episode_lengths": [1036, 513, 514, 519, 519, 502, 506, 440, 514, 581, 496, 504, 516, 491, 463, 509, 517, 638, 574, 491, 624, 703, 468, 501, 501, 482, 504, 685, 497, 468, 708, 487, 487, 499, 492, 511, 949, 499, 695, 468, 522, 613, 498, 493, 639, 459, 595, 695, 587, 517], "episode_rewards": [410.0, 75.0, 75.0, 75.0, 105.0, 50.0, 75.0, 15.0, 35.0, 120.0, 75.0, 105.0, 75.0, 55.0, 30.0, 50.0, 75.0, 120.0, 105.0, 55.0, 110.0, 110.0, 50.0, 80.0, 50.0, 75.0, 105.0, 65.0, 75.0, 50.0, 115.0, 105.0, 75.0, 105.0, 105.0, 105.0, 215.0, 50.0, 155.0, 50.0, 50.0, 110.0, 50.0, 30.0, 145.0, 50.0, 135.0, 65.0, 120.0, 105.0], "episode_types": ["t", "t", "t", "t", "t", "t", "t", "t", "t", "t", "t", "t", "t", "t", "t", "t", "t", "t", "t", "t", "t", "t", "t", "t", "t", "t", "t", "t", "t", "t", "t", "t", "t", "t", "t", "t", "t", "t", "t", "t", "t", "t", "t", "t", "t", "t", "t", "t", "t", "t", "t"]}