{"initial_reset_timestamp": 1619968599.6126134, "timestamps": [1619968601.617671, 1619968603.325063, 1619968603.7123864, 1619968604.266519, 1619968604.9929667, 1619968606.0331583, 1619968606.7739606, 1619968607.2667534, 1619968608.9112468, 1619968609.8148348, 1619968610.6627488, 1619968611.4723108, 1619968612.0266936, 1619968612.4967568, 1619968613.3595233, 1619968613.983568, 1619968615.0447419, 1619968616.052718, 1619968616.6964478, 1619968617.7408862, 1619968618.5482178, 1619968619.401729, 1619968619.8708797, 1619968620.480977, 1619968621.159574, 1619968622.7881963, 1619968624.2668126, 1619968625.5403175, 1619968626.76973, 1619968627.3674338, 1619968628.261448, 1619968628.8963473, 1619968629.5526648, 1619968630.226249, 1619968631.4225855, 1619968632.1247807, 1619968633.1932683, 1619968633.7199697, 1619968634.754776, 1619968635.4001381, 1619968635.8689482, 1619968636.509179, 1619968637.315758, 1619968638.1831143, 1619968638.925466, 1619968639.788442, 1619968640.4369295, 1619968640.995802, 1619968641.515077, 1619968642.717037], "episode_lengths": [916, 669, 289, 441, 589, 844, 594, 393, 627, 720, 684, 654, 444, 373, 707, 499, 853, 815, 512, 797, 654, 697, 380, 491, 556, 1204, 1160, 289, 955, 484, 703, 510, 522, 533, 836, 554, 817, 409, 817, 528, 380, 473, 647, 689, 568, 630, 498, 398, 378, 911], "episode_rewards": [265.0, 370.0, 70.0, 130.0, 235.0, 240.0, 445.0, 140.0, 205.0, 370.0, 305.0, 195.0, 120.0, 110.0, 370.0, 140.0, 375.0, 190.0, 155.0, 240.0, 220.0, 355.0, 120.0, 155.0, 290.0, 640.0, 655.0, 70.0, 435.0, 150.0, 170.0, 210.0, 200.0, 175.0, 405.0, 235.0, 200.0, 45.0, 510.0, 265.0, 155.0, 125.0, 295.0, 275.0, 215.0, 325.0, 115.0, 75.0, 145.0, 630.0], "episode_types": ["t", "t", "t", "t", "t", "t", "t", "t", "t", "t", "t", "t", "t", "t", "t", "t", "t", "t", "t", "t", "t", "t", "t", "t", "t", "t", "t", "t", "t", "t", "t", "t", "t", "t", "t", "t", "t", "t", "t", "t", "t", "t", "t", "t", "t", "t", "t", "t", "t", "t", "t"]}