{"initial_reset_timestamp": 1619997217.4381568, "timestamps": [1619997221.040784, 1619997223.5278609, 1619997224.713113, 1619997225.908924, 1619997228.097184, 1619997229.4628937, 1619997231.7621796, 1619997232.9588344, 1619997235.5453334, 1619997238.1942863, 1619997240.549957, 1619997241.7686148, 1619997242.9201427, 1619997244.0917785, 1619997245.3077874, 1619997246.4605732, 1619997247.575544, 1619997248.8275785, 1619997250.9221241, 1619997253.257376, 1619997254.2356994, 1619997256.379409, 1619997257.3835955, 1619997258.5441267, 1619997260.9594169, 1619997263.3014908, 1619997264.2268846, 1619997268.128453, 1619997269.4721615, 1619997271.7740397, 1619997274.2676942, 1619997275.4675345, 1619997276.715275, 1619997279.0010335, 1619997280.4543905, 1619997281.7189913, 1619997282.7242832, 1619997283.881765, 1619997285.0641782, 1619997286.071409, 1619997288.6132157, 1619997291.0111666, 1619997293.4713845, 1619997294.847684, 1619997296.2117107, 1619997297.1349976, 1619997299.4465318, 1619997300.5891285, 1619997302.672751, 1619997304.8724375], "episode_lengths": [1568, 796, 815, 834, 1543, 965, 1626, 839, 875, 1865, 1661, 858, 813, 835, 864, 818, 777, 880, 1482, 1662, 695, 1521, 707, 829, 1714, 1666, 643, 1780, 941, 1637, 1785, 850, 884, 1629, 1032, 895, 704, 816, 836, 711, 1822, 1703, 1741, 973, 967, 654, 1646, 804, 1486, 1550], "episode_rewards": [1300.0, 600.0, 600.0, 605.0, 1130.0, 800.0, 1205.0, 570.0, 740.0, 1230.0, 1360.0, 1000.0, 600.0, 800.0, 800.0, 800.0, 945.0, 570.0, 1350.0, 1145.0, 600.0, 1375.0, 600.0, 600.0, 1155.0, 1230.0, 605.0, 1435.0, 570.0, 1230.0, 1230.0, 600.0, 605.0, 1175.0, 545.0, 600.0, 745.0, 805.0, 600.0, 600.0, 1430.0, 1260.0, 1350.0, 800.0, 600.0, 570.0, 1405.0, 770.0, 1575.0, 1145.0], "episode_types": ["t", "t", "t", "t", "t", "t", "t", "t", "t", "t", "t", "t", "t", "t", "t", "t", "t", "t", "t", "t", "t", "t", "t", "t", "t", "t", "t", "t", "t", "t", "t", "t", "t", "t", "t", "t", "t", "t", "t", "t", "t", "t", "t", "t", "t", "t", "t", "t", "t", "t", "t"]}