{"initial_reset_timestamp": 1619971796.39587, "timestamps": [1619971797.280549, 1619971798.6021483, 1619971799.5955467, 1619971800.992651, 1619971801.8531895, 1619971802.5328815, 1619971803.1436806, 1619971804.3281908, 1619971805.211632, 1619971805.8829296, 1619971807.263616, 1619971807.8844209, 1619971808.695266, 1619971809.68598, 1619971810.31943, 1619971810.9251714, 1619971811.5632493, 1619971811.90149, 1619971812.9536533, 1619971813.5526571, 1619971814.5097067, 1619971815.0667942, 1619971816.1006052, 1619971816.724075, 1619971817.1944656, 1619971818.1773376, 1619971818.5586598, 1619971819.679679, 1619971820.2549796, 1619971820.989224, 1619971821.7213376, 1619971822.2191894, 1619971823.0393386, 1619971824.0786943, 1619971824.6596425, 1619971825.0296783, 1619971825.7066834, 1619971826.07536, 1619971826.4150112, 1619971827.0079095, 1619971828.2520335, 1619971828.9849343, 1619971829.3689737, 1619971830.4276435, 1619971831.30348, 1619971831.786821, 1619971832.4563992, 1619971833.5973074, 1619971834.0970693, 1619971834.9209063], "episode_lengths": [502, 819, 784, 1142, 691, 537, 485, 961, 502, 516, 1121, 497, 657, 806, 510, 484, 507, 266, 858, 482, 777, 440, 841, 495, 372, 801, 300, 676, 443, 593, 585, 391, 658, 836, 459, 292, 540, 291, 268, 478, 1018, 594, 305, 870, 709, 387, 537, 939, 396, 659], "episode_rewards": [230.0, 230.0, 285.0, 430.0, 215.0, 160.0, 130.0, 405.0, 130.0, 185.0, 210.0, 215.0, 245.0, 360.0, 210.0, 155.0, 150.0, 50.0, 290.0, 155.0, 245.0, 110.0, 280.0, 235.0, 115.0, 290.0, 95.0, 145.0, 105.0, 260.0, 340.0, 35.0, 215.0, 490.0, 125.0, 85.0, 150.0, 110.0, 50.0, 200.0, 715.0, 260.0, 110.0, 290.0, 240.0, 165.0, 135.0, 575.0, 70.0, 360.0], "episode_types": ["t", "t", "t", "t", "t", "t", "t", "t", "t", "t", "t", "t", "t", "t", "t", "t", "t", "t", "t", "t", "t", "t", "t", "t", "t", "t", "t", "t", "t", "t", "t", "t", "t", "t", "t", "t", "t", "t", "t", "t", "t", "t", "t", "t", "t", "t", "t", "t", "t", "t", "t"]}