{"initial_reset_timestamp": 1619972455.2456048, "timestamps": [1619972456.1415207, 1619972457.1114824, 1619972457.468215, 1619972458.068769, 1619972458.8156984, 1619972459.4093292, 1619972460.0178518, 1619972461.110506, 1619972461.7324603, 1619972462.6645286, 1619972463.3016272, 1619972464.1651187, 1619972464.500905, 1619972465.077234, 1619972465.6425629, 1619972466.330548, 1619972467.0240617, 1619972467.6480796, 1619972468.256308, 1619972469.326513, 1619972469.7870996, 1619972470.5215278, 1619972471.4110703, 1619972471.745782, 1619972472.1078987, 1619972472.7460372, 1619972473.3324997, 1619972474.0674918, 1619972475.138412, 1619972476.1971278, 1619972477.2423148, 1619972477.9575806, 1619972478.8341913, 1619972479.2090518, 1619972479.8197825, 1619972480.4571269, 1619972480.783894, 1619972481.646866, 1619972482.748749, 1619972483.6883843, 1619972484.3649747, 1619972484.916638, 1619972485.9609354, 1619972486.575043, 1619972487.0153544, 1619972487.9254076, 1619972488.5443845, 1619972489.1815784, 1619972489.815808, 1619972490.3957343], "episode_lengths": [520, 569, 268, 489, 618, 488, 499, 920, 304, 764, 527, 722, 273, 468, 464, 568, 567, 512, 500, 887, 378, 609, 738, 273, 292, 523, 481, 384, 876, 894, 870, 583, 711, 302, 495, 514, 263, 698, 910, 770, 548, 439, 861, 496, 353, 745, 502, 515, 510, 471], "episode_rewards": [195.0, 155.0, 50.0, 215.0, 290.0, 130.0, 210.0, 490.0, 120.0, 400.0, 130.0, 260.0, 65.0, 110.0, 160.0, 270.0, 200.0, 130.0, 155.0, 250.0, 180.0, 265.0, 235.0, 100.0, 65.0, 130.0, 140.0, 215.0, 290.0, 300.0, 325.0, 255.0, 240.0, 95.0, 160.0, 215.0, 70.0, 175.0, 560.0, 540.0, 170.0, 135.0, 320.0, 130.0, 90.0, 335.0, 215.0, 225.0, 140.0, 230.0], "episode_types": ["t", "t", "t", "t", "t", "t", "t", "t", "t", "t", "t", "t", "t", "t", "t", "t", "t", "t", "t", "t", "t", "t", "t", "t", "t", "t", "t", "t", "t", "t", "t", "t", "t", "t", "t", "t", "t", "t", "t", "t", "t", "t", "t", "t", "t", "t", "t", "t", "t", "t", "t"]}