{"initial_reset_timestamp": 1619990456.8663943, "timestamps": [1619990458.2478623, 1619990460.1726964, 1619990460.7955484, 1619990461.3584266, 1619990462.0722046, 1619990462.7499187, 1619990463.568039, 1619990464.1139057, 1619990465.3832157, 1619990465.9603198, 1619990466.631433, 1619990467.7439446, 1619990468.1994772, 1619990468.984229, 1619990469.2920434, 1619990470.1987236, 1619990470.6351633, 1619990471.2455318, 1619990472.3646026, 1619990472.9588172, 1619990473.5494745, 1619990474.139381, 1619990474.9489777, 1619990475.382788, 1619990475.9862075, 1619990476.389185, 1619990476.777611, 1619990478.799001, 1619990479.6162655, 1619990480.6632404, 1619990481.1147208, 1619990481.9429305, 1619990482.366202, 1619990483.2386918, 1619990483.7907314, 1619990484.4646208, 1619990485.255172, 1619990485.7790573, 1619990486.3574827, 1619990487.162346, 1619990487.7999985, 1619990488.2512999, 1619990489.4017153, 1619990489.9828026, 1619990490.7378175, 1619990491.5314376, 1619990492.2459075, 1619990493.028337, 1619990493.409149, 1619990493.841446, 1619990494.7907789, 1619990495.7992227, 1619990496.2377036, 1619990496.7795386, 1619990497.336319, 1619990498.126341, 1619990498.655757, 1619990499.3858445, 1619990499.8035405, 1619990500.5904515, 1619990501.2100425, 1619990501.794911, 1619990502.4736757, 1619990503.057038, 1619990504.5429888, 1619990505.127356, 1619990505.9357374, 1619990506.4972713, 1619990506.914831, 1619990507.3594122, 1619990507.8023782, 1619990508.6362398, 1619990509.9219866, 1619990510.7082639, 1619990511.2825572, 1619990512.0778925, 1619990512.5103245, 1619990513.1342256, 1619990513.717296, 1619990514.2714424, 1619990514.9803557, 1619990515.5305874, 1619990516.2371528, 1619990516.8149683, 1619990517.4166837, 1619990518.4286578, 1619990518.8731792, 1619990519.4196815, 1619990519.9908416, 1619990520.9027297, 1619990521.4249058, 1619990521.9884965, 1619990522.781006, 1619990523.3659558, 1619990523.9046843, 1619990524.4849336, 1619990525.4248116, 1619990525.7499235, 1619990526.5947673, 1619990527.2704973], "episode_lengths": [387, 817, 514, 485, 617, 592, 723, 474, 280, 471, 587, 982, 396, 685, 267, 811, 381, 530, 997, 528, 516, 514, 717, 379, 531, 351, 335, 910, 696, 917, 396, 726, 367, 772, 487, 596, 694, 462, 510, 714, 557, 391, 1030, 504, 666, 703, 633, 690, 333, 379, 845, 881, 380, 477, 492, 696, 465, 643, 364, 698, 535, 518, 600, 511, 452, 483, 701, 491, 364, 386, 385, 724, 1137, 689, 500, 698, 373, 554, 514, 484, 625, 476, 617, 510, 533, 900, 383, 473, 505, 804, 454, 489, 699, 513, 471, 510, 843, 282, 745, 594], "episode_rewards": [40.0, 145.0, 145.0, 130.0, 160.0, 120.0, 280.0, 120.0, 90.0, 25.0, 195.0, 300.0, 120.0, 200.0, 35.0, 275.0, 80.0, 90.0, 620.0, 115.0, 145.0, 115.0, 310.0, 90.0, 135.0, 60.0, 70.0, 280.0, 130.0, 390.0, 70.0, 120.0, 60.0, 255.0, 75.0, 270.0, 160.0, 20.0, 160.0, 225.0, 85.0, 45.0, 340.0, 55.0, 225.0, 130.0, 130.0, 215.0, 25.0, 70.0, 230.0, 195.0, 120.0, 85.0, 90.0, 250.0, 100.0, 145.0, 45.0, 360.0, 135.0, 195.0, 180.0, 155.0, 40.0, 170.0, 110.0, 150.0, 105.0, 70.0, 55.0, 100.0, 390.0, 95.0, 160.0, 170.0, 105.0, 185.0, 180.0, 90.0, 265.0, 95.0, 385.0, 145.0, 110.0, 285.0, 20.0, 85.0, 190.0, 215.0, 65.0, 85.0, 115.0, 110.0, 120.0, 115.0, 340.0, 35.0, 305.0, 225.0], "episode_types": ["t", "t", "t", "t", "t", "t", "t", "t", "t", "t", "t", "t", "t", "t", "t", "t", "t", "t", "t", "t", "t", "t", "t", "t", "t", "t", "t", "t", "t", "t", "t", "t", "t", "t", "t", "t", "t", "t", "t", "t", "t", "t", "t", "t", "t", "t", "t", "t", "t", "t", "t", "t", "t", "t", "t", "t", "t", "t", "t", "t", "t", "t", "t", "t", "t", "t", "t", "t", "t", "t", "t", "t", "t", "t", "t", "t", "t", "t", "t", "t", "t", "t", "t", "t", "t", "t", "t", "t", "t", "t", "t", "t", "t", "t", "t", "t", "t", "t", "t", "t", "t"]}