{"initial_reset_timestamp": 1619979073.5504134, "timestamps": [1619979075.7468178, 1619979078.0102649, 1619979079.0162456, 1619979079.8643272, 1619979080.8518379, 1619979081.7079105, 1619979082.556712, 1619979083.3628287, 1619979085.6629426, 1619979086.6578257, 1619979087.7185946, 1619979088.5823288, 1619979090.2190917, 1619979091.2169144, 1619979092.1937618, 1619979093.1742585, 1619979094.1404388, 1619979094.9778988, 1619979095.797358, 1619979096.8472877, 1619979097.8105292, 1619979098.814873, 1619979099.7848597, 1619979100.599042, 1619979101.4157367, 1619979102.4328473, 1619979103.3854568, 1619979105.4397168, 1619979106.3121822, 1619979107.1654017, 1619979107.9986455, 1619979108.881505, 1619979109.9107783, 1619979110.726834, 1619979111.5347333, 1619979113.161737, 1619979114.1297507, 1619979115.0989993, 1619979116.048935, 1619979117.0138993, 1619979117.8500524, 1619979118.8480694, 1619979119.6786559, 1619979120.4649186, 1619979121.313466, 1619979122.120248, 1619979123.4836926, 1619979124.3172066, 1619979125.3899713, 1619979126.1389863], "episode_lengths": [589, 619, 604, 524, 611, 531, 522, 502, 655, 603, 654, 536, 1026, 625, 604, 609, 600, 520, 507, 655, 597, 624, 605, 507, 509, 638, 595, 504, 507, 509, 507, 536, 640, 507, 504, 1026, 606, 602, 592, 604, 524, 625, 520, 489, 530, 506, 858, 520, 672, 469], "episode_rewards": [110.0, 105.0, 120.0, 50.0, 210.0, 50.0, 50.0, 80.0, 120.0, 140.0, 155.0, 75.0, 135.0, 135.0, 135.0, 135.0, 135.0, 30.0, 50.0, 155.0, 110.0, 150.0, 150.0, 75.0, 105.0, 135.0, 180.0, 105.0, 75.0, 105.0, 50.0, 75.0, 140.0, 50.0, 105.0, 135.0, 120.0, 110.0, 130.0, 105.0, 50.0, 110.0, 50.0, 50.0, 75.0, 30.0, 335.0, 55.0, 40.0, 50.0], "episode_types": ["t", "t", "t", "t", "t", "t", "t", "t", "t", "t", "t", "t", "t", "t", "t", "t", "t", "t", "t", "t", "t", "t", "t", "t", "t", "t", "t", "t", "t", "t", "t", "t", "t", "t", "t", "t", "t", "t", "t", "t", "t", "t", "t", "t", "t", "t", "t", "t", "t", "t", "t"]}