{"initial_reset_timestamp": 1619978978.1305034, "timestamps": [1619978980.392267, 1619978982.6459622, 1619978983.2858555, 1619978984.2419448, 1619978984.8458989, 1619978986.0555196, 1619978986.6562254, 1619978987.8243804, 1619978990.0902185, 1619978991.0887673, 1619978991.9557793, 1619978992.5566885, 1619978993.175965, 1619978993.903597, 1619978994.5103662, 1619978995.1169655, 1619978995.7475462, 1619978996.3689973, 1619978996.9811156, 1619978998.1298318, 1619978998.7168667, 1619978999.33309, 1619978999.9219527, 1619979000.64594, 1619979001.2493303, 1619979001.8632534, 1619979002.435537, 1619979004.0383344, 1619979004.916363, 1619979005.5138955, 1619979006.1218164, 1619979006.9044514, 1619979007.915849, 1619979008.7430863, 1619979009.4718664, 1619979010.04397, 1619979010.6534097, 1619979011.2727816, 1619979011.997897, 1619979012.6124194, 1619979013.3201842, 1619979014.0450618, 1619979015.4343019, 1619979016.0856833, 1619979016.681998, 1619979017.8345752, 1619979019.0192263, 1619979019.6276164, 1619979020.2204678, 1619979020.9422097], "episode_lengths": [1037, 1014, 513, 798, 497, 1014, 498, 970, 1041, 815, 725, 497, 514, 606, 506, 504, 524, 516, 505, 961, 491, 514, 491, 602, 500, 509, 478, 514, 702, 493, 501, 640, 846, 691, 608, 477, 505, 516, 605, 510, 591, 599, 1175, 539, 497, 973, 999, 507, 495, 606], "episode_rewards": [390.0, 390.0, 105.0, 210.0, 65.0, 350.0, 55.0, 340.0, 345.0, 265.0, 160.0, 65.0, 55.0, 150.0, 110.0, 80.0, 105.0, 105.0, 80.0, 205.0, 55.0, 120.0, 55.0, 325.0, 110.0, 80.0, 40.0, 55.0, 135.0, 55.0, 105.0, 210.0, 320.0, 335.0, 110.0, 5.0, 105.0, 105.0, 370.0, 50.0, 300.0, 130.0, 450.0, 50.0, 55.0, 170.0, 150.0, 60.0, 35.0, 125.0], "episode_types": ["t", "t", "t", "t", "t", "t", "t", "t", "t", "t", "t", "t", "t", "t", "t", "t", "t", "t", "t", "t", "t", "t", "t", "t", "t", "t", "t", "t", "t", "t", "t", "t", "t", "t", "t", "t", "t", "t", "t", "t", "t", "t", "t", "t", "t", "t", "t", "t", "t", "t", "t"]}