{"initial_reset_timestamp": 1619994373.153747, "timestamps": [1619994375.7345495, 1619994377.9830577, 1619994380.6990342, 1619994381.9868875, 1619994382.9661584, 1619994384.3074543, 1619994386.9032018, 1619994387.9284174, 1619994390.6014197, 1619994391.991846, 1619994394.6867297, 1619994395.7764652, 1619994397.0606906, 1619994398.3828585, 1619994399.6262667, 1619994401.0342934, 1619994402.248786, 1619994403.437191, 1619994404.6252778, 1619994405.8813162, 1619994407.1376936, 1619994408.414572, 1619994409.6368787, 1619994410.9486141, 1619994413.5158818, 1619994416.6130693, 1619994418.0540483, 1619994420.6611373, 1619994421.694079, 1619994424.187629, 1619994426.3989193, 1619994427.5921886, 1619994428.882252, 1619994429.9756372, 1619994431.0704324, 1619994432.069421, 1619994434.3906202, 1619994435.586697, 1619994437.3484843, 1619994438.7318227, 1619994441.2716901, 1619994442.5658848, 1619994443.5656884, 1619994444.743553, 1619994445.9749427, 1619994447.264381, 1619994448.3272014, 1619994449.6582448, 1619994450.846774, 1619994453.3949559], "episode_lengths": [857, 617, 1871, 895, 676, 937, 1819, 704, 865, 891, 1759, 702, 826, 856, 806, 917, 793, 769, 774, 808, 818, 827, 791, 855, 1665, 2018, 943, 873, 695, 1730, 1525, 830, 894, 757, 760, 692, 1612, 819, 1220, 963, 1769, 904, 686, 822, 859, 898, 731, 930, 821, 1787], "episode_rewards": [570.0, 570.0, 1320.0, 975.0, 600.0, 770.0, 1375.0, 570.0, 600.0, 600.0, 1345.0, 575.0, 540.0, 600.0, 570.0, 600.0, 570.0, 545.0, 600.0, 600.0, 800.0, 570.0, 600.0, 540.0, 1175.0, 1130.0, 570.0, 600.0, 600.0, 1235.0, 1040.0, 600.0, 545.0, 600.0, 600.0, 570.0, 1500.0, 480.0, 810.0, 600.0, 1205.0, 600.0, 545.0, 600.0, 600.0, 600.0, 570.0, 600.0, 600.0, 1430.0], "episode_types": ["t", "t", "t", "t", "t", "t", "t", "t", "t", "t", "t", "t", "t", "t", "t", "t", "t", "t", "t", "t", "t", "t", "t", "t", "t", "t", "t", "t", "t", "t", "t", "t", "t", "t", "t", "t", "t", "t", "t", "t", "t", "t", "t", "t", "t", "t", "t", "t", "t", "t", "t"]}