{"initial_reset_timestamp": 1619994777.6962228, "timestamps": [1619994780.0286205, 1619994783.8387635, 1619994784.8567193, 1619994785.989031, 1619994786.695753, 1619994787.7702086, 1619994789.565827, 1619994790.9062214, 1619994793.4703894, 1619994795.3487918, 1619994796.718922, 1619994799.237736, 1619994800.4356546, 1619994801.302891, 1619994803.683768, 1619994804.7653832, 1619994806.0966787, 1619994808.3191059, 1619994810.4484506, 1619994811.6701903, 1619994813.0469236, 1619994815.0627081, 1619994816.3129723, 1619994817.5613172, 1619994818.8319714, 1619994821.1305823, 1619994821.956836, 1619994825.372382, 1619994826.469942, 1619994827.7612996, 1619994829.195624, 1619994830.465969, 1619994832.9877195, 1619994834.1847472, 1619994835.6436002, 1619994836.941329, 1619994838.0759761, 1619994839.1484876, 1619994841.059843, 1619994842.0836163, 1619994843.3479168, 1619994845.7285054, 1619994847.073299, 1619994848.190611, 1619994849.4559832, 1619994850.5543132, 1619994851.9680696, 1619994854.274148, 1619994855.4761283, 1619994856.8240998], "episode_lengths": [684, 1702, 702, 797, 484, 750, 1249, 936, 858, 1289, 970, 1771, 845, 603, 1675, 766, 933, 1566, 1503, 855, 978, 1409, 885, 878, 899, 1623, 558, 1365, 745, 907, 1011, 904, 1794, 844, 1024, 920, 797, 754, 1331, 719, 890, 1697, 951, 783, 905, 774, 1007, 1626, 845, 954], "episode_rewards": [600.0, 1430.0, 570.0, 600.0, 345.0, 600.0, 1170.0, 760.0, 570.0, 1170.0, 540.0, 1025.0, 800.0, 575.0, 1205.0, 600.0, 735.0, 1125.0, 1405.0, 605.0, 575.0, 1275.0, 600.0, 600.0, 600.0, 1405.0, 410.0, 895.0, 550.0, 605.0, 600.0, 570.0, 1400.0, 570.0, 635.0, 600.0, 545.0, 775.0, 1105.0, 600.0, 600.0, 1205.0, 600.0, 600.0, 600.0, 570.0, 600.0, 1300.0, 605.0, 800.0], "episode_types": ["t", "t", "t", "t", "t", "t", "t", "t", "t", "t", "t", "t", "t", "t", "t", "t", "t", "t", "t", "t", "t", "t", "t", "t", "t", "t", "t", "t", "t", "t", "t", "t", "t", "t", "t", "t", "t", "t", "t", "t", "t", "t", "t", "t", "t", "t", "t", "t", "t", "t", "t"]}