{"initial_reset_timestamp": 1620020401.4829254, "timestamps": [1620020402.5680664, 1620020403.904974, 1620020404.8478506, 1620020405.4372995, 1620020406.1913006, 1620020406.7873101, 1620020407.6639798, 1620020408.4042566, 1620020410.0151687, 1620020410.6047447, 1620020411.6478927, 1620020412.2000804, 1620020413.0480752, 1620020414.1719558, 1620020414.7198594, 1620020415.5915787, 1620020416.2742023, 1620020416.8771815, 1620020417.5625284, 1620020418.5052197, 1620020419.2002804, 1620020419.9673593, 1620020420.7122505, 1620020421.7080789, 1620020422.6716993, 1620020423.3218706, 1620020424.2209368, 1620020425.5234423, 1620020426.6266928, 1620020427.8137617, 1620020428.5266511, 1620020429.5217905, 1620020430.2239957, 1620020430.8018267, 1620020431.3925724, 1620020431.959233, 1620020432.5862818, 1620020433.5680385, 1620020434.4447455, 1620020435.068216, 1620020436.1906135, 1620020436.8078067, 1620020437.8497918, 1620020438.5751932, 1620020439.1235952, 1620020440.2210572, 1620020440.9765763, 1620020441.5469515, 1620020442.2593775, 1620020443.250977], "episode_lengths": [473, 633, 711, 469, 651, 500, 639, 621, 891, 493, 898, 458, 654, 878, 469, 666, 529, 472, 517, 805, 601, 671, 646, 871, 835, 458, 702, 650, 894, 980, 512, 815, 549, 480, 489, 478, 503, 843, 705, 516, 915, 526, 909, 631, 471, 985, 659, 489, 615, 861], "episode_rewards": [190.0, 275.0, 290.0, 190.0, 165.0, 205.0, 225.0, 270.0, 360.0, 185.0, 275.0, 95.0, 245.0, 360.0, 185.0, 165.0, 220.0, 130.0, 225.0, 425.0, 230.0, 350.0, 235.0, 470.0, 425.0, 110.0, 290.0, 320.0, 445.0, 625.0, 135.0, 235.0, 245.0, 150.0, 195.0, 190.0, 185.0, 220.0, 360.0, 165.0, 280.0, 180.0, 290.0, 260.0, 200.0, 650.0, 250.0, 135.0, 305.0, 200.0], "episode_types": ["t", "t", "t", "t", "t", "t", "t", "t", "t", "t", "t", "t", "t", "t", "t", "t", "t", "t", "t", "t", "t", "t", "t", "t", "t", "t", "t", "t", "t", "t", "t", "t", "t", "t", "t", "t", "t", "t", "t", "t", "t", "t", "t", "t", "t", "t", "t", "t", "t", "t", "t"]}