{"initial_reset_timestamp": 1619982007.3944566, "timestamps": [1619982009.2928421, 1619982011.07148, 1619982011.8774252, 1619982013.6205573, 1619982014.33528, 1619982014.8438146, 1619982015.854821, 1619982016.721653, 1619982018.969596, 1619982020.2585125, 1619982021.0382364, 1619982021.6471698, 1619982022.5515473, 1619982023.0384886, 1619982023.665189, 1619982024.772542, 1619982025.94717, 1619982026.465412, 1619982026.9582047, 1619982028.063051, 1619982028.6477697, 1619982029.9636388, 1619982030.4752717, 1619982031.0103939, 1619982031.7592044, 1619982032.665864, 1619982033.6443822, 1619982036.1141448, 1619982036.9104285, 1619982037.8888154, 1619982038.4507926, 1619982039.5972497, 1619982040.4870942, 1619982040.9926794, 1619982041.6018558, 1619982042.2734826, 1619982043.6299677, 1619982044.1809788, 1619982045.1996524, 1619982046.1638508, 1619982046.776019, 1619982047.5376997, 1619982048.5223982, 1619982048.927141, 1619982049.5167081, 1619982050.287876, 1619982051.1003225, 1619982051.6790755, 1619982052.663691, 1619982053.5129], "episode_lengths": [495, 411, 647, 1474, 596, 416, 846, 718, 800, 1051, 632, 486, 729, 396, 505, 899, 950, 416, 392, 905, 481, 1103, 413, 430, 626, 765, 813, 939, 617, 784, 448, 928, 716, 404, 483, 538, 1106, 437, 819, 783, 493, 611, 807, 319, 473, 624, 653, 459, 792, 695], "episode_rewards": [160.0, 175.0, 285.0, 840.0, 265.0, 215.0, 475.0, 510.0, 580.0, 510.0, 465.0, 245.0, 300.0, 210.0, 210.0, 270.0, 330.0, 195.0, 115.0, 295.0, 195.0, 415.0, 220.0, 200.0, 145.0, 285.0, 240.0, 425.0, 320.0, 475.0, 225.0, 220.0, 480.0, 230.0, 200.0, 250.0, 530.0, 215.0, 175.0, 300.0, 240.0, 150.0, 380.0, 165.0, 190.0, 295.0, 320.0, 240.0, 295.0, 285.0], "episode_types": ["t", "t", "t", "t", "t", "t", "t", "t", "t", "t", "t", "t", "t", "t", "t", "t", "t", "t", "t", "t", "t", "t", "t", "t", "t", "t", "t", "t", "t", "t", "t", "t", "t", "t", "t", "t", "t", "t", "t", "t", "t", "t", "t", "t", "t", "t", "t", "t", "t", "t", "t"]}