{"initial_reset_timestamp": 1619995595.8355072, "timestamps": [1619995598.2371805, 1619995600.7935293, 1619995601.9885647, 1619995603.2101336, 1619995604.4498403, 1619995605.6214457, 1619995608.1597362, 1619995609.1956124, 1619995612.797248, 1619995613.8810523, 1619995615.493381, 1619995616.813505, 1619995618.1250763, 1619995619.3468845, 1619995620.5337129, 1619995621.7421963, 1619995623.862861, 1619995624.9172997, 1619995627.395128, 1619995628.684026, 1619995629.9777832, 1619995631.0655332, 1619995632.255185, 1619995633.4927971, 1619995634.6821785, 1619995635.7123766, 1619995636.8990226, 1619995640.7756674, 1619995641.9548824, 1619995644.2315836, 1619995645.2313402, 1619995646.58073, 1619995647.6003723, 1619995648.6726635, 1619995649.8422892, 1619995650.94411, 1619995652.005451, 1619995653.054244, 1619995654.074156, 1619995655.1153803, 1619995656.138462, 1619995657.2053127, 1619995658.5001647, 1619995660.7606711, 1619995662.1047482, 1619995663.520876, 1619995664.6646645, 1619995665.7720299, 1619995666.7738426, 1619995667.7761984], "episode_lengths": [736, 843, 820, 869, 882, 826, 1796, 725, 1561, 752, 1131, 933, 927, 868, 837, 860, 1499, 745, 1759, 906, 915, 765, 840, 876, 835, 726, 845, 1763, 804, 1625, 707, 959, 710, 753, 823, 771, 746, 738, 718, 727, 713, 750, 916, 1598, 953, 1018, 807, 780, 706, 706], "episode_rewards": [540.0, 600.0, 570.0, 600.0, 600.0, 600.0, 1545.0, 540.0, 1290.0, 600.0, 845.0, 600.0, 770.0, 515.0, 1000.0, 510.0, 1085.0, 575.0, 1170.0, 600.0, 600.0, 540.0, 800.0, 570.0, 575.0, 515.0, 600.0, 1180.0, 515.0, 1145.0, 600.0, 600.0, 575.0, 520.0, 570.0, 725.0, 570.0, 570.0, 570.0, 575.0, 545.0, 545.0, 770.0, 1350.0, 600.0, 600.0, 600.0, 600.0, 805.0, 575.0], "episode_types": ["t", "t", "t", "t", "t", "t", "t", "t", "t", "t", "t", "t", "t", "t", "t", "t", "t", "t", "t", "t", "t", "t", "t", "t", "t", "t", "t", "t", "t", "t", "t", "t", "t", "t", "t", "t", "t", "t", "t", "t", "t", "t", "t", "t", "t", "t", "t", "t", "t", "t", "t"]}