{"initial_reset_timestamp": 1619985949.0304515, "timestamps": [1619985950.7788954, 1619985952.23816, 1619985953.0884223, 1619985953.9602513, 1619985954.6022205, 1619985955.3976502, 1619985955.8763733, 1619985956.4736788, 1619985958.1794598, 1619985958.7773974, 1619985959.3533752, 1619985960.0484765, 1619985960.6419237, 1619985961.591188, 1619985962.16017, 1619985962.9093719, 1619985963.8247125, 1619985964.6233249, 1619985965.2326207, 1619985965.9789028, 1619985966.6693585, 1619985967.2476315, 1619985967.8467188, 1619985968.6389387, 1619985969.1194122, 1619985969.6245394, 1619985970.3578732, 1619985972.20198, 1619985972.989923, 1619985973.6965294, 1619985974.3305943, 1619985975.0936139, 1619985975.69561, 1619985976.2596152, 1619985976.7386208, 1619985977.4328237, 1619985978.5386517, 1619985979.019217, 1619985979.5345929, 1619985980.0209072, 1619985980.659932, 1619985981.5252578, 1619985981.9852746, 1619985983.003005, 1619985983.781268, 1619985984.390309, 1619985985.303108, 1619985986.3003578, 1619985987.04406, 1619985987.5329719], "episode_lengths": [637, 390, 691, 733, 533, 677, 395, 499, 615, 492, 495, 591, 492, 814, 475, 632, 775, 668, 510, 630, 580, 475, 498, 688, 400, 423, 615, 718, 635, 594, 528, 644, 499, 469, 398, 579, 945, 399, 430, 400, 543, 741, 381, 871, 663, 500, 750, 806, 593, 397], "episode_rewards": [235.0, 100.0, 260.0, 355.0, 180.0, 420.0, 145.0, 160.0, 480.0, 205.0, 215.0, 210.0, 120.0, 565.0, 110.0, 250.0, 310.0, 350.0, 210.0, 250.0, 185.0, 90.0, 210.0, 405.0, 170.0, 195.0, 185.0, 275.0, 150.0, 260.0, 100.0, 230.0, 190.0, 175.0, 170.0, 275.0, 315.0, 170.0, 120.0, 170.0, 210.0, 290.0, 165.0, 245.0, 275.0, 185.0, 300.0, 400.0, 250.0, 180.0], "episode_types": ["t", "t", "t", "t", "t", "t", "t", "t", "t", "t", "t", "t", "t", "t", "t", "t", "t", "t", "t", "t", "t", "t", "t", "t", "t", "t", "t", "t", "t", "t", "t", "t", "t", "t", "t", "t", "t", "t", "t", "t", "t", "t", "t", "t", "t", "t", "t", "t", "t", "t", "t"]}