{"initial_reset_timestamp": 1619988088.584095, "timestamps": [1619988090.17883, 1619988091.8377006, 1619988092.3874135, 1619988093.4075928, 1619988094.2781796, 1619988094.7596798, 1619988095.7879329, 1619988096.3896768, 1619988097.9880157, 1619988098.646123, 1619988099.5195055, 1619988100.92246, 1619988101.7718832, 1619988102.614993, 1619988103.482867, 1619988104.0929472, 1619988104.9469306, 1619988105.550032, 1619988106.1617932, 1619988107.0132668, 1619988107.8912156, 1619988108.474643, 1619988108.9619374, 1619988109.8410335, 1619988110.4645615, 1619988111.4933, 1619988112.4037724, 1619988114.2762926, 1619988114.9017193, 1619988115.6263456, 1619988116.0795546, 1619988116.5541475, 1619988117.0746462, 1619988117.4384162, 1619988118.4471536, 1619988119.4273067, 1619988120.3286674, 1619988120.876514, 1619988121.4361787, 1619988121.8676884, 1619988122.32981, 1619988123.4714766, 1619988124.2932441, 1619988124.91772, 1619988125.4563332, 1619988126.3913934, 1619988126.9578252, 1619988127.6414955, 1619988128.2335262, 1619988128.8834248], "episode_lengths": [487, 526, 416, 819, 691, 382, 838, 473, 489, 495, 693, 1152, 686, 681, 700, 487, 680, 481, 491, 688, 713, 465, 388, 706, 500, 827, 729, 705, 485, 583, 361, 374, 412, 297, 815, 693, 700, 476, 488, 373, 399, 989, 691, 520, 458, 818, 474, 571, 495, 540], "episode_rewards": [85.0, 65.0, 85.0, 195.0, 135.0, 25.0, 150.0, 155.0, 110.0, 80.0, 90.0, 490.0, 200.0, 230.0, 180.0, 90.0, 230.0, 180.0, 95.0, 50.0, 180.0, 100.0, 10.0, 155.0, 160.0, 175.0, 225.0, 160.0, 110.0, 165.0, 90.0, 40.0, 125.0, 25.0, 170.0, 100.0, 165.0, 115.0, 145.0, 80.0, 75.0, 560.0, 180.0, 320.0, 120.0, 155.0, 125.0, 280.0, 45.0, 145.0], "episode_types": ["t", "t", "t", "t", "t", "t", "t", "t", "t", "t", "t", "t", "t", "t", "t", "t", "t", "t", "t", "t", "t", "t", "t", "t", "t", "t", "t", "t", "t", "t", "t", "t", "t", "t", "t", "t", "t", "t", "t", "t", "t", "t", "t", "t", "t", "t", "t", "t", "t", "t", "t"]}