{"initial_reset_timestamp": 1619973268.3058667, "timestamps": [1619973269.7715523, 1619973270.462368, 1619973271.494707, 1619973272.1021862, 1619973272.8655353, 1619973273.7751498, 1619973274.3759964, 1619973275.248684, 1619973275.8533304, 1619973276.9086175, 1619973277.2769356, 1619973277.9285142, 1619973278.7378478, 1619973279.0839763, 1619973279.4626727, 1619973279.9558842, 1619973280.6006582, 1619973281.7276287, 1619973282.3445566, 1619973283.4758198, 1619973284.2328596, 1619973284.8306918, 1619973285.3399463, 1619973285.7136872, 1619973287.080146, 1619973287.724036, 1619973288.307352, 1619973289.5379066, 1619973290.3034585, 1619973291.3325272, 1619973291.681688, 1619973292.4149837, 1619973293.0558689, 1619973294.1107647, 1619973295.3520331, 1619973296.0807767, 1619973296.9390614, 1619973297.801534, 1619973298.4893186, 1619973299.6466508, 1619973300.2712667, 1619973301.0941427, 1619973301.441514, 1619973301.9310277, 1619973302.6067555, 1619973303.2451634, 1619973303.9057024, 1619973304.538295, 1619973305.155873, 1619973306.1270936], "episode_lengths": [949, 328, 812, 471, 607, 733, 477, 701, 284, 829, 288, 519, 647, 273, 296, 388, 509, 911, 493, 914, 609, 479, 406, 297, 1116, 513, 468, 778, 601, 829, 272, 591, 513, 861, 1014, 588, 687, 693, 551, 945, 498, 666, 273, 387, 543, 512, 530, 506, 493, 801], "episode_rewards": [240.0, 100.0, 345.0, 50.0, 215.0, 390.0, 150.0, 260.0, 50.0, 220.0, 120.0, 215.0, 240.0, 100.0, 95.0, 95.0, 180.0, 565.0, 215.0, 370.0, 365.0, 160.0, 90.0, 95.0, 470.0, 195.0, 190.0, 315.0, 210.0, 225.0, 80.0, 240.0, 185.0, 305.0, 225.0, 160.0, 220.0, 205.0, 120.0, 500.0, 160.0, 265.0, 55.0, 125.0, 160.0, 190.0, 180.0, 215.0, 115.0, 390.0], "episode_types": ["t", "t", "t", "t", "t", "t", "t", "t", "t", "t", "t", "t", "t", "t", "t", "t", "t", "t", "t", "t", "t", "t", "t", "t", "t", "t", "t", "t", "t", "t", "t", "t", "t", "t", "t", "t", "t", "t", "t", "t", "t", "t", "t", "t", "t", "t", "t", "t", "t", "t", "t"]}