{"initial_reset_timestamp": 1619970334.0529013, "timestamps": [1619970334.921853, 1619970335.7994704, 1619970336.4102285, 1619970336.750232, 1619970337.6203065, 1619970337.9979007, 1619970339.210678, 1619970339.8398013, 1619970340.8552027, 1619970341.472427, 1619970341.7998822, 1619970342.1319451, 1619970342.952843, 1619970344.2060564, 1619970344.5124094, 1619970345.0473397, 1619970345.7385478, 1619970346.49978, 1619970347.449772, 1619970347.774854, 1619970348.3877733, 1619970349.2359633, 1619970349.5664015, 1619970350.572851, 1619970350.914545, 1619970351.884289, 1619970352.5278466, 1619970353.9051487, 1619970354.266991, 1619970354.897643, 1619970355.4214034, 1619970355.7716067, 1619970357.1770608, 1619970357.78844, 1619970358.910216, 1619970359.9647462, 1619970360.6235485, 1619970361.1954405, 1619970361.841829, 1619970362.635697, 1619970363.536589, 1619970363.8814588, 1619970364.540021, 1619970365.006875, 1619970365.3461964, 1619970366.1768289, 1619970366.6269505, 1619970367.2547493, 1619970368.3527212, 1619970369.3501954], "episode_lengths": [497, 484, 474, 268, 700, 298, 996, 503, 614, 478, 258, 262, 659, 1028, 242, 424, 557, 612, 772, 254, 488, 681, 259, 814, 268, 784, 516, 912, 266, 506, 413, 273, 1149, 485, 907, 849, 528, 454, 517, 637, 724, 273, 527, 366, 267, 674, 356, 502, 897, 818], "episode_rewards": [210.0, 130.0, 25.0, 50.0, 215.0, 110.0, 460.0, 100.0, 210.0, 185.0, 35.0, 50.0, 215.0, 520.0, 50.0, 125.0, 215.0, 155.0, 290.0, 95.0, 230.0, 235.0, 90.0, 215.0, 30.0, 290.0, 155.0, 560.0, 50.0, 215.0, 20.0, 100.0, 235.0, 130.0, 245.0, 230.0, 155.0, 105.0, 150.0, 255.0, 205.0, 100.0, 185.0, 150.0, 50.0, 315.0, 130.0, 150.0, 515.0, 345.0], "episode_types": ["t", "t", "t", "t", "t", "t", "t", "t", "t", "t", "t", "t", "t", "t", "t", "t", "t", "t", "t", "t", "t", "t", "t", "t", "t", "t", "t", "t", "t", "t", "t", "t", "t", "t", "t", "t", "t", "t", "t", "t", "t", "t", "t", "t", "t", "t", "t", "t", "t", "t", "t"]}