{"initial_reset_timestamp": 1619975711.3882003, "timestamps": [1619975713.3032806, 1619975715.8615487, 1619975716.4741492, 1619975717.7019784, 1619975718.0670097, 1619975718.3875916, 1619975718.7497578, 1619975719.5395002, 1619975721.1698961, 1619975721.7921708, 1619975722.1576471, 1619975723.166751, 1619975723.7592452, 1619975724.7652113, 1619975725.381969, 1619975725.7500374, 1619975726.3534608, 1619975727.608417, 1619975727.9499247, 1619975728.699101, 1619975729.0569103, 1619975729.8363438, 1619975730.1491106, 1619975730.4706163, 1619975730.828845, 1619975731.203252, 1619975731.5608642, 1619975733.1384056, 1619975733.5202851, 1619975733.8806431, 1619975734.6753905, 1619975735.0415692, 1619975735.3546417, 1619975736.1389897, 1619975736.4988134, 1619975737.1096144, 1619975737.6998837, 1619975738.308554, 1619975738.665618, 1619975739.8629277, 1619975740.4763012, 1619975741.073857, 1619975741.4062743, 1619975742.6360066, 1619975743.0083706, 1619975743.3794243, 1619975743.7225652, 1619975744.089569, 1619975744.8276892, 1619975745.1997776], "episode_lengths": [515, 1037, 479, 1015, 294, 259, 294, 648, 304, 481, 294, 826, 479, 819, 499, 294, 491, 1040, 275, 612, 289, 637, 252, 259, 289, 303, 289, 259, 289, 289, 651, 294, 252, 642, 289, 498, 481, 496, 289, 990, 490, 479, 264, 998, 294, 294, 272, 289, 594, 294], "episode_rewards": [85.0, 285.0, 75.0, 515.0, 50.0, 50.0, 65.0, 195.0, 70.0, 105.0, 65.0, 250.0, 110.0, 225.0, 110.0, 65.0, 130.0, 515.0, 50.0, 160.0, 45.0, 210.0, 15.0, 70.0, 35.0, 75.0, 35.0, 50.0, 45.0, 45.0, 190.0, 50.0, 15.0, 190.0, 45.0, 120.0, 110.0, 130.0, 65.0, 350.0, 110.0, 75.0, 80.0, 435.0, 65.0, 65.0, 80.0, 45.0, 155.0, 50.0], "episode_types": ["t", "t", "t", "t", "t", "t", "t", "t", "t", "t", "t", "t", "t", "t", "t", "t", "t", "t", "t", "t", "t", "t", "t", "t", "t", "t", "t", "t", "t", "t", "t", "t", "t", "t", "t", "t", "t", "t", "t", "t", "t", "t", "t", "t", "t", "t", "t", "t", "t", "t", "t"]}