{"initial_reset_timestamp": 1619977687.1860182, "timestamps": [1619977689.4241593, 1619977691.7128618, 1619977692.744465, 1619977693.760756, 1619977695.0485396, 1619977696.78601, 1619977697.8098478, 1619977698.8332298, 1619977701.2460918, 1619977703.020233, 1619977704.2006013, 1619977705.4385724, 1619977706.5941877, 1619977707.5618293, 1619977708.5658917, 1619977709.6313426, 1619977710.597111, 1619977711.7721205, 1619977712.9156525, 1619977713.9081194, 1619977715.2207851, 1619977716.5246952, 1619977717.478501, 1619977718.6901145, 1619977720.4439483, 1619977721.3873012, 1619977722.9305615, 1619977725.37158, 1619977727.1609015, 1619977728.1545658, 1619977729.1550758, 1619977730.725964, 1619977732.4210858, 1619977734.099218, 1619977735.672517, 1619977736.8647501, 1619977737.8663998, 1619977738.8074574, 1619977739.7776487, 1619977741.3473036, 1619977742.358014, 1619977743.312559, 1619977744.2962596, 1619977746.2963727, 1619977747.4159899, 1619977748.565258, 1619977750.3441148, 1619977751.5149858, 1619977752.6655238, 1619977753.6669958], "episode_lengths": [613, 634, 627, 633, 814, 1103, 640, 639, 708, 1097, 737, 776, 721, 604, 626, 666, 602, 728, 713, 618, 822, 814, 594, 759, 1106, 591, 973, 749, 1116, 622, 626, 990, 1074, 1063, 994, 749, 628, 586, 602, 993, 634, 599, 615, 1280, 703, 720, 1138, 737, 722, 626], "episode_rewards": [180.0, 180.0, 180.0, 210.0, 300.0, 365.0, 210.0, 210.0, 215.0, 365.0, 460.0, 265.0, 215.0, 155.0, 180.0, 180.0, 135.0, 440.0, 445.0, 180.0, 225.0, 235.0, 210.0, 515.0, 330.0, 155.0, 315.0, 230.0, 345.0, 210.0, 180.0, 520.0, 390.0, 285.0, 370.0, 255.0, 180.0, 320.0, 180.0, 350.0, 180.0, 155.0, 180.0, 395.0, 245.0, 230.0, 620.0, 215.0, 260.0, 180.0], "episode_types": ["t", "t", "t", "t", "t", "t", "t", "t", "t", "t", "t", "t", "t", "t", "t", "t", "t", "t", "t", "t", "t", "t", "t", "t", "t", "t", "t", "t", "t", "t", "t", "t", "t", "t", "t", "t", "t", "t", "t", "t", "t", "t", "t", "t", "t", "t", "t", "t", "t", "t", "t"]}