{"initial_reset_timestamp": 1619972615.7230077, "timestamps": [1619972616.5995786, 1619972617.7416983, 1619972618.5162315, 1619972619.2504966, 1619972620.1959755, 1619972620.7950537, 1619972621.5370772, 1619972622.1909516, 1619972622.787089, 1619972623.5796783, 1619972624.2143698, 1619972624.550037, 1619972625.3465104, 1619972625.9694238, 1619972626.5877254, 1619972627.4324312, 1619972628.0854244, 1619972628.4081993, 1619972629.1503513, 1619972630.0438037, 1619972630.6749287, 1619972631.436845, 1619972632.01677, 1619972632.6072023, 1619972633.2018251, 1619972633.780842, 1619972634.86229, 1619972635.7420404, 1619972636.4336424, 1619972636.9136572, 1619972637.5427344, 1619972638.3392816, 1619972638.946201, 1619972639.325962, 1619972640.3173764, 1619972641.654351, 1619972642.5335972, 1619972643.4604623, 1619972643.9246151, 1619972644.7077327, 1619972645.780763, 1619972646.3106818, 1619972646.683244, 1619972648.10043, 1619972648.740853, 1619972649.2265978, 1619972649.858879, 1619972650.7325168, 1619972651.3150737, 1619972652.0730586], "episode_lengths": [501, 689, 607, 599, 766, 484, 595, 530, 276, 628, 508, 266, 647, 502, 498, 679, 518, 253, 592, 723, 509, 615, 467, 471, 476, 462, 879, 501, 522, 380, 502, 645, 482, 300, 801, 1071, 698, 751, 365, 624, 870, 419, 292, 1150, 509, 382, 501, 698, 461, 601], "episode_rewards": [160.0, 125.0, 185.0, 225.0, 290.0, 200.0, 185.0, 185.0, 75.0, 220.0, 165.0, 95.0, 225.0, 185.0, 215.0, 215.0, 140.0, 60.0, 185.0, 275.0, 130.0, 170.0, 110.0, 120.0, 75.0, 120.0, 315.0, 100.0, 180.0, 115.0, 155.0, 330.0, 130.0, 120.0, 345.0, 260.0, 285.0, 320.0, 90.0, 240.0, 265.0, 215.0, 100.0, 285.0, 180.0, 130.0, 150.0, 270.0, 150.0, 195.0], "episode_types": ["t", "t", "t", "t", "t", "t", "t", "t", "t", "t", "t", "t", "t", "t", "t", "t", "t", "t", "t", "t", "t", "t", "t", "t", "t", "t", "t", "t", "t", "t", "t", "t", "t", "t", "t", "t", "t", "t", "t", "t", "t", "t", "t", "t", "t", "t", "t", "t", "t", "t", "t"]}