{"initial_reset_timestamp": 1619984087.950549, "timestamps": [1619984090.3829935, 1619984092.5826163, 1619984093.785732, 1619984094.9411058, 1619984096.845768, 1619984097.7843723, 1619984098.787595, 1619984099.990735, 1619984102.158713, 1619984103.174116, 1619984104.1455622, 1619984105.3640006, 1619984106.3078701, 1619984107.3189216, 1619984108.2996752, 1619984109.4533818, 1619984110.5992355, 1619984111.6112502, 1619984112.6509929, 1619984113.6231446, 1619984114.580878, 1619984116.2399168, 1619984117.2008963, 1619984118.3749058, 1619984119.3513484, 1619984120.5192254, 1619984121.5037596, 1619984124.4801433, 1619984126.1281517, 1619984127.2639139, 1619984128.4432745, 1619984129.3522015, 1619984130.6440926, 1619984131.5991254, 1619984132.5986483, 1619984133.5766726, 1619984134.842872, 1619984136.004338, 1619984136.9534354, 1619984137.8884754, 1619984138.8613904, 1619984139.8280058, 1619984140.958607, 1619984141.8763537, 1619984143.023805, 1619984143.9907274, 1619984145.1277056, 1619984146.0739052, 1619984147.2328067, 1619984148.2469072], "episode_lengths": [734, 600, 726, 719, 1200, 583, 619, 749, 602, 609, 598, 754, 589, 635, 617, 720, 723, 635, 650, 619, 610, 1067, 601, 741, 615, 740, 624, 1109, 1042, 717, 748, 569, 818, 604, 628, 614, 804, 736, 595, 589, 611, 608, 717, 578, 727, 607, 720, 597, 736, 640], "episode_rewards": [240.0, 210.0, 260.0, 260.0, 615.0, 345.0, 210.0, 265.0, 180.0, 210.0, 210.0, 260.0, 210.0, 210.0, 210.0, 240.0, 260.0, 210.0, 410.0, 210.0, 210.0, 590.0, 210.0, 240.0, 210.0, 275.0, 210.0, 590.0, 345.0, 260.0, 315.0, 155.0, 310.0, 210.0, 210.0, 355.0, 510.0, 240.0, 155.0, 210.0, 210.0, 380.0, 260.0, 155.0, 240.0, 210.0, 265.0, 210.0, 290.0, 210.0], "episode_types": ["t", "t", "t", "t", "t", "t", "t", "t", "t", "t", "t", "t", "t", "t", "t", "t", "t", "t", "t", "t", "t", "t", "t", "t", "t", "t", "t", "t", "t", "t", "t", "t", "t", "t", "t", "t", "t", "t", "t", "t", "t", "t", "t", "t", "t", "t", "t", "t", "t", "t", "t"]}