{"initial_reset_timestamp": 1619968500.5519805, "timestamps": [1619968501.4273825, 1619968503.2410667, 1619968503.729047, 1619968504.7411084, 1619968505.4708064, 1619968506.6084924, 1619968507.136158, 1619968507.8271112, 1619968508.7290502, 1619968509.3481305, 1619968510.2107444, 1619968511.0709596, 1619968512.474836, 1619968513.553987, 1619968513.8990595, 1619968514.7373188, 1619968515.5086021, 1619968515.8673778, 1619968516.209802, 1619968516.8798752, 1619968517.7409728, 1619968518.5816374, 1619968519.4857955, 1619968520.3005402, 1619968520.6514196, 1619968521.4207838, 1619968522.1365538, 1619968523.2894485, 1619968523.9957962, 1619968524.3789117, 1619968524.8559964, 1619968525.5041978, 1619968526.2383444, 1619968527.170091, 1619968527.8291216, 1619968528.1676502, 1619968529.4583807, 1619968530.0915809, 1619968530.7517087, 1619968531.5121858, 1619968532.5955884, 1619968533.3013484, 1619968534.7158766, 1619968535.0730734, 1619968535.7350152, 1619968536.5166519, 1619968537.3693423, 1619968538.4157934, 1619968539.0049393, 1619968539.6858861], "episode_lengths": [442, 1158, 353, 798, 562, 896, 405, 528, 501, 455, 682, 696, 1102, 865, 268, 674, 610, 281, 273, 516, 676, 655, 711, 646, 273, 621, 576, 693, 544, 299, 379, 510, 583, 744, 523, 262, 1048, 495, 523, 601, 875, 566, 1047, 276, 523, 622, 684, 851, 467, 545], "episode_rewards": [75.0, 285.0, 60.0, 265.0, 265.0, 300.0, 125.0, 125.0, 120.0, 95.0, 135.0, 275.0, 690.0, 345.0, 95.0, 445.0, 185.0, 60.0, 80.0, 185.0, 410.0, 300.0, 235.0, 275.0, 80.0, 335.0, 265.0, 120.0, 160.0, 85.0, 215.0, 235.0, 210.0, 320.0, 210.0, 90.0, 290.0, 130.0, 140.0, 185.0, 305.0, 215.0, 235.0, 85.0, 110.0, 280.0, 260.0, 275.0, 320.0, 260.0], "episode_types": ["t", "t", "t", "t", "t", "t", "t", "t", "t", "t", "t", "t", "t", "t", "t", "t", "t", "t", "t", "t", "t", "t", "t", "t", "t", "t", "t", "t", "t", "t", "t", "t", "t", "t", "t", "t", "t", "t", "t", "t", "t", "t", "t", "t", "t", "t", "t", "t", "t", "t", "t"]}