{"initial_reset_timestamp": 1619981689.236943, "timestamps": [1619981691.9505603, 1619981694.1737497, 1619981694.7979991, 1619981695.5477445, 1619981696.3274772, 1619981697.3614256, 1619981698.2328463, 1619981699.187684, 1619981701.072781, 1619981701.6961029, 1619981702.5646079, 1619981703.4312449, 1619981704.229204, 1619981704.5965235, 1619981705.3853545, 1619981706.4479587, 1619981707.2805882, 1619981708.1250699, 1619981708.7294688, 1619981709.5710719, 1619981710.228137, 1619981711.110895, 1619981711.9756007, 1619981712.78098, 1619981713.4701278, 1619981714.0733116, 1619981714.680156, 1619981716.5564682, 1619981717.1637383, 1619981718.1104875, 1619981718.9530535, 1619981719.5899386, 1619981720.1770182, 1619981720.7646825, 1619981721.8374116, 1619981722.5452104, 1619981723.1556213, 1619981724.1428547, 1619981724.8823044, 1619981725.571633, 1619981726.3288574, 1619981726.8914554, 1619981727.7709837, 1619981728.3733861, 1619981729.046706, 1619981729.806931, 1619981730.935326, 1619981731.5531678, 1619981732.2080085, 1619981732.826884], "episode_lengths": [657, 685, 497, 605, 643, 862, 718, 792, 494, 484, 706, 714, 658, 297, 659, 896, 687, 700, 498, 694, 539, 744, 714, 664, 568, 497, 502, 494, 478, 776, 692, 518, 479, 479, 900, 584, 500, 828, 607, 563, 624, 459, 729, 482, 543, 620, 925, 498, 532, 500], "episode_rewards": [320.0, 265.0, 235.0, 260.0, 265.0, 290.0, 295.0, 520.0, 230.0, 220.0, 120.0, 455.0, 305.0, 155.0, 515.0, 275.0, 390.0, 285.0, 245.0, 220.0, 190.0, 345.0, 240.0, 340.0, 230.0, 210.0, 225.0, 130.0, 265.0, 220.0, 235.0, 180.0, 205.0, 180.0, 550.0, 260.0, 215.0, 295.0, 245.0, 245.0, 380.0, 170.0, 320.0, 140.0, 115.0, 255.0, 225.0, 210.0, 255.0, 170.0], "episode_types": ["t", "t", "t", "t", "t", "t", "t", "t", "t", "t", "t", "t", "t", "t", "t", "t", "t", "t", "t", "t", "t", "t", "t", "t", "t", "t", "t", "t", "t", "t", "t", "t", "t", "t", "t", "t", "t", "t", "t", "t", "t", "t", "t", "t", "t", "t", "t", "t", "t", "t", "t"]}