{"initial_reset_timestamp": 1619977180.706482, "timestamps": [1619977182.055412, 1619977183.6004958, 1619977184.61572, 1619977185.5195594, 1619977186.126365, 1619977187.2744992, 1619977188.3477707, 1619977188.9944289, 1619977190.2854784, 1619977191.4379032, 1619977192.5320082, 1619977193.750176, 1619977194.6269817, 1619977195.6475372, 1619977196.4484575, 1619977196.9182281, 1619977197.9714105, 1619977199.0766056, 1619977199.7223272, 1619977200.5311062, 1619977201.365193, 1619977202.016848, 1619977203.2139606, 1619977204.2475338, 1619977205.0890756, 1619977205.9447737, 1619977206.9155023, 1619977208.507533, 1619977209.4919567, 1619977210.3672607, 1619977211.0792809, 1619977211.944971, 1619977212.8325138, 1619977213.7336693, 1619977214.5745277, 1619977215.6588461, 1619977216.607685, 1619977217.4184709, 1619977218.2883048, 1619977219.1670296, 1619977220.1093404, 1619977221.1708527, 1619977221.7478826, 1619977222.3369775, 1619977223.1520734, 1619977223.8593764, 1619977224.8162417, 1619977225.6198027, 1619977226.6698892, 1619977227.5040345], "episode_lengths": [537, 686, 831, 757, 498, 956, 907, 537, 489, 949, 914, 1029, 724, 853, 663, 384, 877, 927, 538, 671, 694, 530, 1023, 877, 703, 711, 810, 737, 798, 720, 586, 716, 743, 757, 698, 912, 785, 694, 760, 768, 816, 912, 491, 510, 705, 603, 833, 695, 901, 712], "episode_rewards": [80.0, 145.0, 340.0, 285.0, 95.0, 235.0, 330.0, 80.0, 120.0, 350.0, 220.0, 390.0, 200.0, 345.0, 380.0, 125.0, 235.0, 390.0, 155.0, 130.0, 160.0, 125.0, 505.0, 320.0, 285.0, 265.0, 500.0, 305.0, 300.0, 410.0, 195.0, 135.0, 245.0, 280.0, 280.0, 305.0, 165.0, 125.0, 260.0, 230.0, 155.0, 335.0, 140.0, 135.0, 240.0, 190.0, 475.0, 290.0, 505.0, 130.0], "episode_types": ["t", "t", "t", "t", "t", "t", "t", "t", "t", "t", "t", "t", "t", "t", "t", "t", "t", "t", "t", "t", "t", "t", "t", "t", "t", "t", "t", "t", "t", "t", "t", "t", "t", "t", "t", "t", "t", "t", "t", "t", "t", "t", "t", "t", "t", "t", "t", "t", "t", "t", "t"]}