{"initial_reset_timestamp": 1619989323.404744, "timestamps": [1619989324.8584654, 1619989326.3216991, 1619989327.087185, 1619989327.6802156, 1619989328.3392467, 1619989329.2107458, 1619989329.95216, 1619989330.4122887, 1619989331.989449, 1619989332.6259654, 1619989333.452422, 1619989334.3382688, 1619989334.9289305, 1619989335.846311, 1619989336.4726613, 1619989337.0655105, 1619989337.7574592, 1619989338.3753846, 1619989339.4808633, 1619989340.0897136, 1619989340.887391, 1619989341.4080625, 1619989342.1070702, 1619989343.380135, 1619989344.582928, 1619989345.4303584, 1619989346.065169, 1619989347.670725, 1619989348.3323534, 1619989349.1756587, 1619989350.0643027, 1619989350.7026038, 1619989351.3775687, 1619989352.264762, 1619989353.0984445, 1619989353.994453, 1619989354.6502771, 1619989355.2958608, 1619989356.2046037, 1619989357.106594, 1619989357.687898, 1619989358.2581081, 1619989359.0011544, 1619989359.6034067, 1619989360.0924675, 1619989360.8280149, 1619989361.866299, 1619989362.721145, 1619989363.4623954, 1619989363.9326203], "episode_lengths": [380, 361, 584, 475, 524, 708, 607, 372, 470, 485, 662, 720, 472, 734, 495, 472, 561, 497, 907, 487, 645, 413, 559, 1048, 983, 683, 515, 485, 507, 671, 703, 514, 543, 713, 673, 727, 526, 514, 733, 737, 462, 454, 596, 482, 395, 590, 843, 695, 593, 380], "episode_rewards": [75.0, 60.0, 110.0, 65.0, 90.0, 275.0, 180.0, 80.0, 90.0, 75.0, 235.0, 290.0, 75.0, 205.0, 105.0, 100.0, 115.0, 95.0, 355.0, 115.0, 190.0, 90.0, 335.0, 380.0, 280.0, 190.0, 145.0, 135.0, 145.0, 205.0, 185.0, 155.0, 200.0, 295.0, 205.0, 430.0, 140.0, 120.0, 270.0, 235.0, 100.0, 135.0, 185.0, 125.0, 10.0, 145.0, 270.0, 120.0, 95.0, 135.0], "episode_types": ["t", "t", "t", "t", "t", "t", "t", "t", "t", "t", "t", "t", "t", "t", "t", "t", "t", "t", "t", "t", "t", "t", "t", "t", "t", "t", "t", "t", "t", "t", "t", "t", "t", "t", "t", "t", "t", "t", "t", "t", "t", "t", "t", "t", "t", "t", "t", "t", "t", "t", "t"]}