{"initial_reset_timestamp": 1619969752.9632075, "timestamps": [1619969754.346742, 1619969756.5099216, 1619969757.277149, 1619969757.8739076, 1619969758.6036005, 1619969759.211938, 1619969760.181231, 1619969760.9855857, 1619969762.7138538, 1619969763.537912, 1619969764.3222404, 1619969765.1385007, 1619969766.4598303, 1619969767.2128844, 1619969768.1618204, 1619969768.8655348, 1619969769.562148, 1619969770.3627613, 1619969771.325168, 1619969772.8370216, 1619969773.9384453, 1619969774.882367, 1619969775.7146657, 1619969776.333449, 1619969777.2666924, 1619969778.105849, 1619969778.8738852, 1619969780.497075, 1619969781.3195238, 1619969782.4749048, 1619969783.4006898, 1619969784.2272673, 1619969784.9976583, 1619969785.7309735, 1619969786.5152082, 1619969787.3442934, 1619969788.2038567, 1619969789.4885397, 1619969790.0437484, 1619969790.8618858, 1619969791.6784708, 1619969792.6678326, 1619969793.8247948, 1619969795.2186427, 1619969795.9810374, 1619969797.1627202, 1619969797.9647763, 1619969798.8612776, 1619969799.9844513, 1619969800.8066573], "episode_lengths": [282, 737, 467, 373, 455, 379, 607, 501, 511, 512, 507, 530, 861, 478, 609, 452, 446, 513, 622, 981, 694, 594, 525, 389, 588, 530, 483, 422, 501, 728, 583, 520, 481, 464, 495, 523, 540, 811, 346, 518, 513, 622, 724, 881, 478, 738, 499, 559, 704, 515], "episode_rewards": [65.0, 210.0, 80.0, 25.0, 20.0, 10.0, 200.0, 120.0, 95.0, 175.0, 125.0, 115.0, 210.0, 75.0, 130.0, 115.0, 75.0, 125.0, 230.0, 460.0, 195.0, 155.0, 155.0, 45.0, 155.0, 135.0, 70.0, 45.0, 150.0, 90.0, 80.0, 30.0, 65.0, 20.0, 125.0, 165.0, 160.0, 220.0, 35.0, 95.0, 70.0, 150.0, 410.0, 425.0, 85.0, 300.0, 70.0, 70.0, 125.0, 90.0], "episode_types": ["t", "t", "t", "t", "t", "t", "t", "t", "t", "t", "t", "t", "t", "t", "t", "t", "t", "t", "t", "t", "t", "t", "t", "t", "t", "t", "t", "t", "t", "t", "t", "t", "t", "t", "t", "t", "t", "t", "t", "t", "t", "t", "t", "t", "t", "t", "t", "t", "t", "t", "t"]}