{"initial_reset_timestamp": 1619974574.7183611, "timestamps": [1619974575.2933514, 1619974576.5683658, 1619974577.1721485, 1619974577.8964598, 1619974578.2256932, 1619974578.8794632, 1619974579.992363, 1619974580.7453492, 1619974581.5948496, 1619974582.2321668, 1619974582.5939512, 1619974583.229193, 1619974583.8597977, 1619974584.9243624, 1619974585.4249272, 1619974586.1841173, 1619974587.3150535, 1619974587.9358327, 1619974588.241805, 1619974589.0747476, 1619974590.0546358, 1619974591.3592217, 1619974592.3349452, 1619974593.6262615, 1619974594.2372348, 1619974594.9251282, 1619974595.9576564, 1619974597.2610655, 1619974597.9360566, 1619974598.6006467, 1619974599.2483912, 1619974599.88951, 1619974600.531046, 1619974601.2878966, 1619974601.846087, 1619974602.7342002, 1619974603.4555173, 1619974603.9294147, 1619974604.935201, 1619974605.6430485, 1619974606.517141, 1619974607.397558, 1619974607.998748, 1619974608.9835322, 1619974609.5340495, 1619974610.738855, 1619974611.3450162, 1619974612.6166425, 1619974613.2307994, 1619974613.8820148], "episode_lengths": [267, 817, 477, 596, 265, 534, 912, 609, 493, 492, 294, 520, 522, 905, 411, 627, 924, 500, 241, 678, 798, 1084, 794, 1053, 485, 554, 846, 843, 521, 532, 516, 512, 514, 617, 443, 721, 574, 378, 812, 569, 711, 718, 481, 803, 442, 981, 481, 1043, 489, 518], "episode_rewards": [95.0, 310.0, 185.0, 245.0, 50.0, 130.0, 475.0, 170.0, 195.0, 235.0, 125.0, 125.0, 210.0, 365.0, 75.0, 215.0, 225.0, 185.0, 65.0, 230.0, 275.0, 565.0, 270.0, 235.0, 155.0, 235.0, 345.0, 740.0, 215.0, 185.0, 185.0, 180.0, 185.0, 595.0, 30.0, 290.0, 160.0, 180.0, 200.0, 185.0, 300.0, 310.0, 215.0, 275.0, 30.0, 265.0, 120.0, 365.0, 210.0, 160.0], "episode_types": ["t", "t", "t", "t", "t", "t", "t", "t", "t", "t", "t", "t", "t", "t", "t", "t", "t", "t", "t", "t", "t", "t", "t", "t", "t", "t", "t", "t", "t", "t", "t", "t", "t", "t", "t", "t", "t", "t", "t", "t", "t", "t", "t", "t", "t", "t", "t", "t", "t", "t", "t"]}