{"initial_reset_timestamp": 1619984720.6653485, "timestamps": [1619984722.5463483, 1619984723.9906986, 1619984724.4392588, 1619984725.2894669, 1619984726.1789796, 1619984727.0213556, 1619984727.6225958, 1619984728.2692177, 1619984730.146401, 1619984730.6832106, 1619984731.367177, 1619984731.8191297, 1619984732.2885826, 1619984733.388876, 1619984734.0005789, 1619984734.6473536, 1619984735.2930002, 1619984736.1921237, 1619984737.18923, 1619984737.6537118, 1619984738.4642506, 1619984738.9438663, 1619984739.8064892, 1619984740.4390047, 1619984741.0350363, 1619984742.094789, 1619984743.0444746, 1619984745.420525, 1619984746.461439, 1619984747.3210356, 1619984748.2294354, 1619984749.1291049, 1619984750.1018884, 1619984750.8231292, 1619984751.4983547, 1619984752.4548652, 1619984753.4702132, 1619984754.1339078, 1619984755.2309902, 1619984756.0944164, 1619984756.9060469, 1619984757.6210835, 1619984758.1188536, 1619984759.0015428, 1619984759.619253, 1619984760.8192146, 1619984761.4449458, 1619984762.0049129, 1619984762.9631429, 1619984763.5672228], "episode_lengths": [696, 360, 335, 680, 727, 682, 483, 512, 709, 402, 543, 362, 376, 892, 486, 521, 523, 724, 799, 369, 664, 390, 700, 512, 482, 872, 786, 1063, 806, 687, 730, 726, 795, 581, 539, 779, 803, 527, 902, 690, 646, 568, 387, 712, 494, 996, 494, 462, 780, 483], "episode_rewards": [245.0, 70.0, 45.0, 215.0, 330.0, 145.0, 130.0, 255.0, 320.0, 65.0, 175.0, 120.0, 65.0, 215.0, 200.0, 190.0, 215.0, 270.0, 235.0, 90.0, 205.0, 120.0, 145.0, 130.0, 220.0, 340.0, 340.0, 580.0, 275.0, 255.0, 215.0, 310.0, 295.0, 205.0, 200.0, 305.0, 220.0, 90.0, 390.0, 215.0, 300.0, 200.0, 120.0, 295.0, 155.0, 490.0, 155.0, 130.0, 285.0, 185.0], "episode_types": ["t", "t", "t", "t", "t", "t", "t", "t", "t", "t", "t", "t", "t", "t", "t", "t", "t", "t", "t", "t", "t", "t", "t", "t", "t", "t", "t", "t", "t", "t", "t", "t", "t", "t", "t", "t", "t", "t", "t", "t", "t", "t", "t", "t", "t", "t", "t", "t", "t", "t", "t"]}