{"initial_reset_timestamp": 1619973923.694821, "timestamps": [1619973924.9439995, 1619973925.9388971, 1619973926.9863074, 1619973927.6712887, 1619973928.5992212, 1619973929.2298524, 1619973929.793056, 1619973930.787213, 1619973932.3412986, 1619973933.1705508, 1619973933.8159657, 1619973934.5865364, 1619973935.2004678, 1619973935.582947, 1619973936.2102392, 1619973937.375319, 1619973937.8935583, 1619973938.937152, 1619973939.758053, 1619973940.3915598, 1619973941.2536616, 1619973942.0438473, 1619973942.453307, 1619973943.0392795, 1619973943.9127219, 1619973944.391467, 1619973945.3271053, 1619973946.455665, 1619973947.7903938, 1619973948.4405437, 1619973949.3388731, 1619973950.0340345, 1619973950.9811778, 1619973951.6037943, 1619973952.498583, 1619973952.847616, 1619973953.4794006, 1619973954.0820658, 1619973954.9488544, 1619973955.8804214, 1619973956.6483934, 1619973957.7207081, 1619973958.5025845, 1619973959.1402805, 1619973959.5198393, 1619973960.1685467, 1619973960.7268019, 1619973961.3780963, 1619973962.0790372, 1619973962.7174287], "episode_lengths": [439, 493, 855, 556, 772, 519, 458, 809, 1049, 642, 515, 618, 488, 309, 517, 962, 414, 861, 652, 509, 689, 637, 322, 470, 703, 379, 766, 694, 1090, 522, 744, 570, 781, 500, 724, 276, 505, 492, 721, 772, 615, 886, 635, 515, 305, 518, 448, 526, 572, 509], "episode_rewards": [130.0, 165.0, 290.0, 195.0, 290.0, 165.0, 120.0, 235.0, 365.0, 210.0, 130.0, 130.0, 165.0, 105.0, 185.0, 250.0, 110.0, 340.0, 215.0, 185.0, 195.0, 215.0, 35.0, 180.0, 250.0, 155.0, 270.0, 210.0, 275.0, 180.0, 345.0, 285.0, 245.0, 215.0, 245.0, 65.0, 150.0, 155.0, 270.0, 290.0, 155.0, 255.0, 260.0, 160.0, 120.0, 185.0, 20.0, 185.0, 215.0, 180.0], "episode_types": ["t", "t", "t", "t", "t", "t", "t", "t", "t", "t", "t", "t", "t", "t", "t", "t", "t", "t", "t", "t", "t", "t", "t", "t", "t", "t", "t", "t", "t", "t", "t", "t", "t", "t", "t", "t", "t", "t", "t", "t", "t", "t", "t", "t", "t", "t", "t", "t", "t", "t", "t"]}