{"initial_reset_timestamp": 1619968015.9397917, "timestamps": [1619968017.1948092, 1619968018.409479, 1619968019.027867, 1619968019.4888246, 1619968020.4466882, 1619968021.445286, 1619968022.274652, 1619968022.810883, 1619968023.9599771, 1619968024.6518476, 1619968025.2109876, 1619968025.8418393, 1619968026.9176135, 1619968027.7490792, 1619968028.3178048, 1619968028.8584678, 1619968029.6047573, 1619968030.1827495, 1619968030.7902431, 1619968031.5524743, 1619968032.162319, 1619968033.02583, 1619968033.996205, 1619968034.8371062, 1619968035.5802684, 1619968036.1576738, 1619968037.0085294, 1619968038.318895, 1619968038.8032973, 1619968039.4250927, 1619968039.9890997, 1619968040.9773262, 1619968041.520588, 1619968041.9910808, 1619968042.628879, 1619968043.6731293, 1619968044.4961119, 1619968045.338702, 1619968046.1118927, 1619968046.8067834, 1619968047.9982646, 1619968048.8899305, 1619968049.4178631, 1619968050.3198378, 1619968050.9179828, 1619968051.4126308, 1619968052.0639966, 1619968052.7500045, 1619968053.834711, 1619968054.438429], "episode_lengths": [496, 470, 492, 380, 804, 833, 688, 444, 430, 558, 460, 526, 838, 698, 471, 446, 627, 480, 500, 634, 509, 721, 813, 706, 619, 480, 712, 560, 383, 517, 470, 832, 450, 393, 529, 883, 688, 703, 652, 578, 1004, 744, 438, 742, 490, 402, 537, 564, 900, 494], "episode_rewards": [75.0, 60.0, 70.0, 75.0, 130.0, 275.0, 60.0, 80.0, 25.0, 60.0, 70.0, 40.0, 185.0, 100.0, 30.0, 35.0, 105.0, 75.0, 45.0, 45.0, 75.0, 115.0, 260.0, 130.0, 40.0, 25.0, 95.0, 50.0, 30.0, 140.0, 45.0, 200.0, 35.0, 65.0, 55.0, 145.0, 220.0, 150.0, 120.0, 110.0, 155.0, 95.0, 85.0, 135.0, 60.0, 75.0, 80.0, 115.0, 100.0, 0.0], "episode_types": ["t", "t", "t", "t", "t", "t", "t", "t", "t", "t", "t", "t", "t", "t", "t", "t", "t", "t", "t", "t", "t", "t", "t", "t", "t", "t", "t", "t", "t", "t", "t", "t", "t", "t", "t", "t", "t", "t", "t", "t", "t", "t", "t", "t", "t", "t", "t", "t", "t", "t", "t"]}