{"initial_reset_timestamp": 1620020690.226699, "timestamps": [1620020691.1961749, 1620020692.4579444, 1620020692.937661, 1620020693.63631, 1620020694.3811631, 1620020694.7797081, 1620020695.688022, 1620020696.3891318, 1620020697.7083151, 1620020698.5416625, 1620020699.3503654, 1620020700.0854793, 1620020701.200449, 1620020702.0577378, 1620020702.4276147, 1620020703.2001784, 1620020703.8677042, 1620020704.688793, 1620020705.3531718, 1620020706.0080264, 1620020706.5736585, 1620020707.0671148, 1620020707.7020059, 1620020708.5506532, 1620020709.3620567, 1620020710.4917028, 1620020711.2612665, 1620020713.1849587, 1620020713.7445724, 1620020714.543824, 1620020715.2095664, 1620020716.2344563, 1620020717.091573, 1620020718.1565053, 1620020718.6262484, 1620020719.3501542, 1620020720.0670218, 1620020720.660067, 1620020721.3104663, 1620020722.1850162, 1620020722.5344229, 1620020723.1021652, 1620020723.6883142, 1620020724.436337, 1620020725.178213, 1620020725.977717, 1620020727.494971, 1620020728.3202744, 1620020729.0523193, 1620020729.7950463], "episode_lengths": [294, 535, 386, 601, 641, 341, 792, 583, 517, 643, 626, 619, 956, 654, 287, 606, 512, 618, 510, 487, 441, 388, 484, 634, 634, 889, 601, 974, 410, 614, 518, 804, 668, 853, 375, 596, 600, 496, 545, 749, 288, 475, 492, 625, 608, 664, 1287, 678, 605, 606], "episode_rewards": [55.0, 140.0, 110.0, 150.0, 210.0, 75.0, 235.0, 195.0, 185.0, 180.0, 210.0, 185.0, 295.0, 190.0, 60.0, 215.0, 110.0, 140.0, 120.0, 160.0, 80.0, 95.0, 125.0, 240.0, 430.0, 335.0, 210.0, 380.0, 120.0, 195.0, 145.0, 345.0, 185.0, 250.0, 90.0, 155.0, 160.0, 160.0, 225.0, 355.0, 70.0, 155.0, 155.0, 220.0, 350.0, 125.0, 370.0, 255.0, 220.0, 180.0], "episode_types": ["t", "t", "t", "t", "t", "t", "t", "t", "t", "t", "t", "t", "t", "t", "t", "t", "t", "t", "t", "t", "t", "t", "t", "t", "t", "t", "t", "t", "t", "t", "t", "t", "t", "t", "t", "t", "t", "t", "t", "t", "t", "t", "t", "t", "t", "t", "t", "t", "t", "t", "t"]}