{"initial_reset_timestamp": 1619978538.6951954, "timestamps": [1619978540.6033986, 1619978542.7450116, 1619978543.3886597, 1619978543.799481, 1619978544.372709, 1619978545.0656328, 1619978545.5387118, 1619978546.1636539, 1619978548.055512, 1619978548.699665, 1619978549.114602, 1619978549.932949, 1619978551.0900621, 1619978551.8278444, 1619978552.9376578, 1619978553.7934449, 1619978554.371582, 1619978555.1316934, 1619978556.0983326, 1619978556.9999933, 1619978557.9304564, 1619978558.5921133, 1619978559.0620823, 1619978559.5977526, 1619978560.6028612, 1619978561.204054, 1619978561.8203719, 1619978563.929186, 1619978564.6062222, 1619978565.0408611, 1619978565.6478627, 1619978566.0054822, 1619978566.8832548, 1619978567.4905887, 1619978568.2970514, 1619978568.6688051, 1619978569.1306062, 1619978569.469046, 1619978569.8686936, 1619978570.4623754, 1619978570.82029, 1619978571.3554075, 1619978572.2118506, 1619978572.835445, 1619978573.4234488, 1619978573.766536, 1619978574.2948186, 1619978575.2692761, 1619978575.6109257, 1619978576.53006], "episode_lengths": [493, 668, 491, 325, 455, 554, 374, 496, 492, 488, 326, 653, 933, 588, 908, 690, 462, 612, 781, 720, 754, 530, 376, 430, 811, 481, 491, 654, 518, 346, 479, 281, 710, 485, 652, 294, 367, 268, 316, 475, 284, 429, 692, 502, 469, 271, 420, 790, 272, 745], "episode_rewards": [125.0, 165.0, 80.0, 50.0, 65.0, 285.0, 40.0, 170.0, 40.0, 70.0, 55.0, 205.0, 385.0, 30.0, 290.0, 170.0, 80.0, 245.0, 370.0, 355.0, 280.0, 120.0, 85.0, 105.0, 285.0, 185.0, 40.0, 195.0, 70.0, 65.0, 125.0, 35.0, 255.0, 135.0, 440.0, 65.0, 100.0, 65.0, 45.0, 60.0, 35.0, 50.0, 220.0, 165.0, 55.0, 45.0, 45.0, 275.0, 35.0, 190.0], "episode_types": ["t", "t", "t", "t", "t", "t", "t", "t", "t", "t", "t", "t", "t", "t", "t", "t", "t", "t", "t", "t", "t", "t", "t", "t", "t", "t", "t", "t", "t", "t", "t", "t", "t", "t", "t", "t", "t", "t", "t", "t", "t", "t", "t", "t", "t", "t", "t", "t", "t", "t", "t"]}