{"initial_reset_timestamp": 1619984112.2094896, "timestamps": [1619984113.968286, 1619984115.4521017, 1619984116.4600594, 1619984117.074702, 1619984117.8964293, 1619984118.552731, 1619984119.3858552, 1619984119.8688571, 1619984121.7711654, 1619984122.1933277, 1619984122.6355994, 1619984123.2377348, 1619984123.9851384, 1619984124.5928946, 1619984125.980178, 1619984126.808274, 1619984127.272498, 1619984127.916843, 1619984128.884304, 1619984129.5530329, 1619984130.1837423, 1619984130.8458588, 1619984131.569705, 1619984132.2040381, 1619984132.6728458, 1619984133.306954, 1619984134.0744205, 1619984135.656222, 1619984136.4470646, 1619984137.0173323, 1619984137.8865001, 1619984138.3583128, 1619984139.263372, 1619984139.741958, 1619984140.3222766, 1619984140.894858, 1619984141.337601, 1619984141.9325361, 1619984142.5684025, 1619984143.5156617, 1619984144.009562, 1619984144.8511329, 1619984145.6631742, 1619984146.104904, 1619984146.910863, 1619984147.474328, 1619984148.466369, 1619984149.3766377, 1619984150.0292895, 1619984150.6060724], "episode_lengths": [660, 394, 839, 503, 688, 548, 691, 397, 789, 341, 380, 504, 638, 505, 1197, 693, 385, 534, 809, 555, 523, 554, 616, 532, 390, 528, 644, 515, 648, 470, 732, 390, 761, 397, 481, 476, 365, 492, 527, 799, 409, 707, 686, 367, 685, 471, 831, 759, 530, 473], "episode_rewards": [465.0, 140.0, 525.0, 210.0, 320.0, 235.0, 240.0, 145.0, 210.0, 90.0, 70.0, 215.0, 460.0, 155.0, 445.0, 245.0, 60.0, 175.0, 485.0, 270.0, 170.0, 405.0, 280.0, 250.0, 65.0, 190.0, 500.0, 165.0, 300.0, 95.0, 285.0, 130.0, 455.0, 90.0, 160.0, 245.0, 130.0, 185.0, 205.0, 150.0, 65.0, 240.0, 295.0, 115.0, 360.0, 165.0, 240.0, 715.0, 235.0, 90.0], "episode_types": ["t", "t", "t", "t", "t", "t", "t", "t", "t", "t", "t", "t", "t", "t", "t", "t", "t", "t", "t", "t", "t", "t", "t", "t", "t", "t", "t", "t", "t", "t", "t", "t", "t", "t", "t", "t", "t", "t", "t", "t", "t", "t", "t", "t", "t", "t", "t", "t", "t", "t", "t"]}