{"initial_reset_timestamp": 1619989623.179657, "timestamps": [1619989624.763965, 1619989626.2537854, 1619989627.0036738, 1619989627.6783886, 1619989628.7104545, 1619989629.3083556, 1619989630.1851401, 1619989630.744898, 1619989632.1773221, 1619989633.0230641, 1619989633.6068397, 1619989634.4125865, 1619989634.7547486, 1619989635.6634254, 1619989636.3011837, 1619989636.7936468, 1619989637.647432, 1619989638.3643095, 1619989639.3346558, 1619989639.8089957, 1619989640.8213437, 1619989641.4003673, 1619989642.1966934, 1619989642.7345536, 1619989643.366428, 1619989644.3316023, 1619989644.9736655, 1619989646.7628787, 1619989647.575833, 1619989648.5392048, 1619989649.4343388, 1619989650.0423772, 1619989651.2442636, 1619989652.1212566, 1619989652.6349187, 1619989653.2926576, 1619989653.7438772, 1619989654.3586147, 1619989654.9147959, 1619989655.5177784, 1619989655.972528, 1619989656.5524807, 1619989657.004715, 1619989657.3465784, 1619989657.8024135, 1619989658.145186, 1619989658.7433956, 1619989659.184216, 1619989659.7869277, 1619989660.27904], "episode_lengths": [507, 421, 590, 556, 870, 490, 730, 467, 385, 672, 483, 673, 283, 756, 523, 407, 719, 601, 810, 394, 848, 479, 655, 445, 526, 810, 529, 687, 682, 809, 754, 503, 1011, 737, 424, 545, 367, 507, 468, 502, 381, 484, 370, 283, 376, 283, 502, 363, 503, 406], "episode_rewards": [75.0, 65.0, 155.0, 105.0, 415.0, 105.0, 95.0, 40.0, 35.0, 180.0, 30.0, 155.0, 35.0, 385.0, 130.0, 80.0, 265.0, 260.0, 650.0, 95.0, 140.0, 55.0, 75.0, 10.0, 135.0, 215.0, 155.0, 220.0, 180.0, 215.0, 200.0, 90.0, 260.0, 270.0, 125.0, 160.0, 20.0, 175.0, 70.0, 75.0, 30.0, 20.0, 35.0, 20.0, 30.0, 15.0, 90.0, 20.0, 75.0, 55.0], "episode_types": ["t", "t", "t", "t", "t", "t", "t", "t", "t", "t", "t", "t", "t", "t", "t", "t", "t", "t", "t", "t", "t", "t", "t", "t", "t", "t", "t", "t", "t", "t", "t", "t", "t", "t", "t", "t", "t", "t", "t", "t", "t", "t", "t", "t", "t", "t", "t", "t", "t", "t", "t"]}