{"initial_reset_timestamp": 1619997626.4364986, "timestamps": [1619997628.9351819, 1619997632.526932, 1619997633.5290995, 1619997634.7155306, 1619997636.972836, 1619997639.0646765, 1619997640.2003927, 1619997642.1103957, 1619997644.5708764, 1619997646.7302217, 1619997647.7655642, 1619997648.865771, 1619997651.27685, 1619997652.4492826, 1619997653.550285, 1619997655.5119526, 1619997657.6780803, 1619997660.2310183, 1619997662.599297, 1619997663.7948384, 1619997665.0119956, 1619997666.4270022, 1619997667.52423, 1619997668.709244, 1619997669.7176619, 1619997670.8633862, 1619997673.2867029, 1619997675.6523962, 1619997676.9316614, 1619997678.1171453, 1619997679.1802008, 1619997680.2724164, 1619997681.3445253, 1619997683.684615, 1619997684.5892532, 1619997686.9069762, 1619997688.104023, 1619997689.0962553, 1619997690.2332604, 1619997691.355077, 1619997692.2015545, 1619997693.3305073, 1619997694.3589249, 1619997695.6848965, 1619997697.8118577, 1619997699.0437322, 1619997700.0344052, 1619997701.0310037, 1619997703.3305204, 1619997704.436241], "episode_lengths": [827, 1558, 693, 845, 1613, 1483, 802, 1359, 795, 1510, 734, 782, 1733, 835, 790, 1394, 1552, 1828, 1700, 854, 872, 1007, 777, 843, 713, 814, 1744, 733, 900, 844, 752, 783, 763, 1663, 633, 1660, 843, 702, 811, 795, 596, 810, 729, 946, 1510, 881, 706, 706, 1654, 778], "episode_rewards": [600.0, 1115.0, 600.0, 800.0, 1320.0, 1175.0, 545.0, 1090.0, 545.0, 1275.0, 600.0, 545.0, 1200.0, 800.0, 800.0, 1375.0, 1405.0, 1405.0, 1350.0, 600.0, 600.0, 570.0, 600.0, 575.0, 545.0, 570.0, 1375.0, 600.0, 600.0, 600.0, 575.0, 800.0, 600.0, 1145.0, 570.0, 1350.0, 545.0, 570.0, 600.0, 515.0, 550.0, 600.0, 800.0, 600.0, 1175.0, 600.0, 570.0, 600.0, 1120.0, 545.0], "episode_types": ["t", "t", "t", "t", "t", "t", "t", "t", "t", "t", "t", "t", "t", "t", "t", "t", "t", "t", "t", "t", "t", "t", "t", "t", "t", "t", "t", "t", "t", "t", "t", "t", "t", "t", "t", "t", "t", "t", "t", "t", "t", "t", "t", "t", "t", "t", "t", "t", "t", "t", "t"]}