{"initial_reset_timestamp": 1619970822.0645897, "timestamps": [1619970823.1080167, 1619970824.24855, 1619970825.2985861, 1619970826.1501076, 1619970826.6712794, 1619970827.4432752, 1619970828.0558147, 1619970828.4268334, 1619970829.6114259, 1619970830.4181564, 1619970831.450086, 1619970832.0810542, 1619970832.4210522, 1619970833.2951055, 1619970833.816008, 1619970834.5030513, 1619970835.1691144, 1619970835.9606361, 1619970836.6034803, 1619970837.2950728, 1619970837.6313384, 1619970838.3496745, 1619970838.9471304, 1619970839.9351106, 1619970841.2356741, 1619970842.0125806, 1619970842.3506272, 1619970843.446288, 1619970844.0925376, 1619970844.6486251, 1619970845.2011023, 1619970845.5498586, 1619970846.0025997, 1619970846.6391609, 1619970847.2946258, 1619970847.9321876, 1619970848.5541615, 1619970849.0230803, 1619970849.4218976, 1619970850.3913255, 1619970850.8626049, 1619970851.7133145, 1619970852.986918, 1619970853.6214952, 1619970854.5997703, 1619970855.358623, 1619970856.1081975, 1619970856.9425707, 1619970857.2797775, 1619970857.6283479], "episode_lengths": [622, 686, 832, 691, 416, 633, 495, 294, 743, 625, 847, 510, 268, 704, 416, 544, 533, 642, 516, 557, 267, 574, 478, 797, 1064, 628, 268, 667, 505, 451, 445, 279, 363, 516, 532, 508, 505, 377, 317, 796, 380, 700, 1051, 513, 807, 618, 609, 687, 273, 280], "episode_rewards": [190.0, 260.0, 400.0, 315.0, 155.0, 290.0, 155.0, 40.0, 345.0, 195.0, 385.0, 210.0, 50.0, 260.0, 75.0, 160.0, 130.0, 310.0, 180.0, 215.0, 50.0, 170.0, 215.0, 440.0, 245.0, 255.0, 50.0, 360.0, 180.0, 80.0, 115.0, 80.0, 65.0, 185.0, 185.0, 90.0, 235.0, 180.0, 20.0, 335.0, 155.0, 280.0, 565.0, 110.0, 510.0, 285.0, 180.0, 315.0, 80.0, 120.0], "episode_types": ["t", "t", "t", "t", "t", "t", "t", "t", "t", "t", "t", "t", "t", "t", "t", "t", "t", "t", "t", "t", "t", "t", "t", "t", "t", "t", "t", "t", "t", "t", "t", "t", "t", "t", "t", "t", "t", "t", "t", "t", "t", "t", "t", "t", "t", "t", "t", "t", "t", "t", "t"]}