{"initial_reset_timestamp": 1619985484.2214634, "timestamps": [1619985486.24965, 1619985488.3324869, 1619985489.207887, 1619985490.1704538, 1619985490.9653435, 1619985491.7564256, 1619985492.50755, 1619985493.3218, 1619985495.342006, 1619985496.3212814, 1619985497.1304462, 1619985497.9196725, 1619985498.6739016, 1619985499.4926653, 1619985500.32709, 1619985501.139815, 1619985501.9845223, 1619985502.824334, 1619985503.6412182, 1619985504.4932, 1619985505.2651567, 1619985506.0522556, 1619985506.8974988, 1619985507.7070515, 1619985508.486401, 1619985509.278499, 1619985510.3884807, 1619985512.3933432, 1619985513.2220736, 1619985514.0187547, 1619985514.8430202, 1619985515.6295304, 1619985516.4935565, 1619985517.3316808, 1619985518.1516833, 1619985519.1004202, 1619985519.9127724, 1619985520.6987529, 1619985521.5119467, 1619985522.2987957, 1619985523.2627306, 1619985524.0089946, 1619985524.8042026, 1619985525.652072, 1619985526.4407463, 1619985527.2523868, 1619985528.0508213, 1619985528.8395538, 1619985529.619755, 1619985530.4583783], "episode_lengths": [504, 505, 530, 596, 490, 489, 463, 504, 489, 590, 504, 489, 472, 509, 520, 504, 525, 522, 509, 530, 482, 489, 526, 504, 484, 494, 691, 489, 498, 494, 511, 489, 536, 522, 508, 590, 504, 489, 504, 487, 600, 462, 494, 526, 489, 504, 494, 489, 485, 520], "episode_rewards": [50.0, 75.0, 75.0, 60.0, 30.0, 30.0, 15.0, 75.0, 30.0, 120.0, 50.0, 15.0, 50.0, 105.0, 30.0, 50.0, 75.0, 75.0, 75.0, 75.0, 50.0, 50.0, 75.0, 50.0, 50.0, 30.0, 40.0, 50.0, 50.0, 30.0, 50.0, 45.0, 75.0, 50.0, 105.0, 120.0, 50.0, 30.0, 75.0, 35.0, 110.0, 15.0, 55.0, 75.0, 50.0, 75.0, 30.0, 30.0, 30.0, 30.0], "episode_types": ["t", "t", "t", "t", "t", "t", "t", "t", "t", "t", "t", "t", "t", "t", "t", "t", "t", "t", "t", "t", "t", "t", "t", "t", "t", "t", "t", "t", "t", "t", "t", "t", "t", "t", "t", "t", "t", "t", "t", "t", "t", "t", "t", "t", "t", "t", "t", "t", "t", "t", "t"]}