{"initial_reset_timestamp": 1619971051.586625, "timestamps": [1619971053.5200148, 1619971055.5415528, 1619971056.3810341, 1619971057.1800482, 1619971058.0875502, 1619971058.8516295, 1619971059.664424, 1619971060.442773, 1619971062.3399224, 1619971063.1398299, 1619971063.912864, 1619971064.6907432, 1619971065.498398, 1619971066.2932808, 1619971067.2643244, 1619971068.0014818, 1619971068.9452236, 1619971069.7129302, 1619971070.891052, 1619971071.6418488, 1619971072.5567732, 1619971073.3363721, 1619971074.123509, 1619971075.0216832, 1619971075.7972493, 1619971076.6557748, 1619971077.4255762, 1619971079.3694475, 1619971080.1804824, 1619971081.1303217, 1619971081.877308, 1619971082.6728013, 1619971083.4495695, 1619971084.2181013, 1619971085.1295927, 1619971085.9070482, 1619971086.9087455, 1619971087.8198097, 1619971088.7792492, 1619971089.5477076, 1619971090.339786, 1619971091.1316154, 1619971091.9206114, 1619971092.6601872, 1619971093.3985837, 1619971094.1950507, 1619971094.9487689, 1619971095.842372, 1619971096.749012, 1619971097.5193346], "episode_lengths": [512, 564, 524, 517, 589, 499, 526, 506, 489, 503, 503, 507, 526, 517, 635, 480, 619, 500, 771, 490, 600, 512, 517, 591, 506, 565, 503, 515, 508, 622, 491, 522, 510, 503, 598, 510, 660, 598, 627, 504, 518, 517, 517, 484, 484, 522, 491, 584, 595, 503], "episode_rewards": [75.0, 105.0, 50.0, 75.0, 120.0, 75.0, 105.0, 15.0, 55.0, 55.0, 85.0, 105.0, 105.0, 105.0, 120.0, 75.0, 155.0, 80.0, 270.0, 105.0, 110.0, 75.0, 75.0, 155.0, 75.0, 105.0, 40.0, 50.0, 55.0, 105.0, 70.0, 75.0, 75.0, 40.0, 120.0, 50.0, 165.0, 115.0, 140.0, 75.0, 50.0, 55.0, 75.0, 60.0, 70.0, 75.0, 105.0, 110.0, 120.0, 55.0], "episode_types": ["t", "t", "t", "t", "t", "t", "t", "t", "t", "t", "t", "t", "t", "t", "t", "t", "t", "t", "t", "t", "t", "t", "t", "t", "t", "t", "t", "t", "t", "t", "t", "t", "t", "t", "t", "t", "t", "t", "t", "t", "t", "t", "t", "t", "t", "t", "t", "t", "t", "t", "t"]}