{"initial_reset_timestamp": 1619983173.6473815, "timestamps": [1619983175.7692528, 1619983177.742356, 1619983178.51959, 1619983179.490722, 1619983180.2329519, 1619983180.9830668, 1619983182.4224675, 1619983183.5705738, 1619983186.5310874, 1619983187.3221104, 1619983188.0733347, 1619983189.3757281, 1619983190.6893895, 1619983191.4736166, 1619983192.7646618, 1619983193.5051296, 1619983194.2580388, 1619983195.2027159, 1619983195.9857328, 1619983196.930941, 1619983197.6659353, 1619983198.404871, 1619983199.700477, 1619983200.4496305, 1619983201.3818772, 1619983202.1241906, 1619983202.8320732, 1619983204.966007, 1619983205.7559197, 1619983206.744078, 1619983208.0381436, 1619983208.7951577, 1619983209.9357362, 1619983210.9044678, 1619983211.8641372, 1619983212.6105657, 1619983213.6659791, 1619983214.4989972, 1619983215.4385877, 1619983216.2755427, 1619983217.5698655, 1619983218.3181536, 1619983219.0641549, 1619983219.8085713, 1619983220.9559839, 1619983221.700886, 1619983222.4523482, 1619983223.4702861, 1619983225.1410918, 1619983226.456995], "episode_lengths": [468, 471, 468, 609, 468, 469, 820, 471, 612, 475, 468, 818, 826, 493, 817, 468, 468, 593, 494, 593, 468, 468, 817, 471, 594, 468, 468, 606, 486, 617, 817, 477, 725, 609, 602, 468, 668, 525, 591, 525, 818, 468, 468, 468, 731, 468, 473, 639, 1059, 820], "episode_rewards": [105.0, 105.0, 105.0, 155.0, 105.0, 105.0, 240.0, 105.0, 185.0, 105.0, 105.0, 225.0, 255.0, 105.0, 245.0, 105.0, 105.0, 135.0, 105.0, 155.0, 105.0, 105.0, 225.0, 85.0, 155.0, 105.0, 105.0, 165.0, 105.0, 180.0, 225.0, 105.0, 260.0, 185.0, 165.0, 105.0, 180.0, 105.0, 165.0, 105.0, 225.0, 105.0, 105.0, 105.0, 290.0, 105.0, 105.0, 155.0, 410.0, 225.0], "episode_types": ["t", "t", "t", "t", "t", "t", "t", "t", "t", "t", "t", "t", "t", "t", "t", "t", "t", "t", "t", "t", "t", "t", "t", "t", "t", "t", "t", "t", "t", "t", "t", "t", "t", "t", "t", "t", "t", "t", "t", "t", "t", "t", "t", "t", "t", "t", "t", "t", "t", "t", "t"]}