{"initial_reset_timestamp": 1619972727.6731853, "timestamps": [1619972729.9401355, 1619972732.1764753, 1619972733.1023953, 1619972734.3260098, 1619972735.0581424, 1619972735.6745565, 1619972736.3058927, 1619972736.7374516, 1619972738.7763743, 1619972739.679564, 1619972740.3064647, 1619972741.304284, 1619972741.9228609, 1619972742.6642895, 1619972743.299112, 1619972744.057153, 1619972745.0251207, 1619972745.6410918, 1619972746.483375, 1619972747.75164, 1619972748.600722, 1619972749.0749917, 1619972749.7132401, 1619972750.6906672, 1619972751.7634518, 1619972752.3932073, 1619972753.2607925, 1619972755.3997335, 1619972756.5315423, 1619972757.6347919, 1619972758.8763206, 1619972759.4073381, 1619972760.4049597, 1619972761.3602278, 1619972762.3018117, 1619972763.5773501, 1619972764.3468726, 1619972765.3790166, 1619972766.2712414, 1619972767.4388688, 1619972768.4367871, 1619972769.0518296, 1619972769.898108, 1619972771.1444907, 1619972771.7584348, 1619972772.648926, 1619972773.3690066, 1619972774.355628, 1619972775.3026435, 1619972776.1691165], "episode_lengths": [769, 747, 714, 989, 582, 492, 502, 341, 621, 710, 506, 811, 495, 605, 509, 612, 795, 494, 692, 1052, 697, 384, 521, 802, 881, 514, 710, 714, 906, 906, 1038, 428, 812, 782, 774, 1063, 626, 849, 731, 978, 820, 496, 691, 1034, 505, 722, 587, 809, 776, 716], "episode_rewards": [105.0, 65.0, 385.0, 535.0, 125.0, 140.0, 70.0, 35.0, 170.0, 190.0, 60.0, 175.0, 165.0, 120.0, 115.0, 125.0, 185.0, 45.0, 130.0, 475.0, 145.0, 15.0, 225.0, 365.0, 170.0, 90.0, 135.0, 140.0, 275.0, 125.0, 295.0, 25.0, 115.0, 190.0, 195.0, 325.0, 50.0, 205.0, 120.0, 260.0, 215.0, 60.0, 155.0, 320.0, 100.0, 185.0, 130.0, 150.0, 210.0, 90.0], "episode_types": ["t", "t", "t", "t", "t", "t", "t", "t", "t", "t", "t", "t", "t", "t", "t", "t", "t", "t", "t", "t", "t", "t", "t", "t", "t", "t", "t", "t", "t", "t", "t", "t", "t", "t", "t", "t", "t", "t", "t", "t", "t", "t", "t", "t", "t", "t", "t", "t", "t", "t", "t"]}