{"initial_reset_timestamp": 1619976017.5339637, "timestamps": [1619976019.6512208, 1619976021.7873466, 1619976023.0038464, 1619976023.869972, 1619976024.8793225, 1619976025.882469, 1619976026.4650345, 1619976027.3492818, 1619976029.2175565, 1619976029.8898346, 1619976030.51848, 1619976031.1716383, 1619976031.8994472, 1619976032.5466151, 1619976033.4140973, 1619976034.0601425, 1619976034.8446534, 1619976035.4883926, 1619976036.0705945, 1619976036.7092428, 1619976037.1529324, 1619976037.8012958, 1619976038.4365573, 1619976039.5829208, 1619976040.7558687, 1619976041.7654676, 1619976042.7977197, 1619976044.779871, 1619976045.8361588, 1619976046.575133, 1619976047.5511267, 1619976048.2684283, 1619976049.138936, 1619976050.5825713, 1619976051.3520164, 1619976051.816905, 1619976052.4464827, 1619976053.0742388, 1619976053.4986267, 1619976054.045401, 1619976055.4041667, 1619976056.0188656, 1619976057.0390432, 1619976058.2107806, 1619976059.391788, 1619976059.9896011, 1619976061.037323, 1619976061.6406884, 1619976062.6344059, 1619976063.9725316], "episode_lengths": [685, 686, 979, 703, 825, 826, 470, 721, 482, 524, 501, 517, 582, 514, 695, 514, 627, 514, 468, 512, 350, 514, 507, 929, 953, 826, 832, 543, 828, 588, 779, 571, 694, 1178, 611, 367, 501, 502, 334, 434, 1115, 493, 820, 953, 960, 477, 847, 483, 807, 1086], "episode_rewards": [155.0, 120.0, 250.0, 90.0, 215.0, 290.0, 70.0, 145.0, 130.0, 130.0, 100.0, 160.0, 100.0, 60.0, 145.0, 100.0, 205.0, 150.0, 105.0, 90.0, 65.0, 110.0, 135.0, 260.0, 420.0, 245.0, 245.0, 200.0, 205.0, 180.0, 135.0, 100.0, 140.0, 245.0, 70.0, 55.0, 185.0, 165.0, 35.0, 95.0, 685.0, 120.0, 220.0, 250.0, 220.0, 90.0, 200.0, 100.0, 230.0, 265.0], "episode_types": ["t", "t", "t", "t", "t", "t", "t", "t", "t", "t", "t", "t", "t", "t", "t", "t", "t", "t", "t", "t", "t", "t", "t", "t", "t", "t", "t", "t", "t", "t", "t", "t", "t", "t", "t", "t", "t", "t", "t", "t", "t", "t", "t", "t", "t", "t", "t", "t", "t", "t", "t"]}