{"initial_reset_timestamp": 1619967498.0781164, "timestamps": [1619967499.6835926, 1619967500.6363902, 1619967501.3037002, 1619967501.9339406, 1619967502.613062, 1619967503.2213414, 1619967503.8872793, 1619967504.7835524, 1619967505.7198603, 1619967506.363498, 1619967506.9106257, 1619967507.5818846, 1619967508.3496628, 1619967509.2747123, 1619967509.9194288, 1619967510.5738087, 1619967511.4727738, 1619967512.1265645, 1619967513.001105, 1619967513.4719331, 1619967514.1257555, 1619967514.7736192, 1619967515.4810724, 1619967516.1300766, 1619967517.1052427, 1619967517.429676, 1619967518.403076, 1619967519.5364103, 1619967519.9281075, 1619967520.856072, 1619967521.549296, 1619967522.3971074, 1619967523.6352034, 1619967524.2385926, 1619967525.1078422, 1619967525.4714367, 1619967526.1126232, 1619967526.7044797, 1619967527.566463, 1619967527.9407673, 1619967528.5540733, 1619967529.1769133, 1619967529.5604367, 1619967530.3971834, 1619967530.7376254, 1619967531.7895226, 1619967532.9386337, 1619967533.5772777, 1619967534.191918, 1619967534.9247131], "episode_lengths": [1040, 537, 510, 498, 532, 477, 526, 709, 516, 485, 428, 530, 608, 737, 511, 516, 706, 514, 690, 371, 516, 509, 557, 511, 771, 246, 775, 672, 285, 739, 545, 676, 993, 474, 691, 282, 467, 480, 694, 300, 499, 498, 305, 679, 268, 859, 947, 514, 483, 585], "episode_rewards": [415.0, 130.0, 150.0, 125.0, 130.0, 155.0, 155.0, 225.0, 185.0, 35.0, 140.0, 210.0, 200.0, 285.0, 210.0, 185.0, 230.0, 140.0, 280.0, 160.0, 185.0, 180.0, 280.0, 135.0, 190.0, 70.0, 275.0, 355.0, 85.0, 270.0, 120.0, 370.0, 695.0, 165.0, 490.0, 135.0, 120.0, 155.0, 165.0, 110.0, 185.0, 125.0, 105.0, 235.0, 50.0, 345.0, 485.0, 225.0, 215.0, 215.0], "episode_types": ["t", "t", "t", "t", "t", "t", "t", "t", "t", "t", "t", "t", "t", "t", "t", "t", "t", "t", "t", "t", "t", "t", "t", "t", "t", "t", "t", "t", "t", "t", "t", "t", "t", "t", "t", "t", "t", "t", "t", "t", "t", "t", "t", "t", "t", "t", "t", "t", "t", "t", "t"]}