{"initial_reset_timestamp": 1619971851.586099, "timestamps": [1619971853.480629, 1619971855.3292909, 1619971855.9692905, 1619971856.444853, 1619971857.4836595, 1619971858.8327398, 1619971859.4267383, 1619971859.7728918, 1619971861.4902182, 1619971861.8912797, 1619971862.3684914, 1619971863.256305, 1619971864.418727, 1619971865.1787908, 1619971866.0221107, 1619971866.641619, 1619971867.3758938, 1619971868.2131524, 1619971869.2565055, 1619971869.7295978, 1619971870.3552425, 1619971871.2882445, 1619971872.3407729, 1619971873.1891854, 1619971874.046994, 1619971874.4128697, 1619971875.556877, 1619971877.9584677, 1619971878.3957531, 1619971879.1015048, 1619971879.897116, 1619971880.5424242, 1619971881.1086473, 1619971882.076387, 1619971883.0695148, 1619971883.68014, 1619971884.7315137, 1619971885.6685355, 1619971886.8686504, 1619971887.7428885, 1619971888.657898, 1619971889.3846023, 1619971890.5126274, 1619971891.1651607, 1619971892.0370965, 1619971892.6839833, 1619971893.5197783, 1619971894.7174077, 1619971895.353947, 1619971896.1962583], "episode_lengths": [511, 470, 497, 386, 868, 1119, 478, 272, 366, 305, 381, 716, 952, 615, 687, 499, 592, 681, 852, 379, 506, 763, 864, 696, 702, 292, 957, 906, 333, 571, 649, 523, 459, 790, 817, 494, 869, 768, 984, 720, 754, 594, 929, 532, 713, 527, 680, 1000, 518, 688], "episode_rewards": [60.0, 35.0, 115.0, 45.0, 370.0, 555.0, 105.0, 65.0, 30.0, 30.0, 105.0, 170.0, 225.0, 130.0, 125.0, 30.0, 135.0, 165.0, 190.0, 50.0, 160.0, 230.0, 215.0, 355.0, 245.0, 30.0, 365.0, 225.0, 65.0, 145.0, 230.0, 140.0, 25.0, 155.0, 245.0, 55.0, 315.0, 365.0, 265.0, 175.0, 245.0, 155.0, 215.0, 115.0, 195.0, 85.0, 160.0, 700.0, 170.0, 85.0], "episode_types": ["t", "t", "t", "t", "t", "t", "t", "t", "t", "t", "t", "t", "t", "t", "t", "t", "t", "t", "t", "t", "t", "t", "t", "t", "t", "t", "t", "t", "t", "t", "t", "t", "t", "t", "t", "t", "t", "t", "t", "t", "t", "t", "t", "t", "t", "t", "t", "t", "t", "t", "t"]}