{"initial_reset_timestamp": 1619970657.0772734, "timestamps": [1619970657.6624978, 1619970658.9546022, 1619970659.4058733, 1619970660.2810342, 1619970660.8994362, 1619970661.8179407, 1619970662.573579, 1619970663.5678773, 1619970664.446663, 1619970665.5113971, 1619970665.9671304, 1619970666.5811167, 1619970667.1978836, 1619970667.7971342, 1619970668.394696, 1619970669.0726418, 1619970669.7072933, 1619970670.3132012, 1619970670.9302783, 1619970671.5563567, 1619970672.3326018, 1619970672.9532938, 1619970673.8565526, 1619970674.4696412, 1619970675.0626683, 1619970675.7039802, 1619970676.5862482, 1619970677.59845, 1619970678.5494323, 1619970679.444601, 1619970680.0500848, 1619970680.8816843, 1619970681.6765294, 1619970682.3701985, 1619970683.112918, 1619970683.919741, 1619970684.5409484, 1619970684.8669617, 1619970685.209703, 1619970687.3822532, 1619970688.1639864, 1619970689.2733269, 1619970689.9066923, 1619970690.7630286, 1619970691.916431, 1619970692.9001963, 1619970693.8367183, 1619970695.1581953, 1619970695.679178, 1619970696.263241], "episode_lengths": [281, 848, 352, 713, 509, 766, 621, 844, 522, 869, 372, 503, 509, 493, 488, 554, 519, 493, 509, 517, 642, 504, 748, 498, 487, 513, 710, 601, 753, 719, 480, 663, 639, 553, 593, 657, 502, 258, 273, 1825, 630, 908, 510, 683, 947, 825, 795, 954, 431, 484], "episode_rewards": [105.0, 365.0, 85.0, 255.0, 180.0, 260.0, 225.0, 420.0, 230.0, 405.0, 85.0, 125.0, 185.0, 170.0, 215.0, 215.0, 210.0, 185.0, 210.0, 210.0, 270.0, 140.0, 190.0, 185.0, 185.0, 180.0, 210.0, 310.0, 270.0, 165.0, 110.0, 405.0, 390.0, 185.0, 135.0, 380.0, 215.0, 60.0, 55.0, 895.0, 160.0, 290.0, 175.0, 240.0, 565.0, 690.0, 270.0, 375.0, 140.0, 125.0], "episode_types": ["t", "t", "t", "t", "t", "t", "t", "t", "t", "t", "t", "t", "t", "t", "t", "t", "t", "t", "t", "t", "t", "t", "t", "t", "t", "t", "t", "t", "t", "t", "t", "t", "t", "t", "t", "t", "t", "t", "t", "t", "t", "t", "t", "t", "t", "t", "t", "t", "t", "t", "t"]}