{"initial_reset_timestamp": 1619995180.7171583, "timestamps": [1619995184.938764, 1619995187.6779757, 1619995188.9562566, 1619995190.5041356, 1619995191.5584223, 1619995192.7595494, 1619995193.8993247, 1619995194.9824522, 1619995197.545388, 1619995200.0080028, 1619995201.168813, 1619995203.8921995, 1619995205.363737, 1619995206.5879512, 1619995207.7414646, 1619995208.884286, 1619995210.0388238, 1619995212.3098004, 1619995213.1096265, 1619995215.8281827, 1619995218.2512128, 1619995219.3384588, 1619995220.2339966, 1619995222.5664725, 1619995223.8266282, 1619995226.576349, 1619995227.6643753, 1619995230.2898962, 1619995231.5652664, 1619995232.8785818, 1619995235.3344672, 1619995236.492895, 1619995237.858145, 1619995239.203087, 1619995241.6331472, 1619995243.873341, 1619995246.1656005, 1619995248.7025762, 1619995249.880171, 1619995252.789102, 1619995255.2129183, 1619995257.7455325, 1619995260.0251822, 1619995261.1162956, 1619995263.8695674, 1619995266.0747063, 1619995268.4440522, 1619995269.8820996, 1619995272.3234708, 1619995273.6026373], "episode_lengths": [1964, 959, 869, 1078, 726, 836, 796, 750, 832, 1686, 804, 1905, 1033, 852, 799, 799, 802, 1588, 537, 1917, 1695, 756, 604, 1626, 875, 1918, 755, 893, 862, 917, 1724, 804, 952, 940, 1697, 1561, 1594, 1791, 824, 2050, 1693, 1787, 1581, 758, 1936, 1531, 1657, 1009, 1713, 889], "episode_rewards": [1245.0, 800.0, 600.0, 605.0, 545.0, 570.0, 600.0, 600.0, 770.0, 970.0, 610.0, 1125.0, 515.0, 570.0, 600.0, 540.0, 570.0, 1135.0, 325.0, 1300.0, 1400.0, 600.0, 440.0, 1175.0, 600.0, 1115.0, 600.0, 570.0, 545.0, 600.0, 1365.0, 745.0, 600.0, 540.0, 1560.0, 1385.0, 1265.0, 1355.0, 600.0, 1400.0, 1295.0, 1435.0, 1025.0, 600.0, 1075.0, 1380.0, 1145.0, 800.0, 1150.0, 800.0], "episode_types": ["t", "t", "t", "t", "t", "t", "t", "t", "t", "t", "t", "t", "t", "t", "t", "t", "t", "t", "t", "t", "t", "t", "t", "t", "t", "t", "t", "t", "t", "t", "t", "t", "t", "t", "t", "t", "t", "t", "t", "t", "t", "t", "t", "t", "t", "t", "t", "t", "t", "t", "t"]}