{"initial_reset_timestamp": 1619984551.3455665, "timestamps": [1619984553.6162114, 1619984555.9163315, 1619984556.9709709, 1619984558.0094848, 1619984559.0469832, 1619984560.0652735, 1619984561.1083908, 1619984562.144236, 1619984564.4373894, 1619984565.4719672, 1619984566.5000315, 1619984567.5352073, 1619984568.8180516, 1619984569.8439667, 1619984570.851585, 1619984571.852073, 1619984572.8598742, 1619984573.9021568, 1619984575.1630735, 1619984576.1922357, 1619984577.1975615, 1619984578.200349, 1619984579.2304664, 1619984580.3181076, 1619984581.3101015, 1619984582.2506747, 1619984583.28068, 1619984585.5044122, 1619984586.5601444, 1619984587.5729005, 1619984588.6181445, 1619984589.64961, 1619984590.840748, 1619984592.1559138, 1619984593.184828, 1619984594.2143953, 1619984595.244107, 1619984596.273573, 1619984597.3089497, 1619984598.236755, 1619984599.268873, 1619984600.3033879, 1619984601.3306708, 1619984602.363749, 1619984603.4084284, 1619984604.3303013, 1619984605.341362, 1619984606.3383017, 1619984607.605003, 1619984608.634451], "episode_lengths": [636, 636, 633, 636, 636, 623, 636, 636, 642, 621, 636, 636, 794, 636, 623, 620, 623, 644, 782, 636, 621, 623, 636, 671, 612, 581, 636, 611, 636, 621, 643, 636, 737, 815, 636, 636, 636, 636, 636, 571, 636, 636, 636, 636, 647, 567, 626, 615, 782, 636], "episode_rewards": [210.0, 210.0, 210.0, 180.0, 210.0, 155.0, 210.0, 210.0, 180.0, 210.0, 210.0, 210.0, 230.0, 210.0, 155.0, 185.0, 155.0, 180.0, 260.0, 210.0, 210.0, 210.0, 210.0, 180.0, 210.0, 135.0, 210.0, 155.0, 210.0, 210.0, 210.0, 210.0, 270.0, 315.0, 210.0, 210.0, 210.0, 210.0, 210.0, 105.0, 210.0, 210.0, 210.0, 210.0, 210.0, 105.0, 210.0, 180.0, 260.0, 210.0], "episode_types": ["t", "t", "t", "t", "t", "t", "t", "t", "t", "t", "t", "t", "t", "t", "t", "t", "t", "t", "t", "t", "t", "t", "t", "t", "t", "t", "t", "t", "t", "t", "t", "t", "t", "t", "t", "t", "t", "t", "t", "t", "t", "t", "t", "t", "t", "t", "t", "t", "t", "t", "t"]}