{"initial_reset_timestamp": 1620001689.7192051, "timestamps": [1620001692.1641116, 1620001697.524228, 1620001698.6990952, 1620001700.7009654, 1620001703.0446274, 1620001704.0593188, 1620001705.14985, 1620001706.0785902, 1620001709.7288537, 1620001710.6761162, 1620001711.7303617, 1620001713.6685145, 1620001714.7655034, 1620001717.0155458, 1620001718.6855772, 1620001721.0731175, 1620001723.1625113, 1620001724.1088336, 1620001725.021633, 1620001727.1413965, 1620001728.3699477, 1620001730.6389453, 1620001731.7474132, 1620001734.282314, 1620001736.4013593, 1620001737.3832564, 1620001739.7745087, 1620001742.3093944, 1620001743.4980547, 1620001745.7777095, 1620001748.073085, 1620001749.3810916, 1620001750.5721614, 1620001751.6939719, 1620001754.3188336, 1620001756.6612566, 1620001758.8520007, 1620001759.9036038, 1620001760.9561706, 1620001762.5832508, 1620001763.5746803, 1620001764.5247822, 1620001766.9939322, 1620001769.365814, 1620001770.3836846, 1620001772.7075245, 1620001775.225892, 1620001776.529689, 1620001778.3121002, 1620001779.2232156], "episode_lengths": [772, 2766, 814, 1404, 1661, 715, 766, 647, 1593, 640, 746, 1360, 783, 1603, 1176, 1717, 1492, 669, 644, 1506, 868, 1625, 777, 1813, 1512, 694, 1708, 847, 808, 1622, 1648, 932, 853, 792, 1887, 1669, 1559, 748, 742, 1142, 704, 667, 1764, 1703, 715, 1662, 1807, 933, 1260, 644], "episode_rewards": [585.0, 2350.0, 600.0, 1240.0, 1350.0, 600.0, 600.0, 770.0, 1555.0, 570.0, 600.0, 975.0, 600.0, 1800.0, 920.0, 1400.0, 1380.0, 545.0, 570.0, 1205.0, 800.0, 1430.0, 545.0, 1400.0, 1230.0, 545.0, 1380.0, 800.0, 575.0, 1230.0, 1175.0, 570.0, 600.0, 605.0, 1830.0, 1375.0, 1370.0, 600.0, 605.0, 845.0, 540.0, 570.0, 1400.0, 1120.0, 545.0, 1145.0, 1205.0, 600.0, 910.0, 570.0], "episode_types": ["t", "t", "t", "t", "t", "t", "t", "t", "t", "t", "t", "t", "t", "t", "t", "t", "t", "t", "t", "t", "t", "t", "t", "t", "t", "t", "t", "t", "t", "t", "t", "t", "t", "t", "t", "t", "t", "t", "t", "t", "t", "t", "t", "t", "t", "t", "t", "t", "t", "t", "t"]}