{"initial_reset_timestamp": 1619966990.8530023, "timestamps": [1619966991.8287408, 1619966993.1818366, 1619966994.2176266, 1619966994.906718, 1619966995.5962522, 1619966996.4078834, 1619966997.1459315, 1619966998.111909, 1619966999.2507725, 1619966999.9923453, 1619967000.8500516, 1619967001.5444326, 1619967002.2750921, 1619967003.0050173, 1619967003.870424, 1619967004.871034, 1619967005.5256236, 1619967006.3001647, 1619967007.02001], "episode_lengths": [441, 739, 686, 475, 475, 519, 500, 673, 603, 503, 596, 486, 513, 506, 598, 696, 450, 516, 482], "episode_rewards": [5.0, 105.0, 15.0, 15.0, 5.0, 30.0, 5.0, 75.0, 20.0, 75.0, 55.0, 15.0, 105.0, 50.0, 215.0, 55.0, 15.0, 30.0, 0.0], "episode_types": ["t", "t", "t", "t", "t", "t", "t", "t", "t", "t", "t", "t", "t", "t", "t", "t", "t", "t", "t", "t"]}