{"initial_reset_timestamp": 1619986255.0859015, "timestamps": [1619986256.8964372, 1619986258.8130891, 1619986259.8421135, 1619986260.6546268, 1619986261.2983427, 1619986261.8772416, 1619986262.6040125, 1619986263.6175044, 1619986265.412128, 1619986266.0087948, 1619986266.6502604, 1619986267.445129, 1619986268.0621028, 1619986268.7894433, 1619986269.6892908, 1619986270.4725895, 1619986271.46048, 1619986272.209256, 1619986272.9995492, 1619986274.1038563, 1619986274.8618865, 1619986276.1427357, 1619986277.0041678, 1619986277.6008422, 1619986278.529597, 1619986279.082666, 1619986279.81698, 1619986281.3937502, 1619986282.2201924, 1619986282.8338978, 1619986283.8459833, 1619986284.6144328, 1619986285.2096784, 1619986286.0805259, 1619986286.6910815, 1619986287.4560597, 1619986288.4626565, 1619986289.152783, 1619986289.9279518, 1619986290.5346608, 1619986291.7071922, 1619986292.5704894, 1619986293.1395788, 1619986293.9487026, 1619986294.7937264, 1619986295.7259834, 1619986296.4202297, 1619986297.3443496, 1619986298.3810427, 1619986299.128397], "episode_lengths": [628, 698, 814, 645, 506, 464, 578, 810, 641, 457, 508, 637, 493, 587, 719, 627, 798, 613, 689, 972, 642, 1095, 730, 489, 784, 456, 612, 512, 661, 506, 840, 637, 494, 734, 529, 655, 841, 571, 641, 507, 986, 716, 470, 673, 704, 777, 578, 770, 866, 621], "episode_rewards": [150.0, 130.0, 230.0, 120.0, 110.0, 105.0, 105.0, 185.0, 160.0, 105.0, 105.0, 110.0, 105.0, 175.0, 125.0, 110.0, 210.0, 115.0, 430.0, 190.0, 140.0, 480.0, 140.0, 110.0, 240.0, 105.0, 110.0, 110.0, 125.0, 110.0, 215.0, 120.0, 105.0, 155.0, 110.0, 155.0, 235.0, 105.0, 120.0, 105.0, 480.0, 155.0, 105.0, 185.0, 160.0, 425.0, 105.0, 395.0, 390.0, 120.0], "episode_types": ["t", "t", "t", "t", "t", "t", "t", "t", "t", "t", "t", "t", "t", "t", "t", "t", "t", "t", "t", "t", "t", "t", "t", "t", "t", "t", "t", "t", "t", "t", "t", "t", "t", "t", "t", "t", "t", "t", "t", "t", "t", "t", "t", "t", "t", "t", "t", "t", "t", "t", "t"]}