{"initial_reset_timestamp": 1619980897.3218951, "timestamps": [1619980899.0569236, 1619980901.3157053, 1619980902.0330274, 1619980902.9491732, 1619980903.764004, 1619980905.0703762, 1619980905.7136335, 1619980906.5131998, 1619980908.5743518, 1619980909.2269082, 1619980910.6115854, 1619980911.7773688, 1619980912.494211, 1619980913.3186934, 1619980914.6152575, 1619980915.8904395, 1619980916.5253596, 1619980917.671072, 1619980918.1786785, 1619980918.789646, 1619980920.296559, 1619980921.286778, 1619980921.967999, 1619980922.6547954, 1619980923.3632503, 1619980924.059549, 1619980924.8751464, 1619980927.493894, 1619980928.5676248, 1619980929.1961582, 1619980930.4002576, 1619980930.989047, 1619980932.4005334, 1619980933.2824965, 1619980934.1678007, 1619980935.4824986, 1619980936.2158625, 1619980937.0881898, 1619980937.767704, 1619980938.4461896, 1619980939.1668308, 1619980939.8458567, 1619980940.7077243, 1619980941.9974437, 1619980943.0368228, 1619980943.696913, 1619980944.6646018, 1619980945.982316, 1619980947.0666046, 1619980947.7172756], "episode_lengths": [297, 597, 420, 547, 485, 784, 383, 477, 490, 375, 831, 703, 426, 492, 778, 764, 379, 695, 298, 365, 911, 598, 409, 412, 423, 414, 485, 809, 627, 374, 717, 352, 854, 529, 531, 786, 436, 519, 404, 408, 430, 403, 515, 778, 622, 393, 584, 787, 649, 388], "episode_rewards": [55.0, 240.0, 155.0, 210.0, 210.0, 210.0, 135.0, 165.0, 225.0, 95.0, 365.0, 245.0, 210.0, 210.0, 470.0, 155.0, 180.0, 305.0, 50.0, 80.0, 555.0, 425.0, 125.0, 210.0, 130.0, 65.0, 170.0, 405.0, 240.0, 210.0, 180.0, 80.0, 330.0, 180.0, 210.0, 225.0, 100.0, 210.0, 125.0, 185.0, 155.0, 155.0, 180.0, 285.0, 210.0, 135.0, 215.0, 380.0, 260.0, 65.0], "episode_types": ["t", "t", "t", "t", "t", "t", "t", "t", "t", "t", "t", "t", "t", "t", "t", "t", "t", "t", "t", "t", "t", "t", "t", "t", "t", "t", "t", "t", "t", "t", "t", "t", "t", "t", "t", "t", "t", "t", "t", "t", "t", "t", "t", "t", "t", "t", "t", "t", "t", "t", "t"]}