{"initial_reset_timestamp": 1619970172.3110385, "timestamps": [1619970173.5504723, 1619970174.8760836, 1619970175.7471607, 1619970176.1902738, 1619970176.9443738, 1619970177.6034832, 1619970177.9460776, 1619970178.5862298, 1619970179.431394, 1619970180.0791721, 1619970181.0104544, 1619970181.6940787, 1619970182.2881298, 1619970183.0371063, 1619970183.3586943, 1619970183.6771612, 1619970184.3900092, 1619970185.2684984, 1619970185.975498, 1619970186.350768, 1619970186.9825134, 1619970188.022676, 1619970188.6701508, 1619970189.4242702, 1619970190.0440085, 1619970190.7246492, 1619970191.6879952, 1619970192.9778793, 1619970193.5834863, 1619970194.427167, 1619970195.12265, 1619970195.7532854, 1619970196.0817125, 1619970196.7094018, 1619970197.3350031, 1619970198.5445669, 1619970199.384339, 1619970200.3132844, 1619970200.9296877, 1619970201.5179768, 1619970202.2320817, 1619970203.286881, 1619970203.6453226, 1619970203.9749177, 1619970204.8257017, 1619970205.4570498, 1619970206.4391184, 1619970207.5011642, 1619970208.013485, 1619970208.9144645], "episode_lengths": [795, 833, 673, 348, 602, 526, 271, 512, 473, 505, 759, 578, 497, 634, 268, 267, 593, 673, 593, 305, 523, 877, 532, 626, 511, 562, 796, 856, 483, 725, 574, 515, 267, 519, 516, 1016, 697, 776, 504, 488, 586, 890, 293, 267, 704, 518, 820, 893, 422, 753], "episode_rewards": [345.0, 290.0, 215.0, 80.0, 180.0, 110.0, 95.0, 110.0, 105.0, 180.0, 215.0, 210.0, 190.0, 290.0, 50.0, 50.0, 245.0, 210.0, 485.0, 85.0, 180.0, 480.0, 130.0, 265.0, 155.0, 215.0, 410.0, 320.0, 185.0, 315.0, 230.0, 160.0, 50.0, 185.0, 185.0, 615.0, 225.0, 285.0, 140.0, 185.0, 175.0, 435.0, 125.0, 50.0, 235.0, 210.0, 485.0, 290.0, 110.0, 290.0], "episode_types": ["t", "t", "t", "t", "t", "t", "t", "t", "t", "t", "t", "t", "t", "t", "t", "t", "t", "t", "t", "t", "t", "t", "t", "t", "t", "t", "t", "t", "t", "t", "t", "t", "t", "t", "t", "t", "t", "t", "t", "t", "t", "t", "t", "t", "t", "t", "t", "t", "t", "t", "t"]}