{"initial_reset_timestamp": 1619993963.559439, "timestamps": [1619993966.2238088, 1619993968.7145612, 1619993971.2532003, 1619993972.3582351, 1619993973.6090038, 1619993976.0620816, 1619993977.3373737, 1619993979.6505184, 1619993982.1191337, 1619993983.3130422, 1619993985.8743074, 1619993987.1260202, 1619993989.5825353, 1619993990.920546, 1619993992.0566082, 1619993993.0451717, 1619993994.5176318, 1619993996.8192496, 1619993997.8233202, 1619993999.1068854, 1619994000.3014116, 1619994001.4242742, 1619994003.7565866, 1619994006.293062, 1619994008.6109066, 1619994009.98167, 1619994012.6180542, 1619994015.2576568, 1619994017.133354, 1619994019.8852656, 1619994020.9649744, 1619994022.0711868, 1619994023.367847, 1619994024.5218267, 1619994026.7039502, 1619994029.5927746, 1619994032.1806316, 1619994033.3832197, 1619994034.6458864, 1619994035.7617555, 1619994037.022774, 1619994038.25542, 1619994039.3501, 1619994041.5524576, 1619994044.1069102, 1619994045.3613427, 1619994046.5548098, 1619994047.623682, 1619994048.9111013, 1619994050.175438], "episode_lengths": [909, 783, 1755, 759, 868, 1703, 877, 1621, 778, 813, 1791, 873, 1716, 937, 783, 683, 1031, 1599, 696, 895, 827, 782, 1624, 1773, 1610, 953, 1834, 900, 1277, 1919, 753, 771, 894, 801, 1526, 2029, 1819, 841, 884, 778, 877, 859, 763, 1529, 1784, 875, 834, 738, 898, 883], "episode_rewards": [800.0, 600.0, 1145.0, 575.0, 800.0, 1490.0, 805.0, 1230.0, 600.0, 800.0, 1230.0, 575.0, 1230.0, 600.0, 525.0, 540.0, 800.0, 1095.0, 600.0, 600.0, 570.0, 775.0, 1145.0, 1255.0, 1410.0, 805.0, 1055.0, 605.0, 1195.0, 1100.0, 600.0, 800.0, 580.0, 600.0, 1520.0, 1275.0, 1345.0, 600.0, 600.0, 800.0, 600.0, 600.0, 600.0, 935.0, 1130.0, 575.0, 605.0, 570.0, 605.0, 515.0], "episode_types": ["t", "t", "t", "t", "t", "t", "t", "t", "t", "t", "t", "t", "t", "t", "t", "t", "t", "t", "t", "t", "t", "t", "t", "t", "t", "t", "t", "t", "t", "t", "t", "t", "t", "t", "t", "t", "t", "t", "t", "t", "t", "t", "t", "t", "t", "t", "t", "t", "t", "t", "t"]}