{"initial_reset_timestamp": 1619975410.2101424, "timestamps": [1619975413.0092087, 1619975414.9168677, 1619975415.680074, 1619975416.5800605, 1619975417.2995923, 1619975418.0665543, 1619975418.7875748, 1619975419.5140207, 1619975421.531594, 1619975422.3112254, 1619975423.081971, 1619975424.1057634, 1619975425.1429443, 1619975425.8870585, 1619975426.6512516, 1619975427.5513272, 1619975428.2771716, 1619975429.6301122, 1619975430.3891218, 1619975431.1766586, 1619975431.925641, 1619975432.6808572, 1619975433.4485626, 1619975434.3711677, 1619975435.0819001, 1619975435.886468, 1619975436.6459355, 1619975438.8821573, 1619975439.675644, 1619975440.439627, 1619975441.2574615, 1619975442.0249395, 1619975442.7499032, 1619975443.509693, 1619975444.6006048, 1619975445.3657024, 1619975446.3881044, 1619975447.1501262, 1619975447.8854923, 1619975448.787438, 1619975449.5945795, 1619975450.349113, 1619975451.3949583, 1619975452.1735778, 1619975452.952057, 1619975453.7306814, 1619975454.507103, 1619975455.252031, 1619975456.0473757, 1619975456.8017445], "episode_lengths": [695, 471, 486, 595, 477, 508, 477, 481, 507, 504, 508, 680, 690, 494, 508, 598, 482, 906, 504, 524, 498, 499, 508, 614, 471, 535, 504, 685, 508, 504, 540, 508, 479, 503, 725, 506, 680, 504, 488, 599, 536, 497, 682, 504, 504, 508, 507, 486, 519, 493], "episode_rewards": [130.0, 75.0, 75.0, 105.0, 50.0, 105.0, 50.0, 15.0, 15.0, 75.0, 75.0, 15.0, 30.0, 75.0, 105.0, 135.0, 75.0, 65.0, 75.0, 50.0, 75.0, 50.0, 75.0, 120.0, 30.0, 75.0, 75.0, 105.0, 105.0, 50.0, 75.0, 105.0, 80.0, 30.0, 120.0, 15.0, 55.0, 75.0, 105.0, 120.0, 50.0, 15.0, 30.0, 50.0, 50.0, 75.0, 75.0, 75.0, 105.0, 55.0], "episode_types": ["t", "t", "t", "t", "t", "t", "t", "t", "t", "t", "t", "t", "t", "t", "t", "t", "t", "t", "t", "t", "t", "t", "t", "t", "t", "t", "t", "t", "t", "t", "t", "t", "t", "t", "t", "t", "t", "t", "t", "t", "t", "t", "t", "t", "t", "t", "t", "t", "t", "t", "t"]}