{"initial_reset_timestamp": 1619981993.5649045, "timestamps": [1619981995.3777704, 1619981997.3952785, 1619981998.459813, 1619981999.1322737, 1619981999.9136848, 1619982000.523029, 1619982001.438236, 1619982002.3225448, 1619982004.6064382, 1619982005.6237867, 1619982006.589386, 1619982007.6591694, 1619982008.7073357, 1619982009.5116923, 1619982009.944607, 1619982010.4815552, 1619982011.3314219, 1619982012.2532558, 1619982012.9770982, 1619982013.6354487, 1619982014.3303235, 1619982015.1066556, 1619982016.1734812, 1619982016.8925478, 1619982017.7193189, 1619982018.4103892, 1619982018.7571833, 1619982020.0686471, 1619982020.7115643, 1619982021.4010928, 1619982021.9747303, 1619982022.6981914, 1619982023.7876816, 1619982024.3373873, 1619982024.6828222, 1619982025.3195834, 1619982026.155777, 1619982026.868295, 1619982027.598549, 1619982028.287662, 1619982028.63597, 1619982029.3848739, 1619982030.3750103, 1619982031.082654, 1619982031.7626529, 1619982032.4134521, 1619982032.9726243, 1619982033.658632, 1619982034.3072228, 1619982034.9856117], "episode_lengths": [655, 818, 881, 562, 651, 502, 765, 756, 611, 481, 460, 605, 767, 636, 371, 460, 735, 796, 620, 559, 599, 672, 929, 624, 721, 595, 296, 296, 529, 592, 492, 625, 957, 471, 297, 547, 726, 619, 637, 595, 296, 646, 859, 608, 586, 555, 478, 592, 560, 588], "episode_rewards": [185.0, 190.0, 200.0, 125.0, 180.0, 110.0, 240.0, 190.0, 120.0, 145.0, 105.0, 170.0, 455.0, 155.0, 60.0, 105.0, 430.0, 180.0, 110.0, 110.0, 125.0, 155.0, 325.0, 210.0, 210.0, 165.0, 80.0, 75.0, 180.0, 130.0, 120.0, 140.0, 395.0, 105.0, 105.0, 105.0, 470.0, 140.0, 190.0, 165.0, 80.0, 200.0, 225.0, 155.0, 125.0, 115.0, 105.0, 120.0, 385.0, 110.0], "episode_types": ["t", "t", "t", "t", "t", "t", "t", "t", "t", "t", "t", "t", "t", "t", "t", "t", "t", "t", "t", "t", "t", "t", "t", "t", "t", "t", "t", "t", "t", "t", "t", "t", "t", "t", "t", "t", "t", "t", "t", "t", "t", "t", "t", "t", "t", "t", "t", "t", "t", "t", "t"]}