{"initial_reset_timestamp": 1619967330.4150162, "timestamps": [1619967331.5119112, 1619967332.5748427, 1619967333.3224761, 1619967334.1629531, 1619967334.727533, 1619967335.9543757, 1619967336.476185, 1619967337.143463, 1619967338.2409325, 1619967339.2284722, 1619967339.6951678, 1619967340.0535207, 1619967340.9638424, 1619967341.640993, 1619967342.31989, 1619967342.9565573, 1619967343.6752563, 1619967344.0175247, 1619967344.690884, 1619967345.4385188, 1619967346.537422, 1619967347.210572, 1619967348.296479, 1619967349.3148441, 1619967350.2666824, 1619967350.6302543, 1619967351.4651804, 1619967352.3816123, 1619967353.5207675, 1619967353.892615, 1619967354.5541523, 1619967355.5948427, 1619967356.4708676, 1619967357.545152, 1619967358.4953444, 1619967359.2699568, 1619967360.0288634, 1619967360.870094, 1619967362.056687, 1619967362.7281415, 1619967363.4545064, 1619967364.0925937, 1619967364.8346004, 1619967365.466028, 1619967366.7366092, 1619967367.0758862, 1619967367.7739656, 1619967368.220463, 1619967369.08979, 1619967369.8667982], "episode_lengths": [517, 554, 506, 626, 367, 937, 396, 507, 619, 737, 350, 271, 694, 499, 517, 437, 516, 262, 512, 580, 853, 511, 838, 787, 731, 268, 635, 491, 871, 281, 510, 826, 669, 825, 753, 592, 582, 641, 928, 513, 556, 483, 554, 444, 1045, 267, 523, 301, 704, 640], "episode_rewards": [160.0, 215.0, 215.0, 260.0, 125.0, 410.0, 60.0, 245.0, 190.0, 270.0, 50.0, 70.0, 175.0, 210.0, 185.0, 235.0, 185.0, 65.0, 130.0, 185.0, 390.0, 185.0, 275.0, 315.0, 395.0, 50.0, 90.0, 185.0, 675.0, 135.0, 215.0, 290.0, 215.0, 290.0, 290.0, 395.0, 185.0, 120.0, 225.0, 405.0, 180.0, 195.0, 180.0, 30.0, 360.0, 50.0, 215.0, 95.0, 335.0, 190.0], "episode_types": ["t", "t", "t", "t", "t", "t", "t", "t", "t", "t", "t", "t", "t", "t", "t", "t", "t", "t", "t", "t", "t", "t", "t", "t", "t", "t", "t", "t", "t", "t", "t", "t", "t", "t", "t", "t", "t", "t", "t", "t", "t", "t", "t", "t", "t", "t", "t", "t", "t", "t", "t"]}