{"initial_reset_timestamp": 1619974969.7801266, "timestamps": [1619974972.0396388, 1619974974.2584264, 1619974975.3049564, 1619974976.326472, 1619974977.57348, 1619974978.5903056, 1619974979.6126082, 1619974980.6357863, 1619974982.890502, 1619974983.9370184, 1619974984.9548025, 1619974985.9698665, 1619974986.9192455, 1619974987.9374676, 1619974988.963305, 1619974989.979109, 1619974990.9691157, 1619974991.9864786, 1619974993.0080218, 1619974994.0289285, 1619974995.0426393, 1619974996.0600169, 1619974997.0783572, 1619974998.1006339, 1619974999.100057, 1619975000.1180415, 1619975001.1347094, 1619975003.3948212, 1619975004.4365826, 1619975005.455239, 1619975006.4727185, 1619975007.4392254, 1619975008.3986716, 1619975009.4142082, 1619975010.4310338, 1619975011.4471767, 1619975012.4632056, 1619975013.489331, 1619975014.402862, 1619975015.4169748, 1619975016.4343114, 1619975017.4543343, 1619975018.4778469, 1619975019.4949396, 1619975020.5136876, 1619975021.525861, 1619975022.4575353, 1619975023.446803, 1619975024.3891814, 1619975025.4042597], "episode_lengths": [659, 619, 659, 659, 807, 657, 659, 659, 659, 659, 659, 659, 614, 659, 662, 659, 642, 659, 659, 659, 657, 659, 659, 659, 647, 659, 659, 659, 659, 659, 659, 627, 619, 659, 659, 659, 659, 659, 590, 659, 659, 659, 659, 659, 659, 659, 603, 639, 612, 659], "episode_rewards": [180.0, 180.0, 180.0, 180.0, 330.0, 180.0, 180.0, 180.0, 180.0, 180.0, 180.0, 180.0, 155.0, 180.0, 180.0, 180.0, 180.0, 180.0, 180.0, 180.0, 180.0, 180.0, 180.0, 180.0, 210.0, 180.0, 180.0, 180.0, 180.0, 180.0, 180.0, 180.0, 180.0, 180.0, 180.0, 180.0, 180.0, 180.0, 155.0, 180.0, 180.0, 180.0, 180.0, 180.0, 180.0, 180.0, 180.0, 210.0, 155.0, 180.0], "episode_types": ["t", "t", "t", "t", "t", "t", "t", "t", "t", "t", "t", "t", "t", "t", "t", "t", "t", "t", "t", "t", "t", "t", "t", "t", "t", "t", "t", "t", "t", "t", "t", "t", "t", "t", "t", "t", "t", "t", "t", "t", "t", "t", "t", "t", "t", "t", "t", "t", "t", "t", "t"]}