{"initial_reset_timestamp": 1619991187.1137154, "timestamps": [1619991189.5490155, 1619991192.221969, 1619991193.2406294, 1619991194.6436486, 1619991195.854965, 1619991197.0532477, 1619991199.5397472, 1619991201.101172, 1619991203.7586784, 1619991206.3769126, 1619991207.4683704, 1619991208.4526868, 1619991211.1666095, 1619991212.155175, 1619991213.5089478, 1619991214.7264433, 1619991215.9602613, 1619991217.3303168, 1619991218.2687423, 1619991220.73432, 1619991221.9128559, 1619991223.4109192, 1619991224.6540532, 1619991225.8778312, 1619991227.0585015, 1619991227.8394444, 1619991228.64132, 1619991230.7413857, 1619991233.1375535, 1619991234.418332, 1619991235.5619435, 1619991236.682623, 1619991239.5734513, 1619991240.955661, 1619991243.4562888, 1619991244.921057, 1619991245.9550636, 1619991247.0662723, 1619991248.652407, 1619991251.1204677, 1619991252.483129, 1619991253.5788233, 1619991254.7829602, 1619991255.82438, 1619991256.9508908, 1619991257.7085965, 1619991258.6872962, 1619991259.8389552, 1619991262.378526, 1619991263.627103], "episode_lengths": [752, 914, 681, 989, 837, 835, 1738, 1102, 914, 1812, 763, 687, 1913, 688, 958, 848, 867, 973, 642, 1741, 833, 1057, 870, 861, 838, 532, 548, 532, 1661, 901, 796, 795, 2046, 981, 1772, 1041, 730, 775, 1126, 1745, 968, 763, 861, 728, 790, 521, 691, 812, 1794, 894], "episode_rewards": [485.0, 800.0, 545.0, 800.0, 510.0, 600.0, 1150.0, 600.0, 545.0, 1155.0, 575.0, 585.0, 1175.0, 575.0, 570.0, 530.0, 600.0, 570.0, 560.0, 1485.0, 575.0, 600.0, 575.0, 545.0, 600.0, 325.0, 385.0, 450.0, 1090.0, 540.0, 550.0, 600.0, 1115.0, 600.0, 1375.0, 600.0, 600.0, 800.0, 575.0, 1405.0, 1000.0, 555.0, 570.0, 565.0, 515.0, 665.0, 600.0, 600.0, 1205.0, 600.0], "episode_types": ["t", "t", "t", "t", "t", "t", "t", "t", "t", "t", "t", "t", "t", "t", "t", "t", "t", "t", "t", "t", "t", "t", "t", "t", "t", "t", "t", "t", "t", "t", "t", "t", "t", "t", "t", "t", "t", "t", "t", "t", "t", "t", "t", "t", "t", "t", "t", "t", "t", "t", "t"]}