{"initial_reset_timestamp": 1619975116.1807494, "timestamps": [1619975117.9470143, 1619975120.2884305, 1619975120.6854064, 1619975121.4241197, 1619975122.5110464, 1619975123.1818042, 1619975123.674182, 1619975124.2698808, 1619975125.9811115, 1619975126.9372945, 1619975127.9531288, 1619975128.3435025, 1619975129.070194, 1619975129.6470206, 1619975130.5751245, 1619975131.3101177, 1619975131.8964882, 1619975132.4772203, 1619975133.3528283, 1619975134.4981928, 1619975135.4482174, 1619975135.7874594, 1619975136.3953533, 1619975136.9115171, 1619975137.5729227, 1619975138.2291038, 1619975138.901557, 1619975140.9836357, 1619975141.610712, 1619975142.1269846, 1619975142.933732, 1619975143.54476, 1619975144.1269696, 1619975145.0011315, 1619975145.5170314, 1619975146.144277, 1619975146.6843, 1619975147.2678323, 1619975148.0241625, 1619975148.3824093, 1619975148.7677846, 1619975149.6431687, 1619975150.573441, 1619975151.2784593, 1619975152.1346843, 1619975153.0802116, 1619975153.9039788, 1619975154.687049, 1619975155.0553286, 1619975155.6968994], "episode_lengths": [393, 850, 299, 596, 891, 537, 393, 479, 355, 758, 824, 312, 587, 461, 750, 598, 470, 467, 710, 949, 778, 272, 485, 412, 531, 531, 545, 656, 475, 407, 651, 488, 460, 698, 414, 498, 424, 465, 606, 284, 305, 702, 760, 564, 686, 772, 669, 634, 289, 517], "episode_rewards": [75.0, 325.0, 80.0, 185.0, 395.0, 190.0, 85.0, 130.0, 35.0, 355.0, 425.0, 80.0, 260.0, 65.0, 475.0, 270.0, 205.0, 190.0, 190.0, 540.0, 505.0, 80.0, 160.0, 130.0, 195.0, 160.0, 170.0, 165.0, 190.0, 60.0, 265.0, 125.0, 30.0, 365.0, 125.0, 85.0, 100.0, 165.0, 220.0, 55.0, 75.0, 260.0, 370.0, 170.0, 205.0, 310.0, 275.0, 205.0, 65.0, 125.0], "episode_types": ["t", "t", "t", "t", "t", "t", "t", "t", "t", "t", "t", "t", "t", "t", "t", "t", "t", "t", "t", "t", "t", "t", "t", "t", "t", "t", "t", "t", "t", "t", "t", "t", "t", "t", "t", "t", "t", "t", "t", "t", "t", "t", "t", "t", "t", "t", "t", "t", "t", "t", "t"]}