{"initial_reset_timestamp": 1619983630.5696354, "timestamps": [1619983632.7649007, 1619983634.9280329, 1619983635.9909434, 1619983636.9734209, 1619983638.1628768, 1619983639.3675194, 1619983640.3533978, 1619983641.3055363, 1619983643.900125, 1619983645.062886, 1619983646.93748, 1619983647.8736975, 1619983648.3401847, 1619983649.094042, 1619983650.1152456, 1619983650.9299746, 1619983652.1382833, 1619983653.475594, 1619983654.4988124, 1619983655.4244983, 1619983656.5153584, 1619983657.9131267, 1619983658.9467106, 1619983659.7418554, 1619983660.669363, 1619983661.4291067, 1619983662.4243824, 1619983664.4226673, 1619983665.8089502, 1619983667.4206483, 1619983668.3646848, 1619983669.100669, 1619983670.0658715, 1619983671.0722022, 1619983672.0313246, 1619983672.802776, 1619983673.8868678, 1619983674.9039207, 1619983676.0217927, 1619983677.0355346, 1619983677.978953, 1619983679.018176, 1619983680.0551252, 1619983680.4988868, 1619983681.5401695, 1619983682.5119724, 1619983683.8228445, 1619983684.8157427, 1619983685.5525966, 1619983686.3723216], "episode_lengths": [584, 557, 622, 593, 717, 730, 594, 569, 825, 682, 1163, 572, 286, 457, 620, 492, 740, 813, 618, 557, 656, 854, 624, 482, 565, 456, 595, 474, 821, 977, 564, 443, 574, 600, 574, 459, 649, 609, 669, 606, 564, 625, 619, 262, 628, 581, 787, 593, 442, 489], "episode_rewards": [120.0, 105.0, 155.0, 155.0, 180.0, 225.0, 155.0, 120.0, 460.0, 400.0, 550.0, 120.0, 80.0, 105.0, 410.0, 90.0, 215.0, 415.0, 155.0, 105.0, 180.0, 215.0, 355.0, 80.0, 110.0, 105.0, 135.0, 105.0, 415.0, 315.0, 320.0, 65.0, 120.0, 155.0, 135.0, 105.0, 120.0, 135.0, 380.0, 120.0, 140.0, 155.0, 155.0, 45.0, 180.0, 155.0, 155.0, 135.0, 40.0, 105.0], "episode_types": ["t", "t", "t", "t", "t", "t", "t", "t", "t", "t", "t", "t", "t", "t", "t", "t", "t", "t", "t", "t", "t", "t", "t", "t", "t", "t", "t", "t", "t", "t", "t", "t", "t", "t", "t", "t", "t", "t", "t", "t", "t", "t", "t", "t", "t", "t", "t", "t", "t", "t", "t"]}