{"initial_reset_timestamp": 1619972777.9179761, "timestamps": [1619972778.9184177, 1619972780.2216318, 1619972780.718105, 1619972781.4679072, 1619972781.813697, 1619972782.7444603, 1619972783.4034314, 1619972783.9941041, 1619972785.156977, 1619972786.144568, 1619972786.4778352, 1619972787.2798383, 1619972788.0202467, 1619972788.4230766, 1619972789.0820415, 1619972789.8644273, 1619972790.7597456, 1619972791.977728, 1619972792.4870574, 1619972793.1239164, 1619972794.0142956, 1619972794.635549, 1619972795.4963918, 1619972795.8250358, 1619972797.0720284, 1619972797.425625, 1619972797.7692173, 1619972798.6720352, 1619972799.6645553, 1619972800.3294594, 1619972800.9862318, 1619972801.7623277, 1619972802.4068975, 1619972803.3834562, 1619972804.2503593, 1619972805.0676677, 1619972805.9214854, 1619972806.8067906, 1619972807.17329, 1619972807.8480027, 1619972808.1754773, 1619972808.7266219, 1619972809.4846487, 1619972810.5560992, 1619972811.4232934, 1619972812.0016, 1619972812.5935755, 1619972813.2095108, 1619972814.121261, 1619972814.9213145], "episode_lengths": [594, 752, 405, 634, 288, 800, 554, 492, 767, 817, 268, 655, 603, 325, 538, 644, 735, 1005, 410, 516, 755, 507, 715, 264, 1036, 285, 277, 535, 805, 540, 534, 646, 524, 806, 715, 681, 696, 738, 296, 554, 268, 461, 628, 886, 709, 470, 483, 502, 758, 662], "episode_rewards": [440.0, 315.0, 90.0, 260.0, 85.0, 535.0, 440.0, 215.0, 365.0, 265.0, 35.0, 290.0, 120.0, 80.0, 230.0, 360.0, 325.0, 215.0, 20.0, 145.0, 275.0, 325.0, 275.0, 90.0, 400.0, 85.0, 105.0, 70.0, 265.0, 135.0, 110.0, 310.0, 70.0, 365.0, 215.0, 535.0, 270.0, 390.0, 50.0, 215.0, 50.0, 190.0, 170.0, 410.0, 240.0, 170.0, 185.0, 215.0, 450.0, 295.0], "episode_types": ["t", "t", "t", "t", "t", "t", "t", "t", "t", "t", "t", "t", "t", "t", "t", "t", "t", "t", "t", "t", "t", "t", "t", "t", "t", "t", "t", "t", "t", "t", "t", "t", "t", "t", "t", "t", "t", "t", "t", "t", "t", "t", "t", "t", "t", "t", "t", "t", "t", "t", "t"]}