{"initial_reset_timestamp": 1619987171.0193284, "timestamps": [1619987172.6498137, 1619987174.4169698, 1619987174.8105967, 1619987175.501776, 1619987176.2905667, 1619987177.0563514, 1619987177.6889694, 1619987178.5608485, 1619987180.1787307, 1619987181.1915176, 1619987181.8498278, 1619987182.6352522, 1619987183.4295473, 1619987184.0526426, 1619987184.5125976, 1619987185.1047502, 1619987185.869261, 1619987186.6364954, 1619987187.2183752, 1619987187.8512142, 1619987188.7761402, 1619987189.6457317, 1619987190.2391818, 1619987190.6247902, 1619987191.5185766, 1619987192.2204902, 1619987192.9715056, 1619987194.6268046, 1619987195.5191345, 1619987196.2588189, 1619987196.969068, 1619987197.5377061, 1619987198.542192, 1619987199.412587, 1619987199.7690744, 1619987200.6435406, 1619987201.259876, 1619987202.3969386, 1619987203.1180813, 1619987204.2871552, 1619987204.608056, 1619987205.1821733, 1619987206.5802577, 1619987206.9428089, 1619987207.8806846, 1619987208.6117175, 1619987209.5714512, 1619987210.6118548, 1619987211.349815, 1619987212.4961398], "episode_lengths": [507, 590, 295, 560, 628, 626, 510, 703, 509, 786, 515, 628, 648, 501, 372, 474, 616, 610, 477, 317, 616, 738, 502, 321, 765, 610, 640, 569, 739, 615, 593, 474, 853, 737, 295, 733, 514, 974, 609, 1010, 276, 499, 1200, 298, 791, 607, 806, 880, 611, 965], "episode_rewards": [145.0, 200.0, 45.0, 235.0, 500.0, 280.0, 155.0, 265.0, 60.0, 335.0, 125.0, 230.0, 290.0, 145.0, 165.0, 120.0, 425.0, 230.0, 140.0, 60.0, 230.0, 265.0, 190.0, 80.0, 515.0, 215.0, 215.0, 250.0, 365.0, 245.0, 215.0, 105.0, 290.0, 265.0, 30.0, 240.0, 140.0, 565.0, 245.0, 370.0, 70.0, 120.0, 360.0, 50.0, 345.0, 215.0, 290.0, 315.0, 200.0, 180.0], "episode_types": ["t", "t", "t", "t", "t", "t", "t", "t", "t", "t", "t", "t", "t", "t", "t", "t", "t", "t", "t", "t", "t", "t", "t", "t", "t", "t", "t", "t", "t", "t", "t", "t", "t", "t", "t", "t", "t", "t", "t", "t", "t", "t", "t", "t", "t", "t", "t", "t", "t", "t", "t"]}