{"initial_reset_timestamp": 1619988217.18189, "timestamps": [1619988219.2032187, 1619988221.2770855, 1619988222.0888102, 1619988222.8653743, 1619988223.6485868, 1619988224.4201822, 1619988225.2034376, 1619988226.015696, 1619988228.0282784, 1619988228.8484757, 1619988229.8149157, 1619988230.9179425, 1619988232.0433795, 1619988232.8748522, 1619988233.6847906, 1619988234.7746441, 1619988235.6319635, 1619988236.4604213, 1619988237.283559, 1619988238.9331014, 1619988239.6899207, 1619988240.4648168, 1619988241.4354935, 1619988242.53237, 1619988243.3205056, 1619988244.1267638, 1619988244.924205, 1619988247.144104, 1619988248.005324, 1619988248.7743187, 1619988249.5850146, 1619988250.3563693, 1619988251.1256156, 1619988251.9016254, 1619988252.7070997, 1619988253.4825106, 1619988254.2638698, 1619988255.078944, 1619988256.068677, 1619988256.825282, 1619988257.8457303, 1619988258.6653855, 1619988259.4380631, 1619988260.2199872, 1619988260.9969769, 1619988261.8024938, 1619988262.6286626, 1619988263.4492776, 1619988264.2444518, 1619988265.045865], "episode_lengths": [481, 500, 484, 477, 480, 475, 483, 502, 483, 492, 596, 684, 695, 515, 503, 675, 532, 512, 508, 1033, 469, 480, 604, 682, 489, 502, 493, 606, 507, 477, 500, 477, 477, 481, 500, 481, 484, 504, 613, 468, 636, 509, 479, 484, 482, 500, 511, 510, 488, 496], "episode_rewards": [30.0, 50.0, 30.0, 30.0, 105.0, 30.0, 50.0, 20.0, 105.0, 75.0, 110.0, 65.0, 75.0, 105.0, 30.0, 5.0, 55.0, 50.0, 105.0, 355.0, 30.0, 30.0, 110.0, 30.0, 50.0, 30.0, 105.0, 135.0, 30.0, 50.0, 50.0, 30.0, 5.0, 30.0, 50.0, 30.0, 30.0, 15.0, 120.0, 50.0, 105.0, 50.0, 35.0, 50.0, 105.0, 50.0, 50.0, 75.0, 105.0, 50.0], "episode_types": ["t", "t", "t", "t", "t", "t", "t", "t", "t", "t", "t", "t", "t", "t", "t", "t", "t", "t", "t", "t", "t", "t", "t", "t", "t", "t", "t", "t", "t", "t", "t", "t", "t", "t", "t", "t", "t", "t", "t", "t", "t", "t", "t", "t", "t", "t", "t", "t", "t", "t", "t"]}