{"initial_reset_timestamp": 1619986867.0457983, "timestamps": [1619986868.495709, 1619986870.3305154, 1619986870.9419696, 1619986871.545532, 1619986872.2706337, 1619986872.9778512, 1619986873.6846895, 1619986874.1707034, 1619986875.4535515, 1619986875.9216113, 1619986876.4619527, 1619986877.1004488, 1619986877.908731, 1619986878.3858, 1619986879.2082727, 1619986879.5312948, 1619986880.427364, 1619986881.213313, 1619986882.0886815, 1619986882.8004146, 1619986883.24855, 1619986883.9910219, 1619986884.9047642, 1619986885.3687093, 1619986886.1834252, 1619986886.8969338, 1619986887.3331966, 1619986888.7627432, 1619986889.3888564, 1619986890.232169, 1619986890.7901733, 1619986891.1271408, 1619986891.8922694, 1619986892.3468149, 1619986892.9312534, 1619986893.7605705, 1619986894.6304471, 1619986895.0911913, 1619986895.4575562, 1619986896.2111452, 1619986897.2068315, 1619986898.0398424, 1619986898.5496657, 1619986898.916164, 1619986899.7902322, 1619986900.5877175, 1619986901.4557025, 1619986901.7913196, 1619986902.505986, 1619986903.3657165], "episode_lengths": [406, 696, 490, 499, 608, 587, 596, 402, 266, 365, 449, 526, 683, 397, 693, 267, 763, 671, 737, 596, 369, 636, 773, 384, 696, 601, 365, 385, 497, 714, 468, 276, 640, 377, 483, 674, 707, 364, 289, 599, 810, 667, 395, 285, 710, 640, 692, 262, 574, 690], "episode_rewards": [190.0, 300.0, 245.0, 200.0, 255.0, 190.0, 235.0, 60.0, 60.0, 90.0, 225.0, 115.0, 265.0, 155.0, 315.0, 30.0, 285.0, 455.0, 265.0, 315.0, 100.0, 280.0, 300.0, 70.0, 245.0, 185.0, 145.0, 115.0, 135.0, 475.0, 175.0, 45.0, 240.0, 170.0, 175.0, 380.0, 325.0, 60.0, 65.0, 175.0, 315.0, 225.0, 145.0, 65.0, 325.0, 270.0, 270.0, 30.0, 335.0, 535.0], "episode_types": ["t", "t", "t", "t", "t", "t", "t", "t", "t", "t", "t", "t", "t", "t", "t", "t", "t", "t", "t", "t", "t", "t", "t", "t", "t", "t", "t", "t", "t", "t", "t", "t", "t", "t", "t", "t", "t", "t", "t", "t", "t", "t", "t", "t", "t", "t", "t", "t", "t", "t", "t"]}