{"initial_reset_timestamp": 1619982589.2783027, "timestamps": [1619982590.8996296, 1619982592.1852229, 1619982592.6911113, 1619982593.0516577, 1619982593.5366151, 1619982594.1508703, 1619982594.635173, 1619982594.987734, 1619982596.4437358, 1619982597.0620432, 1619982597.4226103, 1619982597.7739258, 1619982598.428756, 1619982599.0423882, 1619982600.0062673, 1619982600.9270127, 1619982601.4171114, 1619982602.0680788, 1619982602.6724124, 1619982603.0107245, 1619982603.3676674, 1619982603.704061, 1619982604.2070384, 1619982604.862556, 1619982605.479344, 1619982605.834761, 1619982606.6909986, 1619982608.2134907, 1619982608.5945945, 1619982609.0799308, 1619982609.4303713, 1619982609.9292471, 1619982610.426643, 1619982610.895036, 1619982611.3740797, 1619982611.7334077, 1619982612.7416549, 1619982613.26294, 1619982613.6172266, 1619982614.2482443, 1619982614.7194774, 1619982615.0578053, 1619982616.0614629, 1619982617.0772474, 1619982617.569197, 1619982618.0892134, 1619982618.573216, 1619982619.058503, 1619982619.53975, 1619982620.3876784], "episode_lengths": [502, 232, 380, 283, 388, 488, 385, 281, 371, 477, 281, 281, 524, 486, 781, 743, 392, 519, 481, 268, 278, 268, 401, 523, 487, 281, 688, 421, 283, 384, 276, 398, 395, 374, 380, 283, 814, 417, 282, 511, 375, 268, 818, 826, 390, 418, 386, 387, 381, 697], "episode_rewards": [125.0, 40.0, 110.0, 70.0, 100.0, 150.0, 85.0, 70.0, 85.0, 205.0, 35.0, 50.0, 125.0, 150.0, 535.0, 310.0, 135.0, 140.0, 40.0, 25.0, 50.0, 60.0, 115.0, 165.0, 90.0, 70.0, 470.0, 140.0, 65.0, 140.0, 50.0, 140.0, 125.0, 110.0, 110.0, 25.0, 265.0, 155.0, 50.0, 245.0, 125.0, 30.0, 320.0, 275.0, 50.0, 140.0, 120.0, 125.0, 165.0, 290.0], "episode_types": ["t", "t", "t", "t", "t", "t", "t", "t", "t", "t", "t", "t", "t", "t", "t", "t", "t", "t", "t", "t", "t", "t", "t", "t", "t", "t", "t", "t", "t", "t", "t", "t", "t", "t", "t", "t", "t", "t", "t", "t", "t", "t", "t", "t", "t", "t", "t", "t", "t", "t", "t"]}