{"initial_reset_timestamp": 1620021658.9599352, "timestamps": [1620021665.5946758], "episode_lengths": [1470], "episode_rewards": [1375.0], "episode_types": ["t"]}