{"initial_reset_timestamp": 1619971559.8015802, "timestamps": [1619971561.6662457, 1619971563.7232747, 1619971564.6830885, 1619971565.6802404, 1619971566.2386484, 1619971567.1409419, 1619971567.7897065, 1619971568.588779, 1619971570.6364982, 1619971571.311315, 1619971572.1769438, 1619971572.9222827, 1619971573.7151036, 1619971574.341854, 1619971574.9319408, 1619971575.7857883, 1619971576.5655766, 1619971577.4056299, 1619971578.1649873, 1619971579.1479564, 1619971579.5888767, 1619971580.1442306, 1619971580.9911761, 1619971581.6063423, 1619971582.5187073, 1619971583.1471615, 1619971583.5635908, 1619971585.4613032, 1619971586.2796035, 1619971586.8849797, 1619971587.6750379, 1619971588.315139, 1619971588.7724874, 1619971589.2827868, 1619971590.2725918, 1619971590.6773777, 1619971591.4054055, 1619971591.9731624, 1619971592.9880857, 1619971593.6251423, 1619971594.417828, 1619971594.887778, 1619971595.3248618, 1619971595.9167988, 1619971596.3168366, 1619971597.0426207, 1619971597.92364, 1619971598.6026208, 1619971599.0630682, 1619971599.5769854], "episode_lengths": [485, 632, 770, 815, 453, 744, 521, 656, 600, 515, 703, 608, 649, 512, 480, 699, 642, 683, 622, 824, 359, 452, 693, 500, 750, 512, 334, 533, 648, 490, 644, 521, 372, 409, 812, 326, 594, 467, 834, 522, 647, 380, 356, 481, 324, 588, 729, 558, 372, 419], "episode_rewards": [185.0, 260.0, 250.0, 215.0, 55.0, 380.0, 205.0, 295.0, 185.0, 175.0, 245.0, 325.0, 310.0, 160.0, 200.0, 360.0, 220.0, 330.0, 285.0, 365.0, 60.0, 240.0, 260.0, 190.0, 285.0, 120.0, 85.0, 215.0, 180.0, 45.0, 300.0, 145.0, 165.0, 115.0, 335.0, 70.0, 260.0, 180.0, 215.0, 155.0, 295.0, 200.0, 55.0, 160.0, 145.0, 175.0, 320.0, 260.0, 80.0, 235.0], "episode_types": ["t", "t", "t", "t", "t", "t", "t", "t", "t", "t", "t", "t", "t", "t", "t", "t", "t", "t", "t", "t", "t", "t", "t", "t", "t", "t", "t", "t", "t", "t", "t", "t", "t", "t", "t", "t", "t", "t", "t", "t", "t", "t", "t", "t", "t", "t", "t", "t", "t", "t", "t"]}