{"initial_reset_timestamp": 1619978376.815701, "timestamps": [1619978378.2093644, 1619978379.7821825, 1619978380.2668874, 1619978380.7321477, 1619978381.2981918, 1619978381.6114233, 1619978381.96197, 1619978382.5252914, 1619978383.9886143, 1619978384.4756088, 1619978385.0592005, 1619978385.5338619, 1619978386.3661618, 1619978387.2547088, 1619978387.5758703, 1619978388.053726, 1619978388.6573815, 1619978389.1354702, 1619978390.11937, 1619978390.9955611, 1619978391.628218, 1619978392.2413015, 1619978393.4776402, 1619978394.0430624, 1619978395.4029136, 1619978396.8506699, 1619978398.2968059, 1619978400.1320987, 1619978400.8136823, 1619978402.0826085, 1619978403.4457884, 1619978404.010612, 1619978405.450267, 1619978406.0211577, 1619978407.0534666, 1619978407.617909, 1619978408.1837463, 1619978408.7502034, 1619978409.973026, 1619978410.8115091, 1619978411.4786358, 1619978412.7078753, 1619978413.9270144, 1619978414.4938366, 1619978415.050378, 1619978416.344705, 1619978417.3507652, 1619978417.7055883, 1619978418.057027, 1619978418.5006363], "episode_lengths": [337, 473, 383, 382, 466, 258, 288, 465, 404, 389, 484, 391, 692, 740, 265, 393, 497, 393, 823, 736, 530, 508, 1048, 470, 1164, 1229, 1222, 695, 555, 1062, 1151, 468, 1218, 474, 871, 467, 468, 472, 1041, 705, 559, 1049, 1040, 474, 463, 1109, 853, 293, 291, 372], "episode_rewards": [45.0, 85.0, 25.0, 70.0, 45.0, 20.0, 25.0, 45.0, 40.0, 75.0, 120.0, 40.0, 175.0, 240.0, 55.0, 50.0, 185.0, 60.0, 270.0, 200.0, 120.0, 100.0, 210.0, 65.0, 260.0, 185.0, 225.0, 155.0, 110.0, 145.0, 300.0, 60.0, 255.0, 110.0, 225.0, 95.0, 65.0, 85.0, 175.0, 195.0, 135.0, 190.0, 170.0, 95.0, 15.0, 345.0, 470.0, 30.0, 50.0, 30.0], "episode_types": ["t", "t", "t", "t", "t", "t", "t", "t", "t", "t", "t", "t", "t", "t", "t", "t", "t", "t", "t", "t", "t", "t", "t", "t", "t", "t", "t", "t", "t", "t", "t", "t", "t", "t", "t", "t", "t", "t", "t", "t", "t", "t", "t", "t", "t", "t", "t", "t", "t", "t", "t"]}