{"initial_reset_timestamp": 1619987474.5465522, "timestamps": [1619987476.268427, 1619987478.2498407, 1619987479.1949823, 1619987479.94041, 1619987480.5616717, 1619987481.1732967, 1619987481.7929587, 1619987482.5553505, 1619987484.5084002, 1619987485.409692, 1619987485.8819237, 1619987486.821092, 1619987487.4611487, 1619987487.9369643, 1619987488.6943793, 1619987489.2671318, 1619987489.9214275, 1619987491.004971, 1619987492.2309675, 1619987492.8306754, 1619987493.2049367, 1619987494.100005, 1619987494.5688403, 1619987495.0355206, 1619987495.895537, 1619987496.5320177, 1619987497.4375436, 1619987498.884707, 1619987499.3648036, 1619987500.5262465, 1619987501.495005, 1619987502.1081705, 1619987502.8536718, 1619987503.600207, 1619987504.4083157, 1619987504.8650248, 1619987505.233604, 1619987506.3539903, 1619987507.2237093, 1619987507.8354733, 1619987508.94858, 1619987509.9709375, 1619987510.7705038, 1619987511.6380124, 1619987512.1365511, 1619987512.737091, 1619987513.3808997, 1619987513.7366822, 1619987514.217034, 1619987514.9782572], "episode_lengths": [588, 772, 738, 596, 488, 486, 494, 614, 759, 709, 376, 764, 513, 387, 610, 456, 521, 892, 991, 480, 297, 722, 370, 374, 711, 509, 731, 369, 373, 931, 791, 492, 603, 599, 656, 357, 298, 913, 706, 495, 911, 823, 643, 713, 398, 480, 530, 289, 388, 626], "episode_rewards": [210.0, 285.0, 220.0, 230.0, 80.0, 190.0, 155.0, 260.0, 215.0, 210.0, 90.0, 440.0, 155.0, 145.0, 250.0, 95.0, 160.0, 390.0, 690.0, 145.0, 70.0, 410.0, 70.0, 60.0, 285.0, 130.0, 465.0, 100.0, 115.0, 405.0, 365.0, 155.0, 125.0, 235.0, 245.0, 40.0, 115.0, 220.0, 350.0, 130.0, 230.0, 250.0, 170.0, 215.0, 95.0, 145.0, 145.0, 95.0, 110.0, 350.0], "episode_types": ["t", "t", "t", "t", "t", "t", "t", "t", "t", "t", "t", "t", "t", "t", "t", "t", "t", "t", "t", "t", "t", "t", "t", "t", "t", "t", "t", "t", "t", "t", "t", "t", "t", "t", "t", "t", "t", "t", "t", "t", "t", "t", "t", "t", "t", "t", "t", "t", "t", "t", "t"]}