{"initial_reset_timestamp": 1620019718.0299747, "timestamps": [1620019719.031741, 1620019720.5790992, 1620019721.752272, 1620019722.555207, 1620019723.3603356, 1620019724.249976, 1620019725.115659, 1620019726.2889144, 1620019727.5798976, 1620019728.4620903, 1620019729.478272, 1620019730.3059814, 1620019731.1807775, 1620019732.041367, 1620019733.0527608, 1620019734.2342339, 1620019735.0018396, 1620019735.8789108, 1620019736.693301, 1620019737.506343, 1620019738.3535283, 1620019739.214356, 1620019740.3654704, 1620019741.195958, 1620019742.0360875, 1620019742.82359, 1620019743.694052, 1620019744.7320514, 1620019745.6170924, 1620019746.6263654, 1620019747.43185, 1620019748.2671154, 1620019749.1488118, 1620019750.0078018, 1620019750.868783, 1620019751.6849263, 1620019752.453201, 1620019753.2746568, 1620019754.335284, 1620019755.1576815, 1620019755.9271703, 1620019756.76251, 1620019757.6224759, 1620019758.5430286, 1620019759.3860672, 1620019760.249547, 1620019761.0710173, 1620019761.8998668, 1620019762.8032055, 1620019763.6317706], "episode_lengths": [441, 739, 686, 475, 475, 519, 500, 673, 603, 503, 596, 486, 513, 506, 598, 696, 450, 516, 482, 482, 503, 510, 685, 494, 499, 468, 516, 471, 513, 600, 469, 484, 508, 503, 506, 484, 455, 483, 603, 489, 455, 483, 475, 481, 485, 487, 475, 491, 536, 485], "episode_rewards": [5.0, 105.0, 15.0, 15.0, 5.0, 30.0, 5.0, 75.0, 20.0, 75.0, 55.0, 15.0, 105.0, 50.0, 215.0, 55.0, 15.0, 30.0, 0.0, 30.0, 35.0, 75.0, 50.0, 15.0, 15.0, 5.0, 50.0, 50.0, 50.0, 0.0, 35.0, 30.0, 30.0, 30.0, 30.0, 5.0, 5.0, 5.0, 5.0, 5.0, 30.0, 15.0, 5.0, 15.0, 35.0, 5.0, 50.0, 5.0, 75.0, 5.0], "episode_types": ["t", "t", "t", "t", "t", "t", "t", "t", "t", "t", "t", "t", "t", "t", "t", "t", "t", "t", "t", "t", "t", "t", "t", "t", "t", "t", "t", "t", "t", "t", "t", "t", "t", "t", "t", "t", "t", "t", "t", "t", "t", "t", "t", "t", "t", "t", "t", "t", "t", "t", "t"]}