{"initial_reset_timestamp": 1619989696.1886241, "timestamps": [1619989697.2500608, 1619989698.8466015, 1619989700.087042, 1619989700.9389882, 1619989701.7932, 1619989702.7225668, 1619989703.619424, 1619989704.8279293, 1619989706.1682878, 1619989707.0799758, 1619989708.1471586, 1619989709.0209153, 1619989709.9420774, 1619989710.8522155, 1619989711.924339, 1619989713.1664438, 1619989713.974509, 1619989714.90671, 1619989715.765655, 1619989716.6309454, 1619989717.5363197, 1619989718.452942, 1619989719.6802073, 1619989720.5697656, 1619989721.4669685, 1619989722.3110523, 1619989723.240902, 1619989724.3436365, 1619989725.2861316, 1619989726.3634455, 1619989727.205186, 1619989728.0753827, 1619989728.993731, 1619989729.9009159, 1619989730.8160775, 1619989731.685605, 1619989732.5064662, 1619989733.3769438, 1619989734.4571311, 1619989735.3375533, 1619989736.1533399, 1619989737.0263789, 1619989737.8850532, 1619989738.7499528, 1619989739.623705, 1619989740.5039985, 1619989741.3638964, 1619989742.2435493, 1619989743.203802, 1619989744.0790346], "episode_lengths": [441, 739, 686, 475, 475, 519, 500, 673, 603, 503, 596, 486, 513, 506, 598, 696, 450, 516, 482, 482, 503, 510, 685, 494, 499, 468, 516, 471, 513, 600, 469, 484, 508, 503, 506, 484, 455, 483, 603, 489, 455, 483, 475, 481, 485, 487, 475, 491, 536, 485], "episode_rewards": [5.0, 105.0, 15.0, 15.0, 5.0, 30.0, 5.0, 75.0, 20.0, 75.0, 55.0, 15.0, 105.0, 50.0, 215.0, 55.0, 15.0, 30.0, 0.0, 30.0, 35.0, 75.0, 50.0, 15.0, 15.0, 5.0, 50.0, 50.0, 50.0, 0.0, 35.0, 30.0, 30.0, 30.0, 30.0, 5.0, 5.0, 5.0, 5.0, 5.0, 30.0, 15.0, 5.0, 15.0, 35.0, 5.0, 50.0, 5.0, 75.0, 5.0], "episode_types": ["t", "t", "t", "t", "t", "t", "t", "t", "t", "t", "t", "t", "t", "t", "t", "t", "t", "t", "t", "t", "t", "t", "t", "t", "t", "t", "t", "t", "t", "t", "t", "t", "t", "t", "t", "t", "t", "t", "t", "t", "t", "t", "t", "t", "t", "t", "t", "t", "t", "t", "t"]}