{"initial_reset_timestamp": 1619968333.1424127, "timestamps": [1619968334.041835, 1619968335.009356, 1619968335.6182082, 1619968336.6213167, 1619968337.525277, 1619968338.3210115, 1619968339.347195, 1619968339.6773758, 1619968340.6377974, 1619968341.3870585, 1619968341.982712, 1619968342.5985308, 1619968343.2499487, 1619968343.835067, 1619968345.0037062, 1619968345.9648538, 1619968346.5682707, 1619968347.2120397, 1619968348.3949358, 1619968349.2082853, 1619968349.7831547, 1619968350.4515586, 1619968351.1483479, 1619968351.846325, 1619968352.4914024, 1619968353.6586215, 1619968354.540665, 1619968355.8317807, 1619968356.5732393, 1619968357.4612255, 1619968358.564469, 1619968358.904681, 1619968360.093175, 1619968361.2009106, 1619968361.76753, 1619968362.3212914, 1619968363.3898575, 1619968364.283923, 1619968365.060722, 1619968366.192043, 1619968366.5133214, 1619968367.5877166, 1619968369.1423192, 1619968369.8387876, 1619968370.465635, 1619968371.1100507, 1619968371.449617, 1619968372.0778067, 1619968372.655637, 1619968373.2775345], "episode_lengths": [526, 565, 482, 847, 760, 659, 848, 267, 583, 600, 492, 505, 531, 480, 989, 799, 497, 532, 992, 660, 460, 536, 564, 567, 523, 971, 712, 831, 581, 728, 906, 274, 966, 919, 459, 431, 810, 705, 627, 931, 255, 890, 1275, 557, 501, 518, 268, 505, 471, 505], "episode_rewards": [140.0, 335.0, 185.0, 620.0, 430.0, 230.0, 215.0, 95.0, 245.0, 270.0, 140.0, 160.0, 160.0, 140.0, 290.0, 265.0, 180.0, 155.0, 415.0, 160.0, 80.0, 155.0, 225.0, 325.0, 185.0, 345.0, 230.0, 265.0, 175.0, 385.0, 350.0, 100.0, 445.0, 415.0, 135.0, 175.0, 475.0, 275.0, 245.0, 535.0, 35.0, 490.0, 200.0, 110.0, 150.0, 215.0, 50.0, 165.0, 180.0, 210.0], "episode_types": ["t", "t", "t", "t", "t", "t", "t", "t", "t", "t", "t", "t", "t", "t", "t", "t", "t", "t", "t", "t", "t", "t", "t", "t", "t", "t", "t", "t", "t", "t", "t", "t", "t", "t", "t", "t", "t", "t", "t", "t", "t", "t", "t", "t", "t", "t", "t", "t", "t", "t", "t"]}