{"initial_reset_timestamp": 1619973757.3269985, "timestamps": [1619973757.9067347, 1619973758.96127, 1619973759.654987, 1619973760.4978316, 1619973761.5519369, 1619973762.4170837, 1619973763.3140812, 1619973763.7904212, 1619973764.6966503, 1619973765.3882003, 1619973766.2566118, 1619973766.9269857, 1619973767.9838266, 1619973768.5768845, 1619973769.6347983, 1619973771.1451013, 1619973772.0524662, 1619973772.8156285, 1619973773.292112, 1619973774.2453303, 1619973774.593995, 1619973775.1801317, 1619973775.902082, 1619973776.5359135, 1619973776.8764684, 1619973777.5037909, 1619973777.808306, 1619973778.6663797, 1619973779.656589, 1619973780.4289987, 1619973781.399438, 1619973782.424576, 1619973783.1582866, 1619973783.8096762, 1619973784.466585, 1619973785.5506108, 1619973786.1697042, 1619973786.8438098, 1619973787.8012366, 1619973788.3974462, 1619973789.3315232, 1619973790.6584322, 1619973791.3697507, 1619973792.3740716, 1619973792.727763, 1619973793.7086694, 1619973794.6526794, 1619973795.2577953, 1619973795.906901, 1619973796.895361], "episode_lengths": [273, 614, 528, 675, 858, 693, 710, 379, 521, 527, 697, 530, 854, 469, 842, 1251, 736, 612, 373, 772, 272, 465, 573, 506, 266, 498, 237, 483, 788, 613, 789, 826, 583, 515, 527, 881, 495, 537, 772, 480, 763, 1083, 573, 822, 279, 797, 766, 482, 517, 795], "episode_rewards": [80.0, 145.0, 195.0, 225.0, 315.0, 330.0, 185.0, 215.0, 160.0, 130.0, 490.0, 170.0, 345.0, 85.0, 200.0, 525.0, 330.0, 295.0, 80.0, 310.0, 70.0, 175.0, 410.0, 225.0, 95.0, 215.0, 35.0, 235.0, 455.0, 210.0, 330.0, 525.0, 165.0, 185.0, 180.0, 310.0, 140.0, 120.0, 565.0, 210.0, 390.0, 275.0, 260.0, 285.0, 80.0, 270.0, 270.0, 95.0, 185.0, 290.0], "episode_types": ["t", "t", "t", "t", "t", "t", "t", "t", "t", "t", "t", "t", "t", "t", "t", "t", "t", "t", "t", "t", "t", "t", "t", "t", "t", "t", "t", "t", "t", "t", "t", "t", "t", "t", "t", "t", "t", "t", "t", "t", "t", "t", "t", "t", "t", "t", "t", "t", "t", "t", "t"]}