{"initial_reset_timestamp": 1619978215.6896756, "timestamps": [1619978217.5666423, 1619978219.6522455, 1619978220.7994063, 1619978221.5561173, 1619978222.1677153, 1619978223.248675, 1619978224.1062205, 1619978225.0807426, 1619978227.5411835, 1619978228.1502538, 1619978229.1126447, 1619978229.571111, 1619978230.6823757, 1619978231.6061795, 1619978232.3273203, 1619978232.9062912, 1619978233.7096567, 1619978234.259867, 1619978235.0154276, 1619978236.0867913, 1619978236.9363368, 1619978237.7119281, 1619978238.5900414, 1619978239.4683785, 1619978240.381995, 1619978241.6057577, 1619978242.844854, 1619978244.7562232, 1619978246.089873, 1619978246.5644474, 1619978247.2771647, 1619978247.975584, 1619978248.6666362, 1619978249.302021, 1619978249.905823, 1619978250.5872715, 1619978251.5086234, 1619978252.5357404, 1619978253.2307673, 1619978253.8370452, 1619978255.0444064, 1619978255.953608, 1619978256.6661322, 1619978257.506576, 1619978258.1596413, 1619978258.8739378, 1619978259.6436906, 1619978260.6682353, 1619978261.1988356, 1619978261.6999497], "episode_lengths": [470, 599, 894, 598, 483, 855, 688, 788, 903, 460, 764, 359, 894, 727, 567, 454, 640, 432, 594, 855, 668, 611, 698, 699, 730, 990, 998, 484, 1028, 374, 564, 551, 550, 498, 473, 541, 733, 816, 553, 478, 1001, 728, 574, 666, 517, 572, 622, 842, 419, 394], "episode_rewards": [155.0, 55.0, 190.0, 205.0, 70.0, 270.0, 280.0, 265.0, 200.0, 95.0, 400.0, 45.0, 305.0, 185.0, 195.0, 105.0, 205.0, 65.0, 145.0, 365.0, 175.0, 220.0, 370.0, 470.0, 180.0, 395.0, 775.0, 100.0, 290.0, 70.0, 205.0, 230.0, 385.0, 170.0, 115.0, 150.0, 290.0, 445.0, 180.0, 145.0, 520.0, 270.0, 230.0, 165.0, 180.0, 210.0, 290.0, 625.0, 115.0, 85.0], "episode_types": ["t", "t", "t", "t", "t", "t", "t", "t", "t", "t", "t", "t", "t", "t", "t", "t", "t", "t", "t", "t", "t", "t", "t", "t", "t", "t", "t", "t", "t", "t", "t", "t", "t", "t", "t", "t", "t", "t", "t", "t", "t", "t", "t", "t", "t", "t", "t", "t", "t", "t", "t"]}