{"initial_reset_timestamp": 1619985378.512195, "timestamps": [1619985380.718469, 1619985383.0233808, 1619985384.0177147, 1619985384.8636167, 1619985385.7503839, 1619985386.6425211, 1619985387.7217498, 1619985388.5026484, 1619985390.672197, 1619985391.6881092, 1619985392.4707036, 1619985393.2741742, 1619985394.0690186, 1619985395.3809454, 1619985396.2431786, 1619985397.0767639, 1619985397.8482475, 1619985398.6227417, 1619985399.420607, 1619985400.1899185, 1619985401.3522716, 1619985402.3810499, 1619985403.3438017, 1619985404.5694952, 1619985405.409227, 1619985406.385791, 1619985407.3941464, 1619985409.596327, 1619985410.4282982, 1619985411.221846, 1619985412.0567517, 1619985412.8787274, 1619985413.8763466, 1619985414.6773705, 1619985415.2999794, 1619985416.3868499, 1619985417.2656558, 1619985418.2526317, 1619985419.3891585, 1619985420.196585, 1619985421.141247, 1619985421.94054, 1619985422.9321454, 1619985424.0182254, 1619985424.8299072, 1619985425.644525, 1619985426.4974203, 1619985427.3781583, 1619985428.3807466, 1619985429.2273731], "episode_lengths": [641, 700, 594, 514, 538, 548, 662, 476, 617, 611, 478, 485, 482, 810, 528, 509, 470, 476, 486, 468, 715, 631, 587, 756, 511, 601, 619, 644, 491, 483, 509, 503, 612, 490, 379, 671, 539, 604, 706, 490, 578, 486, 608, 665, 495, 495, 524, 535, 613, 517], "episode_rewards": [285.0, 320.0, 295.0, 240.0, 230.0, 195.0, 295.0, 215.0, 260.0, 315.0, 155.0, 210.0, 225.0, 290.0, 210.0, 175.0, 180.0, 210.0, 215.0, 180.0, 320.0, 260.0, 205.0, 260.0, 210.0, 260.0, 315.0, 255.0, 215.0, 185.0, 215.0, 210.0, 290.0, 210.0, 155.0, 485.0, 205.0, 290.0, 290.0, 155.0, 310.0, 155.0, 315.0, 285.0, 225.0, 225.0, 190.0, 195.0, 260.0, 215.0], "episode_types": ["t", "t", "t", "t", "t", "t", "t", "t", "t", "t", "t", "t", "t", "t", "t", "t", "t", "t", "t", "t", "t", "t", "t", "t", "t", "t", "t", "t", "t", "t", "t", "t", "t", "t", "t", "t", "t", "t", "t", "t", "t", "t", "t", "t", "t", "t", "t", "t", "t", "t", "t"]}