{"initial_reset_timestamp": 1619989121.7707515, "timestamps": [1619989124.0361855, 1619989126.3080535, 1619989127.2343013, 1619989127.883804, 1619989128.5088072, 1619989129.3447793, 1619989130.1267936, 1619989130.8966436, 1619989132.7495332, 1619989133.585065, 1619989134.4090304, 1619989135.0360758, 1619989135.8175666, 1619989136.899085, 1619989137.6922426, 1619989138.4053502, 1619989139.2217247, 1619989140.2900527, 1619989141.3989117, 1619989142.1761703, 1619989142.9831047, 1619989143.5926228, 1619989144.6898704, 1619989145.6821444, 1619989146.4839685, 1619989147.4317722, 1619989148.4776888, 1619989150.3644114, 1619989151.137956, 1619989152.2296927, 1619989153.3524518, 1619989154.4356122, 1619989155.5219293, 1619989156.6131825, 1619989157.373826, 1619989158.2186947, 1619989158.8732333, 1619989159.6693246, 1619989160.2554421, 1619989161.1771333, 1619989162.026436, 1619989162.818552, 1619989163.8145428, 1619989164.5889895, 1619989165.4374514, 1619989166.0415878, 1619989166.6834867, 1619989167.45506, 1619989168.3921661, 1619989169.470605], "episode_lengths": [666, 658, 565, 407, 391, 526, 490, 483, 419, 504, 514, 397, 491, 677, 489, 437, 506, 661, 692, 479, 501, 377, 678, 616, 495, 588, 649, 402, 461, 673, 697, 674, 676, 678, 467, 516, 401, 493, 360, 567, 529, 488, 617, 478, 525, 374, 396, 475, 584, 668], "episode_rewards": [90.0, 80.0, 25.0, 30.0, 85.0, 95.0, 115.0, 80.0, 55.0, 75.0, 95.0, 25.0, 110.0, 75.0, 65.0, 55.0, 115.0, 110.0, 65.0, 80.0, 110.0, 35.0, 135.0, 35.0, 55.0, 45.0, 115.0, 90.0, 125.0, 195.0, 100.0, 140.0, 70.0, 250.0, 40.0, 90.0, 5.0, 70.0, 45.0, 55.0, 70.0, 70.0, 70.0, 55.0, 70.0, 50.0, 20.0, 50.0, 125.0, 80.0], "episode_types": ["t", "t", "t", "t", "t", "t", "t", "t", "t", "t", "t", "t", "t", "t", "t", "t", "t", "t", "t", "t", "t", "t", "t", "t", "t", "t", "t", "t", "t", "t", "t", "t", "t", "t", "t", "t", "t", "t", "t", "t", "t", "t", "t", "t", "t", "t", "t", "t", "t", "t", "t"]}