{"initial_reset_timestamp": 1619979788.7380707, "timestamps": [1619979790.5021658, 1619979792.1804566, 1619979792.574996, 1619979793.6684496, 1619979794.1827714, 1619979794.9424365, 1619979795.430984, 1619979795.8034945, 1619979798.0211382, 1619979798.5461035, 1619979799.2885313, 1619979800.029118, 1619979800.6796963, 1619979801.4004812, 1619979802.1485915, 1619979802.8726928, 1619979803.5950773, 1619979804.6736033, 1619979805.270894, 1619979805.7468836, 1619979806.1628137, 1619979806.7703848, 1619979807.2560246, 1619979807.6736763, 1619979808.1453178, 1619979808.7931256, 1619979809.2617636, 1619979811.204796, 1619979811.7567177, 1619979812.1269338, 1619979812.7757218, 1619979813.4921231, 1619979813.9628892, 1619979814.4533834, 1619979814.9991567, 1619979815.4903421, 1619979816.0834982, 1619979816.5558405, 1619979817.1722202, 1619979817.8876264, 1619979818.4722106, 1619979818.8884578, 1619979819.4093823, 1619979820.0390182, 1619979820.6513355, 1619979821.5416558, 1619979822.1868947, 1619979822.7484627, 1619979823.4807615, 1619979823.9726453], "episode_lengths": [376, 294, 292, 877, 406, 607, 387, 295, 733, 398, 593, 590, 518, 577, 602, 582, 581, 886, 474, 376, 329, 485, 385, 330, 374, 516, 372, 507, 419, 292, 513, 571, 374, 389, 435, 388, 474, 375, 491, 575, 467, 330, 412, 504, 490, 725, 517, 450, 586, 396], "episode_rewards": [45.0, 45.0, 70.0, 245.0, 125.0, 210.0, 65.0, 45.0, 300.0, 65.0, 285.0, 410.0, 120.0, 210.0, 250.0, 280.0, 255.0, 390.0, 125.0, 45.0, 100.0, 235.0, 65.0, 105.0, 45.0, 135.0, 90.0, 190.0, 135.0, 70.0, 165.0, 165.0, 65.0, 155.0, 160.0, 90.0, 105.0, 120.0, 105.0, 220.0, 200.0, 100.0, 125.0, 125.0, 180.0, 540.0, 150.0, 150.0, 405.0, 180.0], "episode_types": ["t", "t", "t", "t", "t", "t", "t", "t", "t", "t", "t", "t", "t", "t", "t", "t", "t", "t", "t", "t", "t", "t", "t", "t", "t", "t", "t", "t", "t", "t", "t", "t", "t", "t", "t", "t", "t", "t", "t", "t", "t", "t", "t", "t", "t", "t", "t", "t", "t", "t", "t"]}