{"initial_reset_timestamp": 1619992762.6430573, "timestamps": [1619992765.4011464, 1619992767.8316858, 1619992768.9580336, 1619992770.2124696, 1619992771.5987823, 1619992772.6189406, 1619992773.7020562, 1619992774.7661083, 1619992777.4657648, 1619992778.5729425, 1619992779.6628375, 1619992780.681272, 1619992781.7511256, 1619992782.8305104, 1619992784.0861516, 1619992785.310044, 1619992786.827709, 1619992787.7247503, 1619992788.9526784, 1619992789.9080963, 1619992791.2505834, 1619992793.6938062, 1619992794.7858372, 1619992796.0187538, 1619992796.947451, 1619992798.1033895, 1619992799.2957025, 1619992801.639041, 1619992802.8430078, 1619992804.9451618, 1619992806.1419704, 1619992807.3624713, 1619992809.249587, 1619992810.5164988, 1619992811.5237489, 1619992812.7756763, 1619992813.8427277, 1619992814.7406533, 1619992815.8997707, 1619992817.6615703, 1619992818.6653745, 1619992819.8127127, 1619992820.8130364, 1619992821.9117641, 1619992822.9082623, 1619992824.0322475, 1619992824.8516426, 1619992825.8901572, 1619992826.9438953, 1619992827.9777575], "episode_lengths": [976, 742, 776, 883, 992, 718, 756, 742, 955, 752, 764, 715, 752, 757, 889, 860, 1059, 624, 871, 672, 963, 1744, 770, 869, 647, 814, 844, 697, 816, 1469, 835, 859, 1317, 897, 704, 889, 750, 619, 821, 1232, 702, 814, 699, 775, 699, 790, 563, 733, 743, 724], "episode_rewards": [730.0, 545.0, 570.0, 540.0, 600.0, 545.0, 540.0, 470.0, 800.0, 580.0, 725.0, 540.0, 540.0, 545.0, 745.0, 605.0, 760.0, 555.0, 600.0, 600.0, 1000.0, 1090.0, 575.0, 580.0, 545.0, 540.0, 575.0, 570.0, 545.0, 895.0, 570.0, 600.0, 1125.0, 545.0, 570.0, 575.0, 605.0, 465.0, 600.0, 1145.0, 545.0, 570.0, 545.0, 775.0, 770.0, 600.0, 640.0, 970.0, 570.0, 550.0], "episode_types": ["t", "t", "t", "t", "t", "t", "t", "t", "t", "t", "t", "t", "t", "t", "t", "t", "t", "t", "t", "t", "t", "t", "t", "t", "t", "t", "t", "t", "t", "t", "t", "t", "t", "t", "t", "t", "t", "t", "t", "t", "t", "t", "t", "t", "t", "t", "t", "t", "t", "t", "t"]}