{"initial_reset_timestamp": 1619973431.6640975, "timestamps": [1619973432.2757862, 1619973433.6062448, 1619973433.9665313, 1619973434.572025, 1619973435.1621099, 1619973436.269686, 1619973436.7131245, 1619973437.3533187, 1619973438.55139, 1619973439.3743713, 1619973440.0063403, 1619973440.3428142, 1619973441.2487066, 1619973441.8462422, 1619973442.6984503, 1619973443.4913423, 1619973444.122733, 1619973444.7158415, 1619973445.5576603, 1619973446.2499852, 1619973446.85473, 1619973447.6648827, 1619973448.3912008, 1619973449.3600924, 1619973450.2300687, 1619973450.9118524, 1619973451.520058, 1619973452.1160927, 1619973452.7955322, 1619973454.1199899, 1619973454.9736211, 1619973455.7059507, 1619973456.7156787, 1619973457.6687014, 1619973458.672654, 1619973459.2003396, 1619973460.047799, 1619973460.9414685, 1619973461.572798, 1619973462.623838, 1619973463.3974197, 1619973464.4102457, 1619973465.658536, 1619973466.2815297, 1619973466.9302247, 1619973467.5463839, 1619973468.502621, 1619973468.9742234, 1619973469.581227, 1619973470.183428], "episode_lengths": [290, 844, 269, 482, 470, 890, 350, 506, 745, 649, 511, 267, 735, 483, 686, 642, 506, 477, 677, 555, 478, 653, 579, 781, 708, 542, 484, 273, 529, 1071, 678, 588, 818, 773, 809, 417, 681, 716, 504, 853, 625, 822, 1006, 493, 517, 490, 769, 373, 482, 480], "episode_rewards": [100.0, 450.0, 70.0, 150.0, 235.0, 215.0, 70.0, 185.0, 345.0, 230.0, 130.0, 35.0, 175.0, 200.0, 370.0, 300.0, 120.0, 150.0, 245.0, 135.0, 105.0, 270.0, 145.0, 290.0, 315.0, 130.0, 185.0, 100.0, 95.0, 305.0, 245.0, 255.0, 320.0, 320.0, 290.0, 85.0, 215.0, 225.0, 105.0, 270.0, 255.0, 375.0, 365.0, 155.0, 185.0, 245.0, 365.0, 95.0, 200.0, 230.0], "episode_types": ["t", "t", "t", "t", "t", "t", "t", "t", "t", "t", "t", "t", "t", "t", "t", "t", "t", "t", "t", "t", "t", "t", "t", "t", "t", "t", "t", "t", "t", "t", "t", "t", "t", "t", "t", "t", "t", "t", "t", "t", "t", "t", "t", "t", "t", "t", "t", "t", "t", "t", "t"]}