{"initial_reset_timestamp": 1619991970.6140409, "timestamps": [1619991973.0733743, 1619991975.8002388, 1619991976.9231527, 1619991978.0706463, 1619991979.201128, 1619991980.9938135, 1619991982.1034248, 1619991983.1641138, 1619991985.80861, 1619991987.0487492, 1619991988.1268065, 1619991989.2929184, 1619991990.5768464, 1619991991.3856478, 1619991992.434517, 1619991993.7670693, 1619991995.0674899, 1619991996.1256545, 1619991997.2402346, 1619991998.334297, 1619992000.4621456, 1619992002.8332121, 1619992004.0961723, 1619992005.8946795, 1619992006.9600446, 1619992008.2334929, 1619992009.4834194, 1619992012.0159028, 1619992013.0282001, 1619992015.4215157, 1619992016.8139365, 1619992017.9431908, 1619992019.2014735, 1619992020.0575593, 1619992021.1271565, 1619992022.4289892, 1619992023.7049117, 1619992024.793754, 1619992026.6629512, 1619992027.7962742, 1619992028.9300942, 1619992029.7375994, 1619992031.0908911, 1619992032.3768067, 1619992033.7218893, 1619992035.7703695, 1619992036.8292015, 1619992038.0270014, 1619992039.1198778, 1619992040.2485356], "episode_lengths": [775, 954, 763, 804, 788, 1243, 772, 742, 893, 838, 750, 816, 912, 548, 731, 941, 907, 740, 774, 758, 1492, 1679, 896, 1247, 743, 898, 884, 822, 667, 1684, 980, 784, 888, 581, 742, 918, 892, 760, 1301, 786, 793, 548, 950, 909, 939, 1430, 736, 845, 763, 784], "episode_rewards": [715.0, 540.0, 545.0, 570.0, 570.0, 895.0, 545.0, 605.0, 600.0, 575.0, 525.0, 600.0, 770.0, 440.0, 545.0, 600.0, 575.0, 550.0, 570.0, 500.0, 1135.0, 1175.0, 600.0, 920.0, 575.0, 695.0, 540.0, 600.0, 500.0, 1580.0, 575.0, 540.0, 575.0, 380.0, 770.0, 570.0, 600.0, 570.0, 905.0, 545.0, 600.0, 410.0, 600.0, 800.0, 575.0, 890.0, 550.0, 575.0, 540.0, 575.0], "episode_types": ["t", "t", "t", "t", "t", "t", "t", "t", "t", "t", "t", "t", "t", "t", "t", "t", "t", "t", "t", "t", "t", "t", "t", "t", "t", "t", "t", "t", "t", "t", "t", "t", "t", "t", "t", "t", "t", "t", "t", "t", "t", "t", "t", "t", "t", "t", "t", "t", "t", "t", "t"]}