{"initial_reset_timestamp": 1619980491.1848905, "timestamps": [1619980492.9932454, 1619980494.3748488, 1619980495.089975, 1619980495.553695, 1619980496.3800633, 1619980496.8204474, 1619980497.4331, 1619980498.0571637, 1619980499.9004433, 1619980500.393811, 1619980501.21539, 1619980501.857599, 1619980502.435057, 1619980503.0934412, 1619980503.7127113, 1619980504.3313754, 1619980505.0873075, 1619980506.231831, 1619980506.8355412, 1619980507.445966, 1619980508.0712652, 1619980508.7183578, 1619980509.278138, 1619980509.7570283, 1619980510.2004275, 1619980510.826784, 1619980511.756883, 1619980513.215676, 1619980514.2534325, 1619980514.9214423, 1619980515.384834, 1619980516.166376, 1619980516.7929175, 1619980517.4104323, 1619980518.1775777, 1619980518.8206918, 1619980519.3996224, 1619980520.2470334, 1619980521.1886697, 1619980521.6520648, 1619980522.4703603, 1619980523.091393, 1619980523.9560869, 1619980524.7388961, 1619980525.4090815, 1619980526.26998, 1619980526.9729426, 1619980527.4555979, 1619980528.2088118, 1619980528.81448], "episode_lengths": [718, 355, 593, 387, 718, 366, 507, 519, 695, 389, 684, 525, 479, 548, 512, 516, 627, 989, 503, 506, 517, 541, 466, 397, 369, 518, 796, 390, 849, 551, 383, 658, 512, 513, 645, 532, 481, 703, 793, 385, 682, 513, 733, 661, 555, 721, 584, 401, 630, 499], "episode_rewards": [315.0, 135.0, 235.0, 200.0, 380.0, 190.0, 110.0, 230.0, 235.0, 170.0, 250.0, 220.0, 140.0, 245.0, 230.0, 160.0, 265.0, 530.0, 220.0, 115.0, 210.0, 205.0, 150.0, 160.0, 190.0, 165.0, 440.0, 130.0, 490.0, 165.0, 160.0, 280.0, 185.0, 215.0, 230.0, 175.0, 190.0, 415.0, 240.0, 145.0, 170.0, 150.0, 540.0, 335.0, 310.0, 325.0, 310.0, 175.0, 305.0, 160.0], "episode_types": ["t", "t", "t", "t", "t", "t", "t", "t", "t", "t", "t", "t", "t", "t", "t", "t", "t", "t", "t", "t", "t", "t", "t", "t", "t", "t", "t", "t", "t", "t", "t", "t", "t", "t", "t", "t", "t", "t", "t", "t", "t", "t", "t", "t", "t", "t", "t", "t", "t", "t", "t"]}