{"initial_reset_timestamp": 1619976306.291847, "timestamps": [1619976308.3400059, 1619976311.0419188, 1619976311.8631604, 1619976312.8019912, 1619976313.7552056, 1619976315.4196343, 1619976317.1579676, 1619976318.1208022, 1619976320.4217591, 1619976321.4085538, 1619976322.4165318, 1619976323.4041731, 1619976324.2380366, 1619976325.2094047, 1619976326.1763113, 1619976327.238591, 1619976327.9519064, 1619976329.628058, 1619976330.1403694, 1619976330.634628, 1619976331.700233, 1619976332.4912713, 1619976333.1904023, 1619976334.1039195, 1619976335.3548243, 1619976336.22091, 1619976337.1093905, 1619976339.3225355, 1619976340.439399, 1619976340.9647849, 1619976341.7442796, 1619976342.7024817, 1619976343.204556, 1619976344.1352253, 1619976345.7550445, 1619976346.6885068, 1619976347.3722196, 1619976348.26143, 1619976349.3327236, 1619976350.284419, 1619976351.4215598, 1619976352.175781, 1619976352.8991957, 1619976353.6364253, 1619976354.5494957, 1619976355.4854746, 1619976356.2104373, 1619976357.9621737, 1619976358.7151942, 1619976360.2702153], "episode_lengths": [516, 945, 511, 600, 616, 1080, 1142, 619, 697, 619, 648, 636, 536, 625, 621, 684, 456, 1088, 328, 325, 703, 515, 456, 596, 823, 562, 576, 608, 616, 334, 499, 613, 322, 599, 1052, 602, 438, 575, 697, 617, 739, 484, 466, 476, 592, 606, 468, 1155, 486, 1021], "episode_rewards": [80.0, 320.0, 155.0, 180.0, 410.0, 765.0, 620.0, 410.0, 240.0, 210.0, 260.0, 210.0, 105.0, 330.0, 110.0, 260.0, 110.0, 225.0, 65.0, 30.0, 235.0, 155.0, 105.0, 185.0, 315.0, 180.0, 135.0, 210.0, 210.0, 50.0, 110.0, 210.0, 15.0, 210.0, 445.0, 210.0, 50.0, 170.0, 260.0, 210.0, 285.0, 120.0, 30.0, 105.0, 210.0, 180.0, 105.0, 470.0, 110.0, 420.0], "episode_types": ["t", "t", "t", "t", "t", "t", "t", "t", "t", "t", "t", "t", "t", "t", "t", "t", "t", "t", "t", "t", "t", "t", "t", "t", "t", "t", "t", "t", "t", "t", "t", "t", "t", "t", "t", "t", "t", "t", "t", "t", "t", "t", "t", "t", "t", "t", "t", "t", "t", "t", "t"]}