{"initial_reset_timestamp": 1619972125.6091664, "timestamps": [1619972126.538423, 1619972127.495393, 1619972128.1610832, 1619972128.805689, 1619972129.41385, 1619972129.766529, 1619972130.9229348, 1619972131.5613272, 1619972132.6301918, 1619972133.3116095, 1619972134.5456488, 1619972135.1843758, 1619972135.8297029, 1619972136.894069, 1619972138.0262716, 1619972138.6778252, 1619972139.853177, 1619972140.8380115, 1619972141.480119, 1619972142.2012458, 1619972142.8246973, 1619972143.6051433, 1619972144.2069721, 1619972144.8277845, 1619972145.5447357, 1619972146.3394158, 1619972146.761064, 1619972148.1205046, 1619972149.0257251, 1619972149.7600355, 1619972150.401198, 1619972151.1222246, 1619972151.7044053, 1619972152.5593562, 1619972152.8581502, 1619972153.9132497, 1619972154.2440684, 1619972154.6931186, 1619972155.3154416, 1619972155.7627466, 1619972156.363156, 1619972156.9703465, 1619972157.9661906, 1619972158.5893424, 1619972159.2419143, 1619972159.6080885, 1619972160.242833, 1619972161.6060274, 1619972162.6329353, 1619972163.2441828], "episode_lengths": [540, 538, 513, 518, 487, 280, 935, 512, 635, 517, 1004, 509, 519, 857, 931, 523, 958, 804, 516, 589, 510, 651, 493, 496, 594, 626, 344, 899, 733, 610, 526, 591, 478, 701, 242, 895, 267, 369, 511, 364, 489, 481, 832, 510, 529, 296, 518, 1147, 858, 498], "episode_rewards": [130.0, 155.0, 210.0, 160.0, 215.0, 120.0, 295.0, 185.0, 155.0, 205.0, 190.0, 145.0, 210.0, 210.0, 315.0, 180.0, 410.0, 265.0, 160.0, 150.0, 210.0, 240.0, 185.0, 210.0, 230.0, 280.0, 135.0, 335.0, 365.0, 130.0, 200.0, 140.0, 185.0, 195.0, 50.0, 365.0, 50.0, 75.0, 210.0, 105.0, 150.0, 155.0, 500.0, 160.0, 175.0, 125.0, 185.0, 315.0, 365.0, 205.0], "episode_types": ["t", "t", "t", "t", "t", "t", "t", "t", "t", "t", "t", "t", "t", "t", "t", "t", "t", "t", "t", "t", "t", "t", "t", "t", "t", "t", "t", "t", "t", "t", "t", "t", "t", "t", "t", "t", "t", "t", "t", "t", "t", "t", "t", "t", "t", "t", "t", "t", "t", "t", "t"]}