{"initial_reset_timestamp": 1620021386.8066597, "timestamps": [1620021388.095951, 1620021389.6776867, 1620021391.0000682, 1620021391.5888226, 1620021392.6796577, 1620021393.990527, 1620021394.8352706, 1620021395.4078813, 1620021396.794287, 1620021397.6421342, 1620021398.652332, 1620021399.1076798, 1620021400.030565, 1620021400.6693547, 1620021401.3496506, 1620021402.4933937, 1620021403.1191385, 1620021404.4895163, 1620021405.1452463, 1620021406.0341916, 1620021406.859578, 1620021408.1292098, 1620021408.7676787, 1620021409.334831, 1620021410.7779727, 1620021411.227208, 1620021412.0138516, 1620021413.9333494, 1620021414.791569, 1620021415.6349094, 1620021416.5114775, 1620021417.6388392, 1620021418.3274267, 1620021419.590697, 1620021420.506031, 1620021421.3556507, 1620021421.7863135, 1620021422.5759823, 1620021423.3729532, 1620021424.507442, 1620021425.5755365, 1620021426.355064, 1620021427.7305663, 1620021428.8634276, 1620021429.7839289, 1620021430.3690803, 1620021431.4965465, 1620021432.338272, 1620021433.2422686, 1620021433.8078113], "episode_lengths": [319, 491, 796, 357, 678, 771, 509, 350, 390, 521, 626, 279, 520, 384, 413, 692, 378, 850, 382, 531, 504, 799, 397, 356, 912, 279, 488, 702, 527, 507, 493, 666, 422, 793, 578, 531, 268, 492, 502, 715, 638, 475, 836, 692, 553, 333, 693, 519, 551, 342], "episode_rewards": [70.0, 185.0, 505.0, 45.0, 235.0, 260.0, 210.0, 65.0, 105.0, 330.0, 120.0, 90.0, 220.0, 100.0, 90.0, 230.0, 90.0, 400.0, 45.0, 120.0, 135.0, 245.0, 100.0, 60.0, 230.0, 80.0, 70.0, 200.0, 140.0, 130.0, 135.0, 270.0, 150.0, 245.0, 175.0, 130.0, 50.0, 140.0, 155.0, 290.0, 205.0, 110.0, 240.0, 245.0, 260.0, 130.0, 250.0, 215.0, 90.0, 115.0], "episode_types": ["t", "t", "t", "t", "t", "t", "t", "t", "t", "t", "t", "t", "t", "t", "t", "t", "t", "t", "t", "t", "t", "t", "t", "t", "t", "t", "t", "t", "t", "t", "t", "t", "t", "t", "t", "t", "t", "t", "t", "t", "t", "t", "t", "t", "t", "t", "t", "t", "t", "t", "t"]}