{"initial_reset_timestamp": 1619968879.6597037, "timestamps": [1619968882.7181993, 1619968884.4606912, 1619968885.3063667, 1619968886.3127038, 1619968887.0517614, 1619968888.0571847, 1619968889.0693393, 1619968890.0411358, 1619968891.582434, 1619968892.630124, 1619968893.6118987, 1619968894.5989993, 1619968895.5667188, 1619968896.498906, 1619968897.2285209, 1619968898.2349455, 1619968899.2661211, 1619968900.2927334, 1619968901.2288864, 1619968902.242279, 1619968903.2486258, 1619968904.2509863, 1619968905.199458, 1619968906.1957963, 1619968906.9864326, 1619968907.7184556, 1619968908.7061198, 1619968910.4787009, 1619968911.5435574, 1619968912.4891772, 1619968914.6130242, 1619968915.6085792, 1619968916.5526984, 1619968917.7933116, 1619968918.686932, 1619968919.6787179, 1619968920.6160417, 1619968921.5251257, 1619968922.4202263, 1619968923.3503292, 1619968924.107787, 1619968925.1040852, 1619968926.0872407, 1619968927.02979, 1619968927.9395638, 1619968928.9238195, 1619968929.9183457, 1619968930.8839443, 1619968931.891423, 1619968932.898669], "episode_lengths": [1493, 625, 530, 655, 481, 653, 657, 630, 491, 666, 635, 639, 627, 597, 472, 657, 666, 666, 596, 670, 664, 662, 623, 658, 523, 487, 653, 599, 657, 622, 1426, 620, 622, 825, 596, 657, 624, 606, 596, 617, 494, 657, 657, 627, 609, 658, 662, 627, 657, 657], "episode_rewards": [290.0, 140.0, 75.0, 110.0, 105.0, 110.0, 150.0, 120.0, 105.0, 185.0, 165.0, 155.0, 120.0, 150.0, 80.0, 150.0, 185.0, 155.0, 120.0, 180.0, 160.0, 185.0, 180.0, 150.0, 80.0, 105.0, 110.0, 150.0, 150.0, 140.0, 235.0, 120.0, 120.0, 425.0, 120.0, 165.0, 180.0, 110.0, 110.0, 105.0, 105.0, 150.0, 150.0, 120.0, 135.0, 150.0, 165.0, 120.0, 165.0, 150.0], "episode_types": ["t", "t", "t", "t", "t", "t", "t", "t", "t", "t", "t", "t", "t", "t", "t", "t", "t", "t", "t", "t", "t", "t", "t", "t", "t", "t", "t", "t", "t", "t", "t", "t", "t", "t", "t", "t", "t", "t", "t", "t", "t", "t", "t", "t", "t", "t", "t", "t", "t", "t", "t"]}