{"initial_reset_timestamp": 1619973211.0811896, "timestamps": [1619973213.3605237, 1619973215.63862, 1619973216.6864555, 1619973217.6986449, 1619973218.8236032, 1619973219.790901, 1619973220.8106983, 1619973221.9233942, 1619973224.291373, 1619973225.2950094, 1619973226.3243167, 1619973227.4400973, 1619973228.3768368, 1619973229.3328028, 1619973230.4442277, 1619973231.7207582, 1619973232.948104, 1619973234.0608027, 1619973235.1659331, 1619973236.1330178, 1619973237.2393506, 1619973238.253318, 1619973239.008367, 1619973240.11393, 1619973241.2196405, 1619973242.1844132, 1619973243.1282117, 1619973245.3784747, 1619973246.3534167, 1619973247.3682745, 1619973248.4761817, 1619973249.4321468, 1619973250.4444897, 1619973251.554101, 1619973252.5646038, 1619973253.6712964, 1619973254.7736723, 1619973255.7792683, 1619973256.8817244, 1619973257.893401, 1619973258.90334, 1619973259.8943427, 1619973260.9050322, 1619973261.849761, 1619973262.8632283, 1619973263.975722, 1619973265.1014972, 1619973266.0452166, 1619973267.0126405, 1619973268.1306045], "episode_lengths": [662, 662, 664, 657, 733, 627, 662, 724, 729, 631, 662, 724, 606, 617, 724, 838, 807, 729, 724, 631, 724, 662, 492, 724, 724, 632, 617, 659, 617, 662, 724, 626, 662, 724, 662, 723, 724, 659, 724, 662, 662, 649, 662, 619, 662, 733, 733, 618, 631, 732], "episode_rewards": [180.0, 180.0, 180.0, 180.0, 460.0, 180.0, 180.0, 260.0, 260.0, 210.0, 180.0, 260.0, 380.0, 180.0, 260.0, 325.0, 310.0, 240.0, 260.0, 210.0, 260.0, 180.0, 110.0, 260.0, 260.0, 210.0, 180.0, 180.0, 180.0, 180.0, 240.0, 180.0, 180.0, 260.0, 180.0, 260.0, 260.0, 180.0, 260.0, 180.0, 180.0, 410.0, 180.0, 180.0, 180.0, 295.0, 240.0, 180.0, 210.0, 285.0], "episode_types": ["t", "t", "t", "t", "t", "t", "t", "t", "t", "t", "t", "t", "t", "t", "t", "t", "t", "t", "t", "t", "t", "t", "t", "t", "t", "t", "t", "t", "t", "t", "t", "t", "t", "t", "t", "t", "t", "t", "t", "t", "t", "t", "t", "t", "t", "t", "t", "t", "t", "t", "t"]}