{"initial_reset_timestamp": 1619981692.210006, "timestamps": [1619981693.7604213, 1619981695.6766722, 1619981696.5443969, 1619981697.4355552, 1619981698.0076444, 1619981698.4118223, 1619981698.8839478, 1619981699.7164133, 1619981701.4965618, 1619981702.1945882, 1619981702.7860024, 1619981703.3536491, 1619981704.1487694, 1619981705.0147243, 1619981705.452316, 1619981705.9082525, 1619981706.5753293, 1619981707.6081777, 1619981708.5506427, 1619981709.1996539, 1619981709.7500553, 1619981710.3248217, 1619981711.1619048, 1619981711.797893, 1619981712.2322822, 1619981713.2302237, 1619981713.775536, 1619981715.69694, 1619981716.3058107, 1619981716.8637543, 1619981717.2951467, 1619981717.716625, 1619981718.263194, 1619981718.6187472, 1619981719.2051606, 1619981719.6691387, 1619981720.1266, 1619981720.6266944, 1619981721.1783981, 1619981721.9711988, 1619981722.5437074, 1619981722.9806352, 1619981724.1798444, 1619981724.6277187, 1619981725.0579026, 1619981725.4434328, 1619981726.5088685, 1619981726.9541845, 1619981727.3048651, 1619981727.7534761], "episode_lengths": [472, 774, 735, 764, 484, 341, 400, 711, 673, 582, 506, 482, 682, 749, 375, 392, 571, 900, 811, 560, 471, 493, 723, 548, 373, 877, 466, 796, 505, 475, 368, 360, 469, 302, 499, 390, 389, 429, 472, 682, 495, 374, 1043, 380, 369, 328, 928, 383, 298, 384], "episode_rewards": [180.0, 360.0, 330.0, 285.0, 175.0, 100.0, 185.0, 130.0, 205.0, 500.0, 170.0, 200.0, 480.0, 280.0, 85.0, 195.0, 125.0, 390.0, 205.0, 310.0, 120.0, 170.0, 155.0, 240.0, 210.0, 460.0, 185.0, 380.0, 185.0, 130.0, 155.0, 135.0, 110.0, 55.0, 160.0, 140.0, 160.0, 65.0, 155.0, 245.0, 150.0, 180.0, 225.0, 170.0, 155.0, 75.0, 265.0, 160.0, 80.0, 55.0], "episode_types": ["t", "t", "t", "t", "t", "t", "t", "t", "t", "t", "t", "t", "t", "t", "t", "t", "t", "t", "t", "t", "t", "t", "t", "t", "t", "t", "t", "t", "t", "t", "t", "t", "t", "t", "t", "t", "t", "t", "t", "t", "t", "t", "t", "t", "t", "t", "t", "t", "t", "t", "t"]}