{"initial_reset_timestamp": 1619987779.30599, "timestamps": [1619987780.8819478, 1619987782.423625, 1619987782.9078894, 1619987783.4949956, 1619987783.948031, 1619987784.5517824, 1619987785.0044632, 1619987786.1104655, 1619987787.8276234, 1619987788.8753355, 1619987789.675134, 1619987790.2376332, 1619987790.9461176, 1619987791.766676, 1619987792.359662, 1619987792.9473333, 1619987793.7314904, 1619987794.55188, 1619987795.1066597, 1619987795.7107108, 1619987796.4926605, 1619987797.1936424, 1619987797.7848592, 1619987798.2413719, 1619987798.847165, 1619987799.4500084, 1619987800.056112, 1619987801.6223993, 1619987802.291156, 1619987803.405142, 1619987804.1583617, 1619987804.7539723, 1619987805.3652098, 1619987805.8277297, 1619987806.4297473, 1619987807.0311916, 1619987807.6083822, 1619987808.4369633, 1619987808.926847, 1619987809.7454438, 1619987810.1885352, 1619987811.1709292, 1619987811.7524064, 1619987812.3585505, 1619987812.9973416, 1619987813.5882244, 1619987814.040505, 1619987814.5041888, 1619987814.948371, 1619987815.9524996], "episode_lengths": [499, 460, 384, 484, 372, 496, 370, 923, 618, 852, 691, 475, 593, 690, 493, 486, 659, 689, 465, 501, 655, 582, 488, 377, 507, 505, 505, 499, 531, 930, 625, 495, 508, 384, 496, 491, 485, 694, 404, 685, 368, 822, 485, 503, 535, 495, 373, 384, 369, 849], "episode_rewards": [35.0, 55.0, 30.0, 65.0, 25.0, 55.0, 15.0, 190.0, 70.0, 120.0, 95.0, 30.0, 70.0, 105.0, 15.0, 25.0, 80.0, 185.0, 80.0, 35.0, 70.0, 65.0, 5.0, 30.0, 60.0, 80.0, 20.0, 20.0, 60.0, 480.0, 50.0, 85.0, 85.0, 30.0, 20.0, 20.0, 15.0, 45.0, 50.0, 70.0, 15.0, 85.0, 30.0, 20.0, 110.0, 35.0, 15.0, 55.0, 15.0, 360.0], "episode_types": ["t", "t", "t", "t", "t", "t", "t", "t", "t", "t", "t", "t", "t", "t", "t", "t", "t", "t", "t", "t", "t", "t", "t", "t", "t", "t", "t", "t", "t", "t", "t", "t", "t", "t", "t", "t", "t", "t", "t", "t", "t", "t", "t", "t", "t", "t", "t", "t", "t", "t", "t"]}