{"initial_reset_timestamp": 1620001268.5331187, "timestamps": [1620001270.7998807, 1620001274.5671284, 1620001275.8782287, 1620001277.0331407, 1620001279.6167946, 1620001280.941827, 1620001283.1442692, 1620001285.6202564, 1620001289.540917, 1620001291.69949, 1620001292.9240813, 1620001293.9794145, 1620001296.5925324, 1620001298.8459527, 1620001301.1511047, 1620001302.1555972, 1620001304.212394, 1620001305.3295174, 1620001307.6274083, 1620001310.2187264, 1620001312.5751853, 1620001314.8494334, 1620001317.2487843, 1620001318.3601718, 1620001321.0198927, 1620001324.46806, 1620001325.5501053, 1620001329.2504148, 1620001331.58828, 1620001334.3205082, 1620001335.6515453, 1620001338.9680436, 1620001341.4003508, 1620001342.567572, 1620001344.8917055, 1620001346.1287076, 1620001348.7663033, 1620001349.916918, 1620001352.1861029, 1620001353.483203, 1620001354.583707, 1620001355.5724719, 1620001357.714659, 1620001358.9444828, 1620001360.2258613, 1620001361.530721, 1620001362.71438, 1620001364.8844328, 1620001366.0995789, 1620001367.07184], "episode_lengths": [656, 1680, 898, 821, 1853, 949, 1578, 1778, 1817, 1528, 870, 742, 1879, 1619, 1636, 711, 1455, 790, 1639, 1864, 1677, 1626, 1715, 793, 1906, 2469, 768, 1667, 1649, 1949, 947, 2387, 1746, 824, 1660, 878, 1878, 821, 1605, 926, 778, 695, 1533, 876, 917, 936, 842, 1540, 859, 686], "episode_rewards": [545.0, 1120.0, 800.0, 600.0, 1230.0, 600.0, 1120.0, 1230.0, 1200.0, 1375.0, 575.0, 740.0, 1375.0, 1175.0, 1175.0, 545.0, 1055.0, 580.0, 1230.0, 1605.0, 1115.0, 1430.0, 1370.0, 600.0, 1170.0, 1830.0, 600.0, 1430.0, 1205.0, 1550.0, 600.0, 1830.0, 1230.0, 545.0, 1120.0, 600.0, 1360.0, 600.0, 1155.0, 570.0, 600.0, 540.0, 1145.0, 600.0, 800.0, 600.0, 600.0, 1095.0, 800.0, 540.0], "episode_types": ["t", "t", "t", "t", "t", "t", "t", "t", "t", "t", "t", "t", "t", "t", "t", "t", "t", "t", "t", "t", "t", "t", "t", "t", "t", "t", "t", "t", "t", "t", "t", "t", "t", "t", "t", "t", "t", "t", "t", "t", "t", "t", "t", "t", "t", "t", "t", "t", "t", "t", "t"]}