{"initial_reset_timestamp": 1620021117.5884998, "timestamps": [1620021119.5517879, 1620021120.837879, 1620021121.420886, 1620021121.9404361, 1620021122.6592534, 1620021123.6326952, 1620021125.4205484, 1620021126.423574, 1620021128.7625604, 1620021130.3371527, 1620021131.5138392, 1620021133.352349, 1620021134.2634928, 1620021135.917853, 1620021136.6520205, 1620021137.6488743, 1620021138.6571484, 1620021139.7089405, 1620021141.1206934, 1620021142.326358, 1620021143.6270735, 1620021144.6047273, 1620021146.0586324, 1620021146.6156325, 1620021148.1649497, 1620021149.761869, 1620021150.7078857, 1620021152.7528806, 1620021153.7853992, 1620021154.7629528, 1620021155.6615193, 1620021156.624682, 1620021157.5683835, 1620021158.5957236, 1620021160.1649134, 1620021161.1628277, 1620021161.7164526, 1620021163.3762927, 1620021164.777625, 1620021166.2255743, 1620021166.98672, 1620021168.0324955, 1620021169.3852458, 1620021170.363249, 1620021171.2912073, 1620021172.5896297, 1620021174.0028987, 1620021175.0072787, 1620021176.2580829, 1620021177.8029873], "episode_lengths": [666, 288, 284, 269, 378, 493, 917, 502, 836, 779, 620, 940, 472, 846, 382, 524, 532, 533, 701, 615, 683, 508, 765, 285, 811, 811, 493, 718, 507, 491, 475, 517, 492, 496, 844, 525, 292, 892, 717, 739, 398, 512, 675, 493, 487, 681, 743, 496, 620, 820], "episode_rewards": [105.0, 50.0, 65.0, 100.0, 50.0, 140.0, 260.0, 120.0, 455.0, 320.0, 230.0, 255.0, 100.0, 145.0, 45.0, 355.0, 100.0, 95.0, 210.0, 110.0, 215.0, 385.0, 145.0, 65.0, 175.0, 170.0, 65.0, 190.0, 195.0, 70.0, 70.0, 145.0, 130.0, 140.0, 300.0, 130.0, 85.0, 190.0, 170.0, 185.0, 65.0, 45.0, 345.0, 165.0, 70.0, 130.0, 240.0, 90.0, 215.0, 520.0], "episode_types": ["t", "t", "t", "t", "t", "t", "t", "t", "t", "t", "t", "t", "t", "t", "t", "t", "t", "t", "t", "t", "t", "t", "t", "t", "t", "t", "t", "t", "t", "t", "t", "t", "t", "t", "t", "t", "t", "t", "t", "t", "t", "t", "t", "t", "t", "t", "t", "t", "t", "t", "t"]}