{"initial_reset_timestamp": 1619993149.7797005, "timestamps": [1619993153.8727047, 1619993157.6874945, 1619993158.5905275, 1619993159.6877306, 1619993160.9644291, 1619993162.482365, 1619993163.4096622, 1619993165.636774, 1619993168.341968, 1619993169.8650012, 1619993172.2537584, 1619993173.5014017, 1619993174.4736748, 1619993175.737533, 1619993176.6862667, 1619993179.4269328, 1619993180.6172864, 1619993182.538312, 1619993183.8093798, 1619993185.7301295, 1619993187.032037, 1619993188.2213748, 1619993190.197467, 1619993191.1882248, 1619993193.8338637, 1619993195.1377096, 1619993196.3875792, 1619993200.2210739, 1619993201.5266693, 1619993203.3179944, 1619993204.5883427, 1619993205.7897835, 1619993206.8320892, 1619993208.8319297, 1619993210.1420753, 1619993212.1264172, 1619993214.4144852, 1619993215.419281, 1619993216.6430993, 1619993217.8399572, 1619993219.055338, 1619993221.4662592, 1619993222.8637645, 1619993224.1671908, 1619993226.7779071, 1619993228.0068676, 1619993228.970146, 1619993230.1625292, 1619993232.4650426, 1619993234.6683674], "episode_lengths": [1858, 1647, 592, 759, 887, 1063, 638, 1540, 924, 1055, 1661, 865, 672, 875, 649, 1924, 829, 1317, 890, 1324, 902, 825, 1359, 681, 1848, 913, 870, 1676, 901, 1236, 874, 836, 718, 1373, 907, 1372, 1600, 697, 852, 831, 849, 1662, 974, 901, 1819, 850, 653, 830, 1594, 1526], "episode_rewards": [1465.0, 1155.0, 410.0, 600.0, 770.0, 600.0, 570.0, 1440.0, 800.0, 600.0, 1135.0, 585.0, 540.0, 630.0, 575.0, 1400.0, 520.0, 940.0, 600.0, 795.0, 600.0, 775.0, 960.0, 665.0, 1405.0, 800.0, 545.0, 1200.0, 570.0, 1025.0, 715.0, 575.0, 775.0, 955.0, 570.0, 1335.0, 1200.0, 770.0, 770.0, 800.0, 600.0, 1375.0, 600.0, 600.0, 1050.0, 600.0, 455.0, 600.0, 1010.0, 950.0], "episode_types": ["t", "t", "t", "t", "t", "t", "t", "t", "t", "t", "t", "t", "t", "t", "t", "t", "t", "t", "t", "t", "t", "t", "t", "t", "t", "t", "t", "t", "t", "t", "t", "t", "t", "t", "t", "t", "t", "t", "t", "t", "t", "t", "t", "t", "t", "t", "t", "t", "t", "t", "t"]}