{"initial_reset_timestamp": 1619986562.5243912, "timestamps": [1619986564.3862543, 1619986566.3063502, 1619986567.107423, 1619986567.7896852, 1619986568.634896, 1619986569.54564, 1619986570.183631, 1619986571.098377, 1619986572.8874648, 1619986573.5461755, 1619986574.2478836, 1619986574.8401766, 1619986575.2474647, 1619986575.6624706, 1619986576.5115612, 1619986576.944626, 1619986577.3639739, 1619986577.9473176, 1619986578.7902994, 1619986579.6516993, 1619986580.1069086, 1619986581.2127063, 1619986582.1463687, 1619986582.5634367, 1619986582.9819636, 1619986583.4050815, 1619986584.4691696, 1619986586.1042566, 1619986586.5806217, 1619986587.0327866, 1619986588.0780761, 1619986588.6571345, 1619986589.1429672, 1619986590.0326757, 1619986590.809109, 1619986591.3309238, 1619986592.2935617, 1619986593.1540847, 1619986594.0169587, 1619986594.4766955, 1619986595.0784972, 1619986595.7551122, 1619986596.2328453, 1619986596.7186465, 1619986597.7846434, 1619986598.5720806, 1619986599.5206966, 1619986600.3779507, 1619986600.9383607, 1619986601.4072835], "episode_lengths": [681, 726, 622, 540, 664, 727, 504, 729, 627, 501, 544, 465, 318, 330, 677, 338, 329, 463, 676, 689, 354, 895, 740, 326, 328, 339, 869, 511, 366, 353, 833, 460, 384, 718, 614, 407, 770, 699, 694, 359, 478, 544, 374, 374, 863, 635, 758, 688, 450, 365], "episode_rewards": [200.0, 280.0, 275.0, 225.0, 135.0, 260.0, 130.0, 285.0, 310.0, 125.0, 225.0, 150.0, 80.0, 115.0, 320.0, 100.0, 45.0, 185.0, 505.0, 185.0, 85.0, 330.0, 220.0, 85.0, 115.0, 100.0, 510.0, 140.0, 120.0, 140.0, 420.0, 125.0, 170.0, 285.0, 450.0, 125.0, 490.0, 365.0, 290.0, 35.0, 115.0, 205.0, 115.0, 115.0, 385.0, 235.0, 285.0, 260.0, 130.0, 125.0], "episode_types": ["t", "t", "t", "t", "t", "t", "t", "t", "t", "t", "t", "t", "t", "t", "t", "t", "t", "t", "t", "t", "t", "t", "t", "t", "t", "t", "t", "t", "t", "t", "t", "t", "t", "t", "t", "t", "t", "t", "t", "t", "t", "t", "t", "t", "t", "t", "t", "t", "t", "t", "t"]}