{"initial_reset_timestamp": 1619992364.7922792, "timestamps": [1619992367.48377, 1619992371.2447035, 1619992373.1391182, 1619992374.5087922, 1619992375.7141988, 1619992377.1505888, 1619992378.5512846, 1619992379.689643, 1619992382.2922323, 1619992384.306494, 1619992385.4123151, 1619992386.6623352, 1619992388.018315, 1619992389.180495, 1619992390.48504, 1619992391.7554991, 1619992392.8207233, 1619992394.233391, 1619992395.338807, 1619992396.4963076, 1619992397.7250779, 1619992399.0406778, 1619992400.323659, 1619992401.3166614, 1619992402.4801064, 1619992403.8143694, 1619992406.0324404, 1619992409.2387955, 1619992410.4107184, 1619992411.6553514, 1619992413.0773432, 1619992414.328955, 1619992416.8648388, 1619992418.8786137, 1619992420.082231, 1619992421.3972454, 1619992423.0128696, 1619992424.3300111, 1619992425.5662766, 1619992426.6644335, 1619992427.7574239, 1619992429.1770325, 1619992430.4877927, 1619992432.2781146, 1619992434.2639706, 1619992436.0240793, 1619992437.2988586, 1619992438.66016, 1619992439.7519853, 1619992442.277312], "episode_lengths": [935, 1630, 1287, 955, 843, 1007, 979, 792, 865, 1373, 766, 871, 948, 810, 912, 887, 740, 986, 768, 807, 855, 921, 898, 688, 812, 940, 1549, 1269, 794, 869, 994, 881, 1767, 1399, 841, 924, 1115, 921, 867, 762, 756, 1001, 919, 1235, 1373, 1217, 893, 953, 755, 1784], "episode_rewards": [570.0, 1320.0, 1140.0, 800.0, 570.0, 575.0, 570.0, 605.0, 575.0, 970.0, 775.0, 575.0, 770.0, 600.0, 725.0, 570.0, 540.0, 575.0, 600.0, 570.0, 570.0, 600.0, 600.0, 540.0, 600.0, 570.0, 1075.0, 1005.0, 745.0, 600.0, 775.0, 600.0, 1180.0, 970.0, 545.0, 800.0, 790.0, 570.0, 600.0, 600.0, 600.0, 1000.0, 775.0, 1160.0, 925.0, 960.0, 570.0, 755.0, 525.0, 1350.0], "episode_types": ["t", "t", "t", "t", "t", "t", "t", "t", "t", "t", "t", "t", "t", "t", "t", "t", "t", "t", "t", "t", "t", "t", "t", "t", "t", "t", "t", "t", "t", "t", "t", "t", "t", "t", "t", "t", "t", "t", "t", "t", "t", "t", "t", "t", "t", "t", "t", "t", "t", "t", "t"]}