{"initial_reset_timestamp": 1619990392.9981837, "timestamps": [1619990395.7700245, 1619990398.5211272, 1619990399.8299477, 1619990401.15268, 1619990402.400077, 1619990403.5784912, 1619990404.6998405, 1619990405.962163, 1619990408.5963664, 1619990409.9211338, 1619990411.3038123, 1619990412.5847833, 1619990413.8549654, 1619990415.3056223, 1619990416.6107886, 1619990417.9609914, 1619990419.4721591, 1619990420.57962, 1619990422.261039, 1619990423.819534, 1619990424.9595795, 1619990425.912375, 1619990427.226262, 1619990428.799469, 1619990429.9859498, 1619990431.3627696, 1619990433.409514, 1619990435.9642882, 1619990437.3536704, 1619990438.6348577, 1619990440.025544, 1619990442.4938235, 1619990443.7264292, 1619990444.801197, 1619990446.0933561, 1619990447.5924027, 1619990449.078812, 1619990450.3266156, 1619990451.4368248, 1619990452.5151117, 1619990453.7400258, 1619990454.8752666, 1619990455.7547643, 1619990457.0400348, 1619990459.6165202, 1619990461.0129972, 1619990462.2218215, 1619990463.165853, 1619990464.5962594, 1619990465.484947], "episode_lengths": [938, 914, 862, 880, 835, 788, 745, 836, 832, 874, 921, 850, 850, 978, 884, 908, 1015, 730, 1136, 1050, 762, 628, 877, 1052, 793, 918, 1357, 793, 909, 855, 935, 1636, 828, 711, 861, 1014, 996, 830, 734, 710, 817, 757, 569, 859, 1769, 962, 835, 633, 986, 590], "episode_rewards": [600.0, 525.0, 515.0, 745.0, 1000.0, 545.0, 925.0, 750.0, 470.0, 545.0, 555.0, 925.0, 540.0, 600.0, 600.0, 520.0, 570.0, 580.0, 570.0, 545.0, 600.0, 515.0, 800.0, 575.0, 545.0, 770.0, 995.0, 555.0, 800.0, 975.0, 550.0, 1265.0, 600.0, 570.0, 570.0, 575.0, 575.0, 515.0, 545.0, 550.0, 600.0, 545.0, 410.0, 555.0, 1130.0, 800.0, 530.0, 410.0, 600.0, 395.0], "episode_types": ["t", "t", "t", "t", "t", "t", "t", "t", "t", "t", "t", "t", "t", "t", "t", "t", "t", "t", "t", "t", "t", "t", "t", "t", "t", "t", "t", "t", "t", "t", "t", "t", "t", "t", "t", "t", "t", "t", "t", "t", "t", "t", "t", "t", "t", "t", "t", "t", "t", "t", "t"]}