{"initial_reset_timestamp": 1619974089.186661, "timestamps": [1619974089.791442, 1619974091.2085145, 1619974091.9624124, 1619974092.6730802, 1619974093.3085158, 1619974093.6454844, 1619974094.1901617, 1619974094.5310488, 1619974096.0112848, 1619974097.3280065, 1619974098.0462425, 1619974098.7436893, 1619974099.1661513, 1619974099.4802492, 1619974100.467128, 1619974101.1102328, 1619974101.7220714, 1619974102.4490952, 1619974103.7567513, 1619974104.4947314, 1619974105.2153127, 1619974105.8041472, 1619974106.5368788, 1619974107.173814, 1619974107.7906008, 1619974108.6425943, 1619974109.233057, 1619974110.29331, 1619974110.9105263, 1619974111.516547, 1619974112.3514721, 1619974113.1973896, 1619974113.827637, 1619974114.1770236, 1619974114.7674556, 1619974115.405603, 1619974116.0822966, 1619974116.7354605, 1619974117.4663012, 1619974118.4737175, 1619974119.4120457, 1619974120.2106748, 1619974121.0152612, 1619974121.515004, 1619974122.1374662, 1619974122.6407545, 1619974123.154673, 1619974123.5178454, 1619974124.252539, 1619974124.9006062], "episode_lengths": [298, 794, 606, 583, 514, 268, 443, 273, 1005, 1086, 582, 568, 340, 253, 816, 520, 496, 592, 1087, 601, 584, 480, 598, 516, 503, 700, 483, 674, 506, 492, 680, 690, 508, 281, 482, 518, 556, 531, 597, 840, 785, 658, 659, 404, 509, 411, 420, 294, 597, 532], "episode_rewards": [50.0, 285.0, 250.0, 285.0, 135.0, 50.0, 50.0, 80.0, 335.0, 445.0, 115.0, 125.0, 70.0, 55.0, 295.0, 155.0, 105.0, 405.0, 255.0, 225.0, 360.0, 170.0, 305.0, 115.0, 175.0, 255.0, 185.0, 210.0, 215.0, 160.0, 135.0, 180.0, 160.0, 105.0, 170.0, 160.0, 215.0, 110.0, 180.0, 335.0, 280.0, 255.0, 205.0, 85.0, 130.0, 115.0, 215.0, 125.0, 155.0, 185.0], "episode_types": ["t", "t", "t", "t", "t", "t", "t", "t", "t", "t", "t", "t", "t", "t", "t", "t", "t", "t", "t", "t", "t", "t", "t", "t", "t", "t", "t", "t", "t", "t", "t", "t", "t", "t", "t", "t", "t", "t", "t", "t", "t", "t", "t", "t", "t", "t", "t", "t", "t", "t", "t"]}