{"initial_reset_timestamp": 1620002098.5567577, "timestamps": [1620002103.665882, 1620002106.0808144, 1620002108.3806257, 1620002110.4719934, 1620002111.535628, 1620002112.702921, 1620002114.9469476, 1620002116.2337198, 1620002119.763059, 1620002121.7889593, 1620002122.948346, 1620002124.0807428, 1620002125.136724, 1620002127.1269853, 1620002129.3113234, 1620002130.3988664, 1620002132.7563477, 1620002133.8746026, 1620002135.0598593, 1620002137.1546135, 1620002139.3753512, 1620002140.676875, 1620002141.7818673, 1620002142.8193595, 1620002145.287126, 1620002147.6209505, 1620002149.7012718, 1620002153.568396, 1620002154.6817474, 1620002156.9532099, 1620002159.2055907, 1620002160.4454515, 1620002161.4918795, 1620002163.9728186, 1620002166.2409856, 1620002168.4810867, 1620002169.5533187, 1620002170.6888149, 1620002171.8103921, 1620002172.9769225, 1620002175.2637143, 1620002176.5439215, 1620002177.7620165, 1620002178.804466, 1620002179.835832, 1620002180.824905, 1620002183.1316931, 1620002184.322196, 1620002186.4594762, 1620002188.9664516], "episode_lengths": [2633, 734, 1604, 1491, 746, 827, 1606, 917, 1527, 1413, 820, 806, 747, 1422, 1558, 775, 1701, 800, 845, 1497, 1585, 933, 788, 731, 1773, 1672, 1489, 1774, 772, 1633, 1611, 880, 735, 1764, 1624, 1594, 764, 805, 793, 827, 1641, 913, 864, 740, 734, 704, 1658, 850, 1521, 1803], "episode_rewards": [2260.0, 605.0, 1200.0, 1130.0, 495.0, 575.0, 1400.0, 575.0, 1145.0, 960.0, 800.0, 605.0, 575.0, 1200.0, 1235.0, 600.0, 1200.0, 600.0, 600.0, 1400.0, 1435.0, 600.0, 540.0, 605.0, 1230.0, 1570.0, 1175.0, 1310.0, 600.0, 1230.0, 1175.0, 600.0, 600.0, 1180.0, 1355.0, 1200.0, 600.0, 800.0, 600.0, 800.0, 1430.0, 515.0, 600.0, 600.0, 600.0, 770.0, 1205.0, 600.0, 1490.0, 1375.0], "episode_types": ["t", "t", "t", "t", "t", "t", "t", "t", "t", "t", "t", "t", "t", "t", "t", "t", "t", "t", "t", "t", "t", "t", "t", "t", "t", "t", "t", "t", "t", "t", "t", "t", "t", "t", "t", "t", "t", "t", "t", "t", "t", "t", "t", "t", "t", "t", "t", "t", "t", "t", "t"]}