{"initial_reset_timestamp": 1620020072.5942457, "timestamps": [1620020074.446033, 1620020076.2586286, 1620020077.6240385, 1620020079.0564444, 1620020080.2728798, 1620020081.443872, 1620020082.785423, 1620020083.9791806, 1620020085.5068853, 1620020086.9481437, 1620020088.2424054, 1620020089.6345975, 1620020091.0327353, 1620020092.4310532, 1620020093.8447382, 1620020095.2568552, 1620020096.6751938, 1620020098.0848694, 1620020099.483196, 1620020100.823481, 1620020102.2674627, 1620020103.6692734, 1620020104.8940299, 1620020106.294029, 1620020107.6871614, 1620020108.9920964, 1620020110.3557098, 1620020112.082129, 1620020113.3910582, 1620020114.5807998, 1620020115.9115746, 1620020117.4128797, 1620020118.7434237, 1620020120.052114, 1620020121.3633623, 1620020122.6723118, 1620020123.9917781, 1620020125.1461067, 1620020126.4751115, 1620020127.678155, 1620020128.88225, 1620020130.1185129, 1620020131.4959939, 1620020132.8625011, 1620020134.1733277, 1620020135.2958245, 1620020136.4285274, 1620020137.617306, 1620020138.9789088, 1620020140.2950447], "episode_lengths": [730, 745, 727, 730, 649, 631, 730, 649, 621, 729, 652, 729, 730, 729, 727, 732, 735, 730, 730, 693, 750, 730, 633, 730, 729, 676, 730, 727, 719, 652, 730, 801, 731, 730, 729, 730, 734, 643, 741, 655, 631, 648, 730, 730, 734, 619, 623, 633, 729, 729], "episode_rewards": [260.0, 260.0, 240.0, 260.0, 210.0, 210.0, 260.0, 210.0, 210.0, 260.0, 210.0, 260.0, 260.0, 260.0, 240.0, 260.0, 270.0, 260.0, 260.0, 245.0, 260.0, 260.0, 210.0, 260.0, 240.0, 235.0, 260.0, 240.0, 260.0, 210.0, 260.0, 315.0, 250.0, 260.0, 240.0, 260.0, 260.0, 180.0, 260.0, 180.0, 210.0, 210.0, 260.0, 260.0, 260.0, 210.0, 210.0, 210.0, 260.0, 260.0], "episode_types": ["t", "t", "t", "t", "t", "t", "t", "t", "t", "t", "t", "t", "t", "t", "t", "t", "t", "t", "t", "t", "t", "t", "t", "t", "t", "t", "t", "t", "t", "t", "t", "t", "t", "t", "t", "t", "t", "t", "t", "t", "t", "t", "t", "t", "t", "t", "t", "t", "t", "t", "t"]}