{"initial_reset_timestamp": 1619979885.820482, "timestamps": [1619979887.655302, 1619979889.1621895, 1619979889.9661949, 1619979890.4478626, 1619979890.7955236, 1619979891.442353, 1619979892.5732465, 1619979893.0423014, 1619979895.071698, 1619979896.0403428, 1619979896.9276075, 1619979897.8996909, 1619979898.842931, 1619979900.169169, 1619979900.9652307, 1619979901.5884473, 1619979902.3798678, 1619979903.79416, 1619979904.4128916, 1619979905.1295915, 1619979906.3770273, 1619979907.4783607, 1619979907.9205663, 1619979909.0407007, 1619979910.035012, 1619979910.484498, 1619979911.3960042, 1619979912.8102007, 1619979913.9910345, 1619979914.6097684, 1619979915.4134436, 1619979916.370463, 1619979917.0055952, 1619979917.4621098, 1619979918.8136995, 1619979919.4297874, 1619979919.9063404, 1619979920.479092, 1619979921.4031894, 1619979922.2352548, 1619979922.6830528, 1619979923.7050836, 1619979924.7054193, 1619979925.2836983, 1619979926.2865496, 1619979927.2835433, 1619979927.7532651, 1619979928.9171615, 1619979929.4054728, 1619979930.0027559], "episode_lengths": [678, 404, 645, 394, 284, 534, 951, 386, 851, 787, 740, 816, 779, 1120, 664, 517, 668, 1204, 517, 597, 1056, 926, 366, 943, 837, 369, 772, 363, 965, 505, 670, 801, 523, 374, 1141, 508, 391, 475, 777, 693, 372, 861, 844, 480, 845, 838, 390, 987, 406, 496], "episode_rewards": [415.0, 175.0, 245.0, 160.0, 60.0, 155.0, 425.0, 165.0, 280.0, 290.0, 230.0, 255.0, 180.0, 735.0, 360.0, 135.0, 225.0, 395.0, 165.0, 215.0, 240.0, 215.0, 200.0, 275.0, 335.0, 170.0, 590.0, 130.0, 295.0, 130.0, 215.0, 240.0, 130.0, 130.0, 220.0, 175.0, 140.0, 140.0, 285.0, 215.0, 135.0, 440.0, 265.0, 115.0, 225.0, 260.0, 170.0, 310.0, 165.0, 145.0], "episode_types": ["t", "t", "t", "t", "t", "t", "t", "t", "t", "t", "t", "t", "t", "t", "t", "t", "t", "t", "t", "t", "t", "t", "t", "t", "t", "t", "t", "t", "t", "t", "t", "t", "t", "t", "t", "t", "t", "t", "t", "t", "t", "t", "t", "t", "t", "t", "t", "t", "t", "t", "t"]}