{"initial_reset_timestamp": 1619969844.610189, "timestamps": [1619969845.746056, 1619969846.6391234, 1619969847.318234, 1619969848.1683848, 1619969848.8171868, 1619969849.4488237, 1619969850.4416316, 1619969850.9497752, 1619969852.0167944, 1619969852.652314, 1619969852.9930818, 1619969853.533455, 1619969854.2408535, 1619969855.1875691, 1619969855.797651, 1619969856.434275, 1619969857.3907104, 1619969858.3898206, 1619969858.9422736, 1619969859.4899883, 1619969860.1868267, 1619969861.170256, 1619969862.0633676, 1619969862.7794213, 1619969863.1605775, 1619969863.5073905, 1619969864.2262702, 1619969864.8193069, 1619969865.541247, 1619969866.1666114, 1619969866.9536517, 1619969867.68604, 1619969868.6416798, 1619969869.4074519, 1619969869.7740345, 1619969870.5527189, 1619969871.6758249, 1619969872.2629285, 1619969872.7698703, 1619969873.44123, 1619969873.9552624, 1619969874.6475437, 1619969875.3328652, 1619969875.673151, 1619969876.011487, 1619969876.6731446, 1619969877.2801185, 1619969878.0319724, 1619969878.8263938, 1619969879.5499072], "episode_lengths": [707, 512, 535, 702, 532, 522, 823, 412, 657, 497, 272, 434, 576, 782, 481, 509, 766, 808, 434, 432, 555, 787, 709, 568, 297, 267, 574, 273, 560, 499, 633, 583, 769, 611, 288, 628, 919, 474, 404, 541, 411, 557, 551, 268, 268, 529, 484, 603, 631, 584], "episode_rewards": [310.0, 100.0, 180.0, 315.0, 130.0, 195.0, 455.0, 130.0, 395.0, 95.0, 125.0, 140.0, 270.0, 360.0, 130.0, 180.0, 290.0, 310.0, 80.0, 155.0, 180.0, 245.0, 215.0, 250.0, 95.0, 50.0, 260.0, 100.0, 195.0, 130.0, 230.0, 255.0, 290.0, 265.0, 110.0, 260.0, 560.0, 180.0, 105.0, 155.0, 80.0, 215.0, 215.0, 50.0, 50.0, 160.0, 195.0, 210.0, 255.0, 255.0], "episode_types": ["t", "t", "t", "t", "t", "t", "t", "t", "t", "t", "t", "t", "t", "t", "t", "t", "t", "t", "t", "t", "t", "t", "t", "t", "t", "t", "t", "t", "t", "t", "t", "t", "t", "t", "t", "t", "t", "t", "t", "t", "t", "t", "t", "t", "t", "t", "t", "t", "t", "t", "t"]}