{"initial_reset_timestamp": 1619974814.4767654, "timestamps": [1619974816.522853, 1619974818.3432145, 1619974819.1769564, 1619974820.4492679, 1619974821.1094174, 1619974821.8943682, 1619974823.182125, 1619974823.9197304, 1619974825.7308757, 1619974826.3059, 1619974827.2149782, 1619974828.668703, 1619974829.3234627, 1619974830.4510505, 1619974831.238397, 1619974832.2882316, 1619974832.896052, 1619974833.800607, 1619974834.4226575, 1619974835.026894, 1619974836.144907, 1619974837.1614733, 1619974837.7928848, 1619974838.3970776, 1619974839.168198, 1619974839.980331, 1619974840.6765127, 1619974842.776233, 1619974843.7158961, 1619974845.18566, 1619974845.9841542, 1619974846.561644, 1619974847.1073482, 1619974847.7384076, 1619974848.8627803, 1619974849.7766926, 1619974850.4212708, 1619974851.0006819, 1619974851.5426912, 1619974852.3288865, 1619974853.2859948, 1619974854.0570796, 1619974854.6821861, 1619974855.35016, 1619974855.9758768, 1619974856.8179338, 1619974857.3970892, 1619974857.9224937, 1619974859.0694628, 1619974859.7265081], "episode_lengths": [626, 416, 645, 1030, 525, 626, 1040, 592, 431, 435, 736, 1206, 526, 921, 632, 850, 487, 728, 500, 484, 902, 823, 505, 487, 621, 650, 559, 647, 736, 1212, 639, 459, 436, 506, 915, 742, 518, 463, 435, 636, 773, 624, 505, 538, 505, 683, 464, 422, 931, 531], "episode_rewards": [130.0, 105.0, 135.0, 395.0, 120.0, 110.0, 480.0, 135.0, 105.0, 105.0, 330.0, 475.0, 135.0, 320.0, 110.0, 110.0, 110.0, 95.0, 105.0, 110.0, 355.0, 140.0, 90.0, 130.0, 110.0, 160.0, 110.0, 140.0, 145.0, 750.0, 130.0, 105.0, 105.0, 120.0, 430.0, 245.0, 110.0, 105.0, 110.0, 400.0, 165.0, 110.0, 120.0, 140.0, 110.0, 205.0, 105.0, 110.0, 255.0, 135.0], "episode_types": ["t", "t", "t", "t", "t", "t", "t", "t", "t", "t", "t", "t", "t", "t", "t", "t", "t", "t", "t", "t", "t", "t", "t", "t", "t", "t", "t", "t", "t", "t", "t", "t", "t", "t", "t", "t", "t", "t", "t", "t", "t", "t", "t", "t", "t", "t", "t", "t", "t", "t", "t"]}