{"initial_reset_timestamp": 1619972941.0926628, "timestamps": [1619972942.0003738, 1619972943.5275612, 1619972944.2351372, 1619972944.8354764, 1619972945.4758377, 1619972946.357036, 1619972946.956465, 1619972947.5554082, 1619972948.4544926, 1619972949.5641139, 1619972949.940287, 1619972950.9423482, 1619972951.57516, 1619972951.9066901, 1619972952.874515, 1619972953.4784908, 1619972954.505583, 1619972955.0169003, 1619972955.5375473, 1619972957.0110638, 1619972957.356297, 1619972957.9753323, 1619972958.8867843, 1619972959.502319, 1619972960.1403074, 1619972960.9713864, 1619972961.626278, 1619972963.0885537, 1619972963.9093804, 1619972964.5527868, 1619972965.4914796, 1619972966.160693, 1619972967.176318, 1619972968.2656054, 1619972968.6308467, 1619972969.7449243, 1619972970.3365078, 1619972971.2719064, 1619972971.7826893, 1619972972.2020755, 1619972972.8749535, 1619972973.4292903, 1619972973.916364, 1619972974.7975438, 1619972975.3920143, 1619972976.0424118, 1619972976.3754256, 1619972976.7436082, 1619972977.565065, 1619972978.5288935], "episode_lengths": [509, 978, 543, 477, 508, 705, 479, 475, 505, 878, 294, 808, 502, 261, 772, 479, 830, 406, 408, 1208, 273, 494, 739, 490, 505, 663, 520, 957, 636, 509, 754, 529, 817, 879, 288, 901, 468, 761, 403, 328, 533, 439, 383, 703, 467, 515, 259, 288, 650, 778], "episode_rewards": [215.0, 445.0, 30.0, 160.0, 135.0, 470.0, 190.0, 70.0, 210.0, 445.0, 120.0, 470.0, 210.0, 90.0, 460.0, 145.0, 265.0, 50.0, 10.0, 565.0, 100.0, 160.0, 280.0, 160.0, 180.0, 175.0, 215.0, 385.0, 265.0, 180.0, 275.0, 140.0, 245.0, 285.0, 125.0, 315.0, 100.0, 270.0, 105.0, 105.0, 215.0, 50.0, 95.0, 185.0, 230.0, 130.0, 65.0, 105.0, 200.0, 590.0], "episode_types": ["t", "t", "t", "t", "t", "t", "t", "t", "t", "t", "t", "t", "t", "t", "t", "t", "t", "t", "t", "t", "t", "t", "t", "t", "t", "t", "t", "t", "t", "t", "t", "t", "t", "t", "t", "t", "t", "t", "t", "t", "t", "t", "t", "t", "t", "t", "t", "t", "t", "t", "t"]}