{"initial_reset_timestamp": 1619987746.6601508, "timestamps": [1619987749.2053442, 1619987751.915186, 1619987753.2682648, 1619987754.580373, 1619987755.9325051, 1619987757.27464, 1619987758.5796607, 1619987760.0303354, 1619987762.6961277, 1619987764.065315, 1619987765.4195027, 1619987766.8449044, 1619987768.1925788, 1619987769.0267959, 1619987770.3591197, 1619987771.7589178, 1619987773.9021366, 1619987775.9630136, 1619987778.1688595, 1619987779.9525278, 1619987781.2578962, 1619987782.576134, 1619987783.3859072, 1619987784.6703064, 1619987785.998952, 1619987787.2809308, 1619987788.5829177, 1619987791.093711, 1619987793.6210604, 1619987794.9575853, 1619987796.255738, 1619987797.5799298, 1619987800.0834396, 1619987801.363015, 1619987802.6338158, 1619987803.9408214, 1619987805.2960954, 1619987806.617753, 1619987807.3950715, 1619987808.6847017, 1619987809.9804466, 1619987811.3151658, 1619987812.0824552, 1619987813.3914487, 1619987814.6989987, 1619987815.7902205, 1619987816.9223588, 1619987818.361539, 1619987819.6809938, 1619987821.0362923], "episode_lengths": [808, 898, 827, 818, 846, 833, 817, 910, 882, 835, 848, 889, 840, 518, 829, 599, 869, 836, 893, 835, 837, 850, 513, 813, 857, 825, 829, 821, 1632, 861, 829, 836, 1634, 826, 808, 835, 864, 843, 495, 830, 838, 852, 482, 840, 838, 702, 704, 900, 826, 843], "episode_rewards": [170.0, 245.0, 225.0, 140.0, 230.0, 185.0, 175.0, 465.0, 400.0, 235.0, 180.0, 245.0, 240.0, 150.0, 365.0, 200.0, 230.0, 160.0, 240.0, 215.0, 370.0, 240.0, 150.0, 190.0, 235.0, 125.0, 185.0, 220.0, 275.0, 190.0, 395.0, 210.0, 230.0, 380.0, 145.0, 380.0, 430.0, 185.0, 170.0, 170.0, 230.0, 435.0, 205.0, 395.0, 195.0, 135.0, 140.0, 450.0, 205.0, 130.0], "episode_types": ["t", "t", "t", "t", "t", "t", "t", "t", "t", "t", "t", "t", "t", "t", "t", "t", "t", "t", "t", "t", "t", "t", "t", "t", "t", "t", "t", "t", "t", "t", "t", "t", "t", "t", "t", "t", "t", "t", "t", "t", "t", "t", "t", "t", "t", "t", "t", "t", "t", "t", "t"]}